// 由 tools/genvlw.py 生成,请勿手工编辑。
// 字体: STHeiti Light.ttc  16px  字形数: 281  数据: 61134 字节
// 格式: TFT_eSPI 平滑字体(vlw),用 tft.loadFont(FontCXXX) 加载。
#pragma once
#include <pgmspace.h>

const uint8_t FontCN16[] PROGMEM = {
  0x00,0x00,0x01,0x19,0x00,0x00,0x00,0x0B,0x00,0x00,0x00,0x10,0x00,0x00,0x00,0x00,
  0x00,0x00,0x00,0x0E,0x00,0x00,0x00,0x02,0x00,0x00,0x00,0x20,0x00,0x00,0x00,0x00,
  0x00,0x00,0x00,0x00,0x00,0x00,0x00,0x04,0x00,0x00,0x00,0x00,0x00,0x00,0x00,0x00,
  0x00,0x00,0x00,0x00,0x00,0x00,0x00,0x21,0x00,0x00,0x00,0x0D,0x00,0x00,0x00,0x05,
  0x00,0x00,0x00,0x05,0x00,0x00,0x00,0x0D,0x00,0x00,0x00,0x00,0x00,0x00,0x00,0x00,
  0x00,0x00,0x00,0x22,0x00,0x00,0x00,0x0D,0x00,0x00,0x00,0x05,0x00,0x00,0x00,0x05,
  0x00,0x00,0x00,0x0D,0x00,0x00,0x00,0x00,0x00,0x00,0x00,0x00,0x00,0x00,0x00,0x23,
  0x00,0x00,0x00,0x0D,0x00,0x00,0x00,0x0C,0x00,0x00,0x00,0x0C,0x00,0x00,0x00,0x0D,
  0x00,0x00,0x00,0x00,0x00,0x00,0x00,0x00,0x00,0x00,0x00,0x24,0x00,0x00,0x00,0x0F,
  0x00,0x00,0x00,0x09,0x00,0x00,0x00,0x09,0x00,0x00,0x00,0x0E,0x00,0x00,0x00,0x00,
  0x00,0x00,0x00,0x00,0x00,0x00,0x00,0x25,0x00,0x00,0x00,0x0D,0x00,0x00,0x00,0x0D,
  0x00,0x00,0x00,0x0C,0x00,0x00,0x00,0x0D,0x00,0x00,0x00,0x00,0x00,0x00,0x00,0x00,
  0x00,0x00,0x00,0x26,0x00,0x00,0x00,0x0D,0x00,0x00,0x00,0x0C,0x00,0x00,0x00,0x0C,
  0x00,0x00,0x00,0x0D,0x00,0x00,0x00,0x00,0x00,0x00,0x00,0x00,0x00,0x00,0x00,0x27,
  0x00,0x00,0x00,0x0D,0x00,0x00,0x00,0x03,0x00,0x00,0x00,0x03,0x00,0x00,0x00,0x0D,
  0x00,0x00,0x00,0x00,0x00,0x00,0x00,0x00,0x00,0x00,0x00,0x28,0x00,0x00,0x00,0x0F,
  0x00,0x00,0x00,0x06,0x00,0x00,0x00,0x06,0x00,0x00,0x00,0x0D,0x00,0x00,0x00,0x00,
  0x00,0x00,0x00,0x00,0x00,0x00,0x00,0x29,0x00,0x00,0x00,0x0F,0x00,0x00,0x00,0x06,
  0x00,0x00,0x00,0x06,0x00,0x00,0x00,0x0D,0x00,0x00,0x00,0x00,0x00,0x00,0x00,0x00,
  0x00,0x00,0x00,0x2A,0x00,0x00,0x00,0x0D,0x00,0x00,0x00,0x07,0x00,0x00,0x00,0x07,
  0x00,0x00,0x00,0x0D,0x00,0x00,0x00,0x00,0x00,0x00,0x00,0x00,0x00,0x00,0x00,0x2B,
  0x00,0x00,0x00,0x0B,0x00,0x00,0x00,0x0A,0x00,0x00,0x00,0x0A,0x00,0x00,0x00,0x0B,
  0x00,0x00,0x00,0x00,0x00,0x00,0x00,0x00,0x00,0x00,0x00,0x2C,0x00,0x00,0x00,0x03,
  0x00,0x00,0x00,0x04,0x00,0x00,0x00,0x04,0x00,0x00,0x00,0x03,0x00,0x00,0x00,0x00,
  0x00,0x00,0x00,0x00,0x00,0x00,0x00,0x2D,0x00,0x00,0x00,0x06,0x00,0x00,0x00,0x05,
  0x00,0x00,0x00,0x05,0x00,0x00,0x00,0x06,0x00,0x00,0x00,0x00,0x00,0x00,0x00,0x00,
  0x00,0x00,0x00,0x2E,0x00,0x00,0x00,0x03,0x00,0x00,0x00,0x04,0x00,0x00,0x00,0x04,
  0x00,0x00,0x00,0x03,0x00,0x00,0x00,0x00,0x00,0x00,0x00,0x00,0x00,0x00,0x00,0x2F,
  0x00,0x00,0x00,0x0E,0x00,0x00,0x00,0x07,0x00,0x00,0x00,0x07,0x00,0x00,0x00,0x0D,
  0x00,0x00,0x00,0x00,0x00,0x00,0x00,0x00,0x00,0x00,0x00,0x30,0x00,0x00,0x00,0x0E,
  0x00,0x00,0x00,0x09,0x00,0x00,0x00,0x09,0x00,0x00,0x00,0x0E,0x00,0x00,0x00,0x00,
  0x00,0x00,0x00,0x00,0x00,0x00,0x00,0x31,0x00,0x00,0x00,0x0C,0x00,0x00,0x00,0x09,
  0x00,0x00,0x00,0x09,0x00,0x00,0x00,0x0C,0x00,0x00,0x00,0x00,0x00,0x00,0x00,0x00,
  0x00,0x00,0x00,0x32,0x00,0x00,0x00,0x0D,0x00,0x00,0x00,0x09,0x00,0x00,0x00,0x09,
  0x00,0x00,0x00,0x0D,0x00,0x00,0x00,0x00,0x00,0x00,0x00,0x00,0x00,0x00,0x00,0x33,
  0x00,0x00,0x00,0x0D,0x00,0x00,0x00,0x09,0x00,0x00,0x00,0x09,0x00,0x00,0x00,0x0D,
  0x00,0x00,0x00,0x00,0x00,0x00,0x00,0x00,0x00,0x00,0x00,0x34,0x00,0x00,0x00,0x0D,
  0x00,0x00,0x00,0x09,0x00,0x00,0x00,0x09,0x00,0x00,0x00,0x0D,0x00,0x00,0x00,0x00,
  0x00,0x00,0x00,0x00,0x00,0x00,0x00,0x35,0x00,0x00,0x00,0x0C,0x00,0x00,0x00,0x09,
  0x00,0x00,0x00,0x09,0x00,0x00,0x00,0x0C,0x00,0x00,0x00,0x00,0x00,0x00,0x00,0x00,
  0x00,0x00,0x00,0x36,0x00,0x00,0x00,0x0D,0x00,0x00,0x00,0x09,0x00,0x00,0x00,0x09,
  0x00,0x00,0x00,0x0D,0x00,0x00,0x00,0x00,0x00,0x00,0x00,0x00,0x00,0x00,0x00,0x37,
  0x00,0x00,0x00,0x0C,0x00,0x00,0x00,0x09,0x00,0x00,0x00,0x09,0x00,0x00,0x00,0x0C,
  0x00,0x00,0x00,0x00,0x00,0x00,0x00,0x00,0x00,0x00,0x00,0x38,0x00,0x00,0x00,0x0D,
  0x00,0x00,0x00,0x09,0x00,0x00,0x00,0x09,0x00,0x00,0x00,0x0D,0x00,0x00,0x00,0x00,
  0x00,0x00,0x00,0x00,0x00,0x00,0x00,0x39,0x00,0x00,0x00,0x0E,0x00,0x00,0x00,0x09,
  0x00,0x00,0x00,0x09,0x00,0x00,0x00,0x0E,0x00,0x00,0x00,0x00,0x00,0x00,0x00,0x00,
  0x00,0x00,0x00,0x3A,0x00,0x00,0x00,0x0A,0x00,0x00,0x00,0x04,0x00,0x00,0x00,0x04,
  0x00,0x00,0x00,0x0A,0x00,0x00,0x00,0x00,0x00,0x00,0x00,0x00,0x00,0x00,0x00,0x3B,
  0x00,0x00,0x00,0x0A,0x00,0x00,0x00,0x04,0x00,0x00,0x00,0x04,0x00,0x00,0x00,0x0A,
  0x00,0x00,0x00,0x00,0x00,0x00,0x00,0x00,0x00,0x00,0x00,0x3C,0x00,0x00,0x00,0x0B,
  0x00,0x00,0x00,0x0A,0x00,0x00,0x00,0x0A,0x00,0x00,0x00,0x0B,0x00,0x00,0x00,0x00,
  0x00,0x00,0x00,0x00,0x00,0x00,0x00,0x3D,0x00,0x00,0x00,0x09,0x00,0x00,0x00,0x0A,
  0x00,0x00,0x00,0x0A,0x00,0x00,0x00,0x09,0x00,0x00,0x00,0x00,0x00,0x00,0x00,0x00,
  0x00,0x00,0x00,0x3E,0x00,0x00,0x00,0x0B,0x00,0x00,0x00,0x0A,0x00,0x00,0x00,0x0A,
  0x00,0x00,0x00,0x0B,0x00,0x00,0x00,0x00,0x00,0x00,0x00,0x00,0x00,0x00,0x00,0x3F,
  0x00,0x00,0x00,0x0D,0x00,0x00,0x00,0x08,0x00,0x00,0x00,0x08,0x00,0x00,0x00,0x0D,
  0x00,0x00,0x00,0x00,0x00,0x00,0x00,0x00,0x00,0x00,0x00,0x40,0x00,0x00,0x00,0x0E,
  0x00,0x00,0x00,0x0E,0x00,0x00,0x00,0x0E,0x00,0x00,0x00,0x0E,0x00,0x00,0x00,0x00,
  0x00,0x00,0x00,0x00,0x00,0x00,0x00,0x41,0x00,0x00,0x00,0x0D,0x00,0x00,0x00,0x0C,
  0x00,0x00,0x00,0x0C,0x00,0x00,0x00,0x0D,0x00,0x00,0x00,0x00,0x00,0x00,0x00,0x00,
  0x00,0x00,0x00,0x42,0x00,0x00,0x00,0x0C,0x00,0x00,0x00,0x09,0x00,0x00,0x00,0x09,
  0x00,0x00,0x00,0x0C,0x00,0x00,0x00,0x00,0x00,0x00,0x00,0x00,0x00,0x00,0x00,0x43,
  0x00,0x00,0x00,0x0D,0x00,0x00,0x00,0x0D,0x00,0x00,0x00,0x0D,0x00,0x00,0x00,0x0D,
  0x00,0x00,0x00,0x00,0x00,0x00,0x00,0x00,0x00,0x00,0x00,0x44,0x00,0x00,0x00,0x0C,
  0x00,0x00,0x00,0x0C,0x00,0x00,0x00,0x0C,0x00,0x00,0x00,0x0C,0x00,0x00,0x00,0x00,
  0x00,0x00,0x00,0x00,0x00,0x00,0x00,0x45,0x00,0x00,0x00,0x0C,0x00,0x00,0x00,0x09,
  0x00,0x00,0x00,0x09,0x00,0x00,0x00,0x0C,0x00,0x00,0x00,0x00,0x00,0x00,0x00,0x00,
  0x00,0x00,0x00,0x46,0x00,0x00,0x00,0x0C,0x00,0x00,0x00,0x08,0x00,0x00,0x00,0x08,
  0x00,0x00,0x00,0x0C,0x00,0x00,0x00,0x00,0x00,0x00,0x00,0x00,0x00,0x00,0x00,0x47,
  0x00,0x00,0x00,0x0D,0x00,0x00,0x00,0x0E,0x00,0x00,0x00,0x0E,0x00,0x00,0x00,0x0D,
  0x00,0x00,0x00,0x00,0x00,0x00,0x00,0x00,0x00,0x00,0x00,0x48,0x00,0x00,0x00,0x0C,
  0x00,0x00,0x00,0x0B,0x00,0x00,0x00,0x0B,0x00,0x00,0x00,0x0C,0x00,0x00,0x00,0x00,
  0x00,0x00,0x00,0x00,0x00,0x00,0x00,0x49,0x00,0x00,0x00,0x0C,0x00,0x00,0x00,0x04,
  0x00,0x00,0x00,0x04,0x00,0x00,0x00,0x0C,0x00,0x00,0x00,0x00,0x00,0x00,0x00,0x00,
  0x00,0x00,0x00,0x4A,0x00,0x00,0x00,0x0C,0x00,0x00,0x00,0x08,0x00,0x00,0x00,0x08,
  0x00,0x00,0x00,0x0C,0x00,0x00,0x00,0x00,0x00,0x00,0x00,0x00,0x00,0x00,0x00,0x4B,
  0x00,0x00,0x00,0x0C,0x00,0x00,0x00,0x0A,0x00,0x00,0x00,0x09,0x00,0x00,0x00,0x0C,
  0x00,0x00,0x00,0x00,0x00,0x00,0x00,0x00,0x00,0x00,0x00,0x4C,0x00,0x00,0x00,0x0C,
  0x00,0x00,0x00,0x07,0x00,0x00,0x00,0x07,0x00,0x00,0x00,0x0C,0x00,0x00,0x00,0x00,
  0x00,0x00,0x00,0x00,0x00,0x00,0x00,0x4D,0x00,0x00,0x00,0x0C,0x00,0x00,0x00,0x0F,
  0x00,0x00,0x00,0x0F,0x00,0x00,0x00,0x0C,0x00,0x00,0x00,0x00,0x00,0x00,0x00,0x00,
  0x00,0x00,0x00,0x4E,0x00,0x00,0x00,0x0C,0x00,0x00,0x00,0x0C,0x00,0x00,0x00,0x0C,
  0x00,0x00,0x00,0x0C,0x00,0x00,0x00,0x00,0x00,0x00,0x00,0x00,0x00,0x00,0x00,0x4F,
  0x00,0x00,0x00,0x0D,0x00,0x00,0x00,0x0E,0x00,0x00,0x00,0x0E,0x00,0x00,0x00,0x0D,
  0x00,0x00,0x00,0x00,0x00,0x00,0x00,0x00,0x00,0x00,0x00,0x50,0x00,0x00,0x00,0x0C,
  0x00,0x00,0x00,0x09,0x00,0x00,0x00,0x09,0x00,0x00,0x00,0x0C,0x00,0x00,0x00,0x00,
  0x00,0x00,0x00,0x00,0x00,0x00,0x00,0x51,0x00,0x00,0x00,0x0E,0x00,0x00,0x00,0x0E,
  0x00,0x00,0x00,0x0E,0x00,0x00,0x00,0x0E,0x00,0x00,0x00,0x00,0x00,0x00,0x00,0x00,
  0x00,0x00,0x00,0x52,0x00,0x00,0x00,0x0C,0x00,0x00,0x00,0x0A,0x00,0x00,0x00,0x0A,
  0x00,0x00,0x00,0x0C,0x00,0x00,0x00,0x00,0x00,0x00,0x00,0x00,0x00,0x00,0x00,0x53,
  0x00,0x00,0x00,0x0D,0x00,0x00,0x00,0x08,0x00,0x00,0x00,0x08,0x00,0x00,0x00,0x0D,
  0x00,0x00,0x00,0x00,0x00,0x00,0x00,0x00,0x00,0x00,0x00,0x54,0x00,0x00,0x00,0x0C,
  0x00,0x00,0x00,0x07,0x00,0x00,0x00,0x07,0x00,0x00,0x00,0x0C,0x00,0x00,0x00,0x00,
  0x00,0x00,0x00,0x00,0x00,0x00,0x00,0x55,0x00,0x00,0x00,0x0C,0x00,0x00,0x00,0x0A,
  0x00,0x00,0x00,0x0A,0x00,0x00,0x00,0x0C,0x00,0x00,0x00,0x00,0x00,0x00,0x00,0x00,
  0x00,0x00,0x00,0x56,0x00,0x00,0x00,0x0C,0x00,0x00,0x00,0x0B,0x00,0x00,0x00,0x0B,
  0x00,0x00,0x00,0x0C,0x00,0x00,0x00,0x00,0x00,0x00,0x00,0x00,0x00,0x00,0x00,0x57,
  0x00,0x00,0x00,0x0C,0x00,0x00,0x00,0x0F,0x00,0x00,0x00,0x0F,0x00,0x00,0x00,0x0C,
  0x00,0x00,0x00,0x00,0x00,0x00,0x00,0x00,0x00,0x00,0x00,0x58,0x00,0x00,0x00,0x0C,
  0x00,0x00,0x00,0x0A,0x00,0x00,0x00,0x0A,0x00,0x00,0x00,0x0C,0x00,0x00,0x00,0x00,
  0x00,0x00,0x00,0x00,0x00,0x00,0x00,0x59,0x00,0x00,0x00,0x0C,0x00,0x00,0x00,0x09,
  0x00,0x00,0x00,0x09,0x00,0x00,0x00,0x0C,0x00,0x00,0x00,0x00,0x00,0x00,0x00,0x00,
  0x00,0x00,0x00,0x5A,0x00,0x00,0x00,0x0C,0x00,0x00,0x00,0x08,0x00,0x00,0x00,0x08,
  0x00,0x00,0x00,0x0C,0x00,0x00,0x00,0x00,0x00,0x00,0x00,0x00,0x00,0x00,0x00,0x5B,
  0x00,0x00,0x00,0x0F,0x00,0x00,0x00,0x06,0x00,0x00,0x00,0x06,0x00,0x00,0x00,0x0D,
  0x00,0x00,0x00,0x00,0x00,0x00,0x00,0x00,0x00,0x00,0x00,0x5C,0x00,0x00,0x00,0x0E,
  0x00,0x00,0x00,0x0A,0x00,0x00,0x00,0x0A,0x00,0x00,0x00,0x0D,0x00,0x00,0x00,0x00,
  0x00,0x00,0x00,0x00,0x00,0x00,0x00,0x5D,0x00,0x00,0x00,0x0F,0x00,0x00,0x00,0x06,
  0x00,0x00,0x00,0x06,0x00,0x00,0x00,0x0D,0x00,0x00,0x00,0x00,0x00,0x00,0x00,0x00,
  0x00,0x00,0x00,0x5E,0x00,0x00,0x00,0x0C,0x00,0x00,0x00,0x0B,0x00,0x00,0x00,0x0B,
  0x00,0x00,0x00,0x0C,0x00,0x00,0x00,0x00,0x00,0x00,0x00,0x00,0x00,0x00,0x00,0x5F,
  0x00,0x00,0x00,0x01,0x00,0x00,0x00,0x08,0x00,0x00,0x00,0x08,0x00,0x00,0x00,0x00,
  0x00,0x00,0x00,0x00,0x00,0x00,0x00,0x00,0x00,0x00,0x00,0x60,0x00,0x00,0x00,0x0D,
  0x00,0x00,0x00,0x06,0x00,0x00,0x00,0x06,0x00,0x00,0x00,0x0D,0x00,0x00,0x00,0x00,
  0x00,0x00,0x00,0x00,0x00,0x00,0x00,0x61,0x00,0x00,0x00,0x0A,0x00,0x00,0x00,0x0B,
  0x00,0x00,0x00,0x0B,0x00,0x00,0x00,0x0A,0x00,0x00,0x00,0x00,0x00,0x00,0x00,0x00,
  0x00,0x00,0x00,0x62,0x00,0x00,0x00,0x0D,0x00,0x00,0x00,0x0B,0x00,0x00,0x00,0x0B,
  0x00,0x00,0x00,0x0D,0x00,0x00,0x00,0x00,0x00,0x00,0x00,0x00,0x00,0x00,0x00,0x63,
  0x00,0x00,0x00,0x0A,0x00,0x00,0x00,0x0A,0x00,0x00,0x00,0x0A,0x00,0x00,0x00,0x0A,
  0x00,0x00,0x00,0x00,0x00,0x00,0x00,0x00,0x00,0x00,0x00,0x64,0x00,0x00,0x00,0x0D,
  0x00,0x00,0x00,0x0B,0x00,0x00,0x00,0x0B,0x00,0x00,0x00,0x0D,0x00,0x00,0x00,0x00,
  0x00,0x00,0x00,0x00,0x00,0x00,0x00,0x65,0x00,0x00,0x00,0x0A,0x00,0x00,0x00,0x0A,
  0x00,0x00,0x00,0x0A,0x00,0x00,0x00,0x0A,0x00,0x00,0x00,0x00,0x00,0x00,0x00,0x00,
  0x00,0x00,0x00,0x66,0x00,0x00,0x00,0x0D,0x00,0x00,0x00,0x05,0x00,0x00,0x00,0x05,
  0x00,0x00,0x00,0x0D,0x00,0x00,0x00,0x00,0x00,0x00,0x00,0x00,0x00,0x00,0x00,0x67,
  0x00,0x00,0x00,0x0C,0x00,0x00,0x00,0x0B,0x00,0x00,0x00,0x0B,0x00,0x00,0x00,0x0A,
  0x00,0x00,0x00,0x00,0x00,0x00,0x00,0x00,0x00,0x00,0x00,0x68,0x00,0x00,0x00,0x0D,
  0x00,0x00,0x00,0x0A,0x00,0x00,0x00,0x0A,0x00,0x00,0x00,0x0D,0x00,0x00,0x00,0x00,
  0x00,0x00,0x00,0x00,0x00,0x00,0x00,0x69,0x00,0x00,0x00,0x0D,0x00,0x00,0x00,0x03,
  0x00,0x00,0x00,0x03,0x00,0x00,0x00,0x0D,0x00,0x00,0x00,0x00,0x00,0x00,0x00,0x00,
  0x00,0x00,0x00,0x6A,0x00,0x00,0x00,0x0F,0x00,0x00,0x00,0x03,0x00,0x00,0x00,0x03,
  0x00,0x00,0x00,0x0D,0x00,0x00,0x00,0x00,0x00,0x00,0x00,0x00,0x00,0x00,0x00,0x6B,
  0x00,0x00,0x00,0x0D,0x00,0x00,0x00,0x08,0x00,0x00,0x00,0x08,0x00,0x00,0x00,0x0D,
  0x00,0x00,0x00,0x00,0x00,0x00,0x00,0x00,0x00,0x00,0x00,0x6C,0x00,0x00,0x00,0x0D,
  0x00,0x00,0x00,0x03,0x00,0x00,0x00,0x03,0x00,0x00,0x00,0x0D,0x00,0x00,0x00,0x00,
  0x00,0x00,0x00,0x00,0x00,0x00,0x00,0x6D,0x00,0x00,0x00,0x0A,0x00,0x00,0x00,0x0F,
  0x00,0x00,0x00,0x0F,0x00,0x00,0x00,0x0A,0x00,0x00,0x00,0x00,0x00,0x00,0x00,0x00,
  0x00,0x00,0x00,0x6E,0x00,0x00,0x00,0x0A,0x00,0x00,0x00,0x0A,0x00,0x00,0x00,0x0A,
  0x00,0x00,0x00,0x0A,0x00,0x00,0x00,0x00,0x00,0x00,0x00,0x00,0x00,0x00,0x00,0x6F,
  0x00,0x00,0x00,0x0A,0x00,0x00,0x00,0x0A,0x00,0x00,0x00,0x0A,0x00,0x00,0x00,0x0A,
  0x00,0x00,0x00,0x00,0x00,0x00,0x00,0x00,0x00,0x00,0x00,0x70,0x00,0x00,0x00,0x0C,
  0x00,0x00,0x00,0x0B,0x00,0x00,0x00,0x0B,0x00,0x00,0x00,0x0A,0x00,0x00,0x00,0x00,
  0x00,0x00,0x00,0x00,0x00,0x00,0x00,0x71,0x00,0x00,0x00,0x0C,0x00,0x00,0x00,0x0B,
  0x00,0x00,0x00,0x0B,0x00,0x00,0x00,0x0A,0x00,0x00,0x00,0x00,0x00,0x00,0x00,0x00,
  0x00,0x00,0x00,0x72,0x00,0x00,0x00,0x0A,0x00,0x00,0x00,0x05,0x00,0x00,0x00,0x05,
  0x00,0x00,0x00,0x0A,0x00,0x00,0x00,0x00,0x00,0x00,0x00,0x00,0x00,0x00,0x00,0x73,
  0x00,0x00,0x00,0x0A,0x00,0x00,0x00,0x06,0x00,0x00,0x00,0x06,0x00,0x00,0x00,0x0A,
  0x00,0x00,0x00,0x00,0x00,0x00,0x00,0x00,0x00,0x00,0x00,0x74,0x00,0x00,0x00,0x0D,
  0x00,0x00,0x00,0x06,0x00,0x00,0x00,0x05,0x00,0x00,0x00,0x0D,0x00,0x00,0x00,0x00,
  0x00,0x00,0x00,0x00,0x00,0x00,0x00,0x75,0x00,0x00,0x00,0x09,0x00,0x00,0x00,0x0A,
  0x00,0x00,0x00,0x0A,0x00,0x00,0x00,0x09,0x00,0x00,0x00,0x00,0x00,0x00,0x00,0x00,
  0x00,0x00,0x00,0x76,0x00,0x00,0x00,0x09,0x00,0x00,0x00,0x09,0x00,0x00,0x00,0x09,
  0x00,0x00,0x00,0x09,0x00,0x00,0x00,0x00,0x00,0x00,0x00,0x00,0x00,0x00,0x00,0x77,
  0x00,0x00,0x00,0x09,0x00,0x00,0x00,0x0E,0x00,0x00,0x00,0x0D,0x00,0x00,0x00,0x09,
  0x00,0x00,0x00,0x00,0x00,0x00,0x00,0x00,0x00,0x00,0x00,0x78,0x00,0x00,0x00,0x09,
  0x00,0x00,0x00,0x08,0x00,0x00,0x00,0x08,0x00,0x00,0x00,0x09,0x00,0x00,0x00,0x00,
  0x00,0x00,0x00,0x00,0x00,0x00,0x00,0x79,0x00,0x00,0x00,0x0B,0x00,0x00,0x00,0x09,
  0x00,0x00,0x00,0x09,0x00,0x00,0x00,0x09,0x00,0x00,0x00,0x00,0x00,0x00,0x00,0x00,
  0x00,0x00,0x00,0x7A,0x00,0x00,0x00,0x09,0x00,0x00,0x00,0x07,0x00,0x00,0x00,0x07,
  0x00,0x00,0x00,0x09,0x00,0x00,0x00,0x00,0x00,0x00,0x00,0x00,0x00,0x00,0x00,0x7B,
  0x00,0x00,0x00,0x0F,0x00,0x00,0x00,0x06,0x00,0x00,0x00,0x06,0x00,0x00,0x00,0x0D,
  0x00,0x00,0x00,0x00,0x00,0x00,0x00,0x00,0x00,0x00,0x00,0x7C,0x00,0x00,0x00,0x10,
  0x00,0x00,0x00,0x08,0x00,0x00,0x00,0x08,0x00,0x00,0x00,0x0E,0x00,0x00,0x00,0x00,
  0x00,0x00,0x00,0x00,0x00,0x00,0x00,0x7D,0x00,0x00,0x00,0x0F,0x00,0x00,0x00,0x06,
  0x00,0x00,0x00,0x06,0x00,0x00,0x00,0x0D,0x00,0x00,0x00,0x00,0x00,0x00,0x00,0x00,
  0x00,0x00,0x00,0x7E,0x00,0x00,0x00,0x08,0x00,0x00,0x00,0x0A,0x00,0x00,0x00,0x0A,
  0x00,0x00,0x00,0x08,0x00,0x00,0x00,0x00,0x00,0x00,0x00,0x00,0x00,0x00,0x00,0xB0,
  0x00,0x00,0x00,0x0D,0x00,0x00,0x00,0x10,0x00,0x00,0x00,0x10,0x00,0x00,0x00,0x0D,
  0x00,0x00,0x00,0x00,0x00,0x00,0x00,0x00,0x00,0x00,0x21,0x03,0x00,0x00,0x00,0x0D,
  0x00,0x00,0x00,0x10,0x00,0x00,0x00,0x10,0x00,0x00,0x00,0x0D,0x00,0x00,0x00,0x00,
  0x00,0x00,0x00,0x00,0x00,0x00,0x4E,0x00,0x00,0x00,0x00,0x07,0x00,0x00,0x00,0x10,
  0x00,0x00,0x00,0x10,0x00,0x00,0x00,0x07,0x00,0x00,0x00,0x00,0x00,0x00,0x00,0x00,
  0x00,0x00,0x4E,0x0A,0x00,0x00,0x00,0x0E,0x00,0x00,0x00,0x10,0x00,0x00,0x00,0x10,
  0x00,0x00,0x00,0x0D,0x00,0x00,0x00,0x00,0x00,0x00,0x00,0x00,0x00,0x00,0x4E,0x0B,
  0x00,0x00,0x00,0x0D,0x00,0x00,0x00,0x10,0x00,0x00,0x00,0x10,0x00,0x00,0x00,0x0C,
  0x00,0x00,0x00,0x00,0x00,0x00,0x00,0x00,0x00,0x00,0x4E,0x0D,0x00,0x00,0x00,0x0D,
  0x00,0x00,0x00,0x10,0x00,0x00,0x00,0x10,0x00,0x00,0x00,0x0C,0x00,0x00,0x00,0x00,
  0x00,0x00,0x00,0x00,0x00,0x00,0x4E,0x2D,0x00,0x00,0x00,0x0F,0x00,0x00,0x00,0x10,
  0x00,0x00,0x00,0x10,0x00,0x00,0x00,0x0D,0x00,0x00,0x00,0x00,0x00,0x00,0x00,0x00,
  0x00,0x00,0x4E,0x3B,0x00,0x00,0x00,0x0E,0x00,0x00,0x00,0x10,0x00,0x00,0x00,0x10,
  0x00,0x00,0x00,0x0D,0x00,0x00,0x00,0x00,0x00,0x00,0x00,0x00,0x00,0x00,0x4E,0xAE,
  0x00,0x00,0x00,0x0F,0x00,0x00,0x00,0x10,0x00,0x00,0x00,0x10,0x00,0x00,0x00,0x0D,
  0x00,0x00,0x00,0x00,0x00,0x00,0x00,0x00,0x00,0x00,0x4E,0xD3,0x00,0x00,0x00,0x0F,
  0x00,0x00,0x00,0x10,0x00,0x00,0x00,0x10,0x00,0x00,0x00,0x0D,0x00,0x00,0x00,0x00,
  0x00,0x00,0x00,0x00,0x00,0x00,0x4F,0x11,0x00,0x00,0x00,0x0F,0x00,0x00,0x00,0x10,
  0x00,0x00,0x00,0x10,0x00,0x00,0x00,0x0D,0x00,0x00,0x00,0x00,0x00,0x00,0x00,0x00,
  0x00,0x00,0x4F,0x20,0x00,0x00,0x00,0x10,0x00,0x00,0x00,0x10,0x00,0x00,0x00,0x10,
  0x00,0x00,0x00,0x0E,0x00,0x00,0x00,0x00,0x00,0x00,0x00,0x00,0x00,0x00,0x4F,0x4E,
  0x00,0x00,0x00,0x0F,0x00,0x00,0x00,0x10,0x00,0x00,0x00,0x10,0x00,0x00,0x00,0x0D,
  0x00,0x00,0x00,0x00,0x00,0x00,0x00,0x00,0x00,0x00,0x4F,0x4F,0x00,0x00,0x00,0x0E,
  0x00,0x00,0x00,0x10,0x00,0x00,0x00,0x10,0x00,0x00,0x00,0x0D,0x00,0x00,0x00,0x00,
  0x00,0x00,0x00,0x00,0x00,0x00,0x4F,0x59,0x00,0x00,0x00,0x0E,0x00,0x00,0x00,0x10,
  0x00,0x00,0x00,0x10,0x00,0x00,0x00,0x0D,0x00,0x00,0x00,0x00,0x00,0x00,0x00,0x00,
  0x00,0x00,0x4F,0x5C,0x00,0x00,0x00,0x0F,0x00,0x00,0x00,0x10,0x00,0x00,0x00,0x10,
  0x00,0x00,0x00,0x0D,0x00,0x00,0x00,0x00,0x00,0x00,0x00,0x00,0x00,0x00,0x4F,0xDD,
  0x00,0x00,0x00,0x0E,0x00,0x00,0x00,0x10,0x00,0x00,0x00,0x10,0x00,0x00,0x00,0x0D,
  0x00,0x00,0x00,0x00,0x00,0x00,0x00,0x00,0x00,0x00,0x4F,0xE1,0x00,0x00,0x00,0x0F,
  0x00,0x00,0x00,0x10,0x00,0x00,0x00,0x10,0x00,0x00,0x00,0x0D,0x00,0x00,0x00,0x00,
  0x00,0x00,0x00,0x00,0x00,0x00,0x4F,0xEE,0x00,0x00,0x00,0x0F,0x00,0x00,0x00,0x10,
  0x00,0x00,0x00,0x10,0x00,0x00,0x00,0x0D,0x00,0x00,0x00,0x00,0x00,0x00,0x00,0x00,
  0x00,0x00,0x50,0x19,0x00,0x00,0x00,0x0F,0x00,0x00,0x00,0x10,0x00,0x00,0x00,0x10,
  0x00,0x00,0x00,0x0D,0x00,0x00,0x00,0x00,0x00,0x00,0x00,0x00,0x00,0x00,0x50,0x5C,
  0x00,0x00,0x00,0x0F,0x00,0x00,0x00,0x10,0x00,0x00,0x00,0x10,0x00,0x00,0x00,0x0D,
  0x00,0x00,0x00,0x00,0x00,0x00,0x00,0x00,0x00,0x00,0x51,0x49,0x00,0x00,0x00,0x10,
  0x00,0x00,0x00,0x10,0x00,0x00,0x00,0x10,0x00,0x00,0x00,0x0E,0x00,0x00,0x00,0x00,
  0x00,0x00,0x00,0x00,0x00,0x00,0x51,0x73,0x00,0x00,0x00,0x0E,0x00,0x00,0x00,0x10,
  0x00,0x00,0x00,0x10,0x00,0x00,0x00,0x0D,0x00,0x00,0x00,0x00,0x00,0x00,0x00,0x00,
  0x00,0x00,0x51,0xC0,0x00,0x00,0x00,0x0F,0x00,0x00,0x00,0x10,0x00,0x00,0x00,0x10,
  0x00,0x00,0x00,0x0D,0x00,0x00,0x00,0x00,0x00,0x00,0x00,0x00,0x00,0x00,0x51,0xC6,
  0x00,0x00,0x00,0x0E,0x00,0x00,0x00,0x10,0x00,0x00,0x00,0x10,0x00,0x00,0x00,0x0D,
  0x00,0x00,0x00,0x00,0x00,0x00,0x00,0x00,0x00,0x00,0x51,0xFA,0x00,0x00,0x00,0x0F,
  0x00,0x00,0x00,0x10,0x00,0x00,0x00,0x10,0x00,0x00,0x00,0x0E,0x00,0x00,0x00,0x00,
  0x00,0x00,0x00,0x00,0x00,0x00,0x51,0xFB,0x00,0x00,0x00,0x10,0x00,0x00,0x00,0x10,
  0x00,0x00,0x00,0x10,0x00,0x00,0x00,0x0E,0x00,0x00,0x00,0x00,0x00,0x00,0x00,0x00,
  0x00,0x00,0x52,0x06,0x00,0x00,0x00,0x0D,0x00,0x00,0x00,0x10,0x00,0x00,0x00,0x10,
  0x00,0x00,0x00,0x0C,0x00,0x00,0x00,0x00,0x00,0x00,0x00,0x00,0x00,0x00,0x52,0x30,
  0x00,0x00,0x00,0x0F,0x00,0x00,0x00,0x10,0x00,0x00,0x00,0x10,0x00,0x00,0x00,0x0E,
  0x00,0x00,0x00,0x00,0x00,0x00,0x00,0x00,0x00,0x00,0x52,0x36,0x00,0x00,0x00,0x10,
  0x00,0x00,0x00,0x10,0x00,0x00,0x00,0x10,0x00,0x00,0x00,0x0E,0x00,0x00,0x00,0x00,
  0x00,0x00,0x00,0x00,0x00,0x00,0x52,0x4D,0x00,0x00,0x00,0x0E,0x00,0x00,0x00,0x10,
  0x00,0x00,0x00,0x10,0x00,0x00,0x00,0x0D,0x00,0x00,0x00,0x00,0x00,0x00,0x00,0x00,
  0x00,0x00,0x52,0x69,0x00,0x00,0x00,0x10,0x00,0x00,0x00,0x10,0x00,0x00,0x00,0x10,
  0x00,0x00,0x00,0x0E,0x00,0x00,0x00,0x00,0x00,0x00,0x00,0x00,0x00,0x00,0x52,0xA8,
  0x00,0x00,0x00,0x0E,0x00,0x00,0x00,0x10,0x00,0x00,0x00,0x10,0x00,0x00,0x00,0x0D,
  0x00,0x00,0x00,0x00,0x00,0x00,0x00,0x00,0x00,0x00,0x53,0x16,0x00,0x00,0x00,0x0F,
  0x00,0x00,0x00,0x10,0x00,0x00,0x00,0x10,0x00,0x00,0x00,0x0D,0x00,0x00,0x00,0x00,
  0x00,0x00,0x00,0x00,0x00,0x00,0x53,0x41,0x00,0x00,0x00,0x10,0x00,0x00,0x00,0x10,
  0x00,0x00,0x00,0x10,0x00,0x00,0x00,0x0E,0x00,0x00,0x00,0x00,0x00,0x00,0x00,0x00,
  0x00,0x00,0x53,0x55,0x00,0x00,0x00,0x0F,0x00,0x00,0x00,0x10,0x00,0x00,0x00,0x10,
  0x00,0x00,0x00,0x0D,0x00,0x00,0x00,0x00,0x00,0x00,0x00,0x00,0x00,0x00,0x53,0x70,
  0x00,0x00,0x00,0x0F,0x00,0x00,0x00,0x10,0x00,0x00,0x00,0x10,0x00,0x00,0x00,0x0D,
  0x00,0x00,0x00,0x00,0x00,0x00,0x00,0x00,0x00,0x00,0x53,0x82,0x00,0x00,0x00,0x0D,
  0x00,0x00,0x00,0x10,0x00,0x00,0x00,0x10,0x00,0x00,0x00,0x0C,0x00,0x00,0x00,0x00,
  0x00,0x00,0x00,0x00,0x00,0x00,0x53,0x8B,0x00,0x00,0x00,0x0D,0x00,0x00,0x00,0x10,
  0x00,0x00,0x00,0x10,0x00,0x00,0x00,0x0C,0x00,0x00,0x00,0x00,0x00,0x00,0x00,0x00,
  0x00,0x00,0x53,0xCD,0x00,0x00,0x00,0x0D,0x00,0x00,0x00,0x10,0x00,0x00,0x00,0x10,
  0x00,0x00,0x00,0x0C,0x00,0x00,0x00,0x00,0x00,0x00,0x00,0x00,0x00,0x00,0x53,0xD1,
  0x00,0x00,0x00,0x0E,0x00,0x00,0x00,0x10,0x00,0x00,0x00,0x10,0x00,0x00,0x00,0x0D,
  0x00,0x00,0x00,0x00,0x00,0x00,0x00,0x00,0x00,0x00,0x53,0xD6,0x00,0x00,0x00,0x0E,
  0x00,0x00,0x00,0x10,0x00,0x00,0x00,0x10,0x00,0x00,0x00,0x0C,0x00,0x00,0x00,0x00,
  0x00,0x00,0x00,0x00,0x00,0x00,0x53,0xF3,0x00,0x00,0x00,0x0E,0x00,0x00,0x00,0x10,
  0x00,0x00,0x00,0x10,0x00,0x00,0x00,0x0D,0x00,0x00,0x00,0x00,0x00,0x00,0x00,0x00,
  0x00,0x00,0x53,0xF7,0x00,0x00,0x00,0x0D,0x00,0x00,0x00,0x10,0x00,0x00,0x00,0x10,
  0x00,0x00,0x00,0x0C,0x00,0x00,0x00,0x00,0x00,0x00,0x00,0x00,0x00,0x00,0x54,0x0E,
  0x00,0x00,0x00,0x0F,0x00,0x00,0x00,0x10,0x00,0x00,0x00,0x10,0x00,0x00,0x00,0x0D,
  0x00,0x00,0x00,0x00,0x00,0x00,0x00,0x00,0x00,0x00,0x54,0x11,0x00,0x00,0x00,0x0E,
  0x00,0x00,0x00,0x10,0x00,0x00,0x00,0x10,0x00,0x00,0x00,0x0D,0x00,0x00,0x00,0x00,
  0x00,0x00,0x00,0x00,0x00,0x00,0x54,0x2F,0x00,0x00,0x00,0x0F,0x00,0x00,0x00,0x10,
  0x00,0x00,0x00,0x10,0x00,0x00,0x00,0x0D,0x00,0x00,0x00,0x00,0x00,0x00,0x00,0x00,
  0x00,0x00,0x54,0x4A,0x00,0x00,0x00,0x0F,0x00,0x00,0x00,0x10,0x00,0x00,0x00,0x10,
  0x00,0x00,0x00,0x0E,0x00,0x00,0x00,0x00,0x00,0x00,0x00,0x00,0x00,0x00,0x56,0x68,
  0x00,0x00,0x00,0x0E,0x00,0x00,0x00,0x10,0x00,0x00,0x00,0x10,0x00,0x00,0x00,0x0C,
  0x00,0x00,0x00,0x00,0x00,0x00,0x00,0x00,0x00,0x00,0x56,0xDE,0x00,0x00,0x00,0x0E,
  0x00,0x00,0x00,0x10,0x00,0x00,0x00,0x10,0x00,0x00,0x00,0x0C,0x00,0x00,0x00,0x00,
  0x00,0x00,0x00,0x00,0x00,0x00,0x58,0x83,0x00,0x00,0x00,0x0F,0x00,0x00,0x00,0x10,
  0x00,0x00,0x00,0x10,0x00,0x00,0x00,0x0D,0x00,0x00,0x00,0x00,0x00,0x00,0x00,0x00,
  0x00,0x00,0x58,0xF0,0x00,0x00,0x00,0x0F,0x00,0x00,0x00,0x10,0x00,0x00,0x00,0x10,
  0x00,0x00,0x00,0x0D,0x00,0x00,0x00,0x00,0x00,0x00,0x00,0x00,0x00,0x00,0x59,0x0D,
  0x00,0x00,0x00,0x0F,0x00,0x00,0x00,0x10,0x00,0x00,0x00,0x10,0x00,0x00,0x00,0x0D,
  0x00,0x00,0x00,0x00,0x00,0x00,0x00,0x00,0x00,0x00,0x59,0x29,0x00,0x00,0x00,0x0E,
  0x00,0x00,0x00,0x10,0x00,0x00,0x00,0x10,0x00,0x00,0x00,0x0C,0x00,0x00,0x00,0x00,
  0x00,0x00,0x00,0x00,0x00,0x00,0x5B,0x57,0x00,0x00,0x00,0x0F,0x00,0x00,0x00,0x10,
  0x00,0x00,0x00,0x10,0x00,0x00,0x00,0x0D,0x00,0x00,0x00,0x00,0x00,0x00,0x00,0x00,
  0x00,0x00,0x5B,0x58,0x00,0x00,0x00,0x0F,0x00,0x00,0x00,0x10,0x00,0x00,0x00,0x10,
  0x00,0x00,0x00,0x0D,0x00,0x00,0x00,0x00,0x00,0x00,0x00,0x00,0x00,0x00,0x5B,0x8C,
  0x00,0x00,0x00,0x0F,0x00,0x00,0x00,0x10,0x00,0x00,0x00,0x10,0x00,0x00,0x00,0x0D,
  0x00,0x00,0x00,0x00,0x00,0x00,0x00,0x00,0x00,0x00,0x5B,0x9A,0x00,0x00,0x00,0x0F,
  0x00,0x00,0x00,0x10,0x00,0x00,0x00,0x10,0x00,0x00,0x00,0x0D,0x00,0x00,0x00,0x00,
  0x00,0x00,0x00,0x00,0x00,0x00,0x5B,0xB9,0x00,0x00,0x00,0x0F,0x00,0x00,0x00,0x10,
  0x00,0x00,0x00,0x10,0x00,0x00,0x00,0x0D,0x00,0x00,0x00,0x00,0x00,0x00,0x00,0x00,
  0x00,0x00,0x5C,0x0F,0x00,0x00,0x00,0x10,0x00,0x00,0x00,0x10,0x00,0x00,0x00,0x10,
  0x00,0x00,0x00,0x0E,0x00,0x00,0x00,0x00,0x00,0x00,0x00,0x00,0x00,0x00,0x5C,0x31,
  0x00,0x00,0x00,0x0F,0x00,0x00,0x00,0x10,0x00,0x00,0x00,0x10,0x00,0x00,0x00,0x0D,
  0x00,0x00,0x00,0x00,0x00,0x00,0x00,0x00,0x00,0x00,0x5C,0x4F,0x00,0x00,0x00,0x0E,
  0x00,0x00,0x00,0x10,0x00,0x00,0x00,0x10,0x00,0x00,0x00,0x0C,0x00,0x00,0x00,0x00,
  0x00,0x00,0x00,0x00,0x00,0x00,0x5D,0xE5,0x00,0x00,0x00,0x0B,0x00,0x00,0x00,0x10,
  0x00,0x00,0x00,0x10,0x00,0x00,0x00,0x0B,0x00,0x00,0x00,0x00,0x00,0x00,0x00,0x00,
  0x00,0x00,0x5D,0xE6,0x00,0x00,0x00,0x0E,0x00,0x00,0x00,0x10,0x00,0x00,0x00,0x10,
  0x00,0x00,0x00,0x0D,0x00,0x00,0x00,0x00,0x00,0x00,0x00,0x00,0x00,0x00,0x5D,0xF2,
  0x00,0x00,0x00,0x0E,0x00,0x00,0x00,0x10,0x00,0x00,0x00,0x10,0x00,0x00,0x00,0x0C,
  0x00,0x00,0x00,0x00,0x00,0x00,0x00,0x00,0x00,0x00,0x5E,0x38,0x00,0x00,0x00,0x10,
  0x00,0x00,0x00,0x10,0x00,0x00,0x00,0x10,0x00,0x00,0x00,0x0E,0x00,0x00,0x00,0x00,
  0x00,0x00,0x00,0x00,0x00,0x00,0x5E,0x55,0x00,0x00,0x00,0x0F,0x00,0x00,0x00,0x10,
  0x00,0x00,0x00,0x10,0x00,0x00,0x00,0x0D,0x00,0x00,0x00,0x00,0x00,0x00,0x00,0x00,
  0x00,0x00,0x5E,0x76,0x00,0x00,0x00,0x0F,0x00,0x00,0x00,0x10,0x00,0x00,0x00,0x10,
  0x00,0x00,0x00,0x0D,0x00,0x00,0x00,0x00,0x00,0x00,0x00,0x00,0x00,0x00,0x5E,0x8A,
  0x00,0x00,0x00,0x0E,0x00,0x00,0x00,0x10,0x00,0x00,0x00,0x10,0x00,0x00,0x00,0x0D,
  0x00,0x00,0x00,0x00,0x00,0x00,0x00,0x00,0x00,0x00,0x5E,0xA6,0x00,0x00,0x00,0x0F,
  0x00,0x00,0x00,0x10,0x00,0x00,0x00,0x10,0x00,0x00,0x00,0x0D,0x00,0x00,0x00,0x00,
  0x00,0x00,0x00,0x00,0x00,0x00,0x5E,0xF6,0x00,0x00,0x00,0x0E,0x00,0x00,0x00,0x10,
  0x00,0x00,0x00,0x10,0x00,0x00,0x00,0x0D,0x00,0x00,0x00,0x00,0x00,0x00,0x00,0x00,
  0x00,0x00,0x5F,0x00,0x00,0x00,0x00,0x0E,0x00,0x00,0x00,0x10,0x00,0x00,0x00,0x10,
  0x00,0x00,0x00,0x0C,0x00,0x00,0x00,0x00,0x00,0x00,0x00,0x00,0x00,0x00,0x5F,0x31,
  0x00,0x00,0x00,0x0D,0x00,0x00,0x00,0x10,0x00,0x00,0x00,0x10,0x00,0x00,0x00,0x0C,
  0x00,0x00,0x00,0x00,0x00,0x00,0x00,0x00,0x00,0x00,0x5F,0x3A,0x00,0x00,0x00,0x0D,
  0x00,0x00,0x00,0x10,0x00,0x00,0x00,0x10,0x00,0x00,0x00,0x0C,0x00,0x00,0x00,0x00,
  0x00,0x00,0x00,0x00,0x00,0x00,0x5F,0x85,0x00,0x00,0x00,0x10,0x00,0x00,0x00,0x10,
  0x00,0x00,0x00,0x10,0x00,0x00,0x00,0x0E,0x00,0x00,0x00,0x00,0x00,0x00,0x00,0x00,
  0x00,0x00,0x60,0x01,0x00,0x00,0x00,0x0F,0x00,0x00,0x00,0x10,0x00,0x00,0x00,0x10,
  0x00,0x00,0x00,0x0D,0x00,0x00,0x00,0x00,0x00,0x00,0x00,0x00,0x00,0x00,0x60,0x62,
  0x00,0x00,0x00,0x0F,0x00,0x00,0x00,0x10,0x00,0x00,0x00,0x10,0x00,0x00,0x00,0x0D,
  0x00,0x00,0x00,0x00,0x00,0x00,0x00,0x00,0x00,0x00,0x61,0x1F,0x00,0x00,0x00,0x0F,
  0x00,0x00,0x00,0x10,0x00,0x00,0x00,0x10,0x00,0x00,0x00,0x0D,0x00,0x00,0x00,0x00,
  0x00,0x00,0x00,0x00,0x00,0x00,0x62,0x10,0x00,0x00,0x00,0x0F,0x00,0x00,0x00,0x10,
  0x00,0x00,0x00,0x10,0x00,0x00,0x00,0x0D,0x00,0x00,0x00,0x00,0x00,0x00,0x00,0x00,
  0x00,0x00,0x62,0x47,0x00,0x00,0x00,0x0E,0x00,0x00,0x00,0x10,0x00,0x00,0x00,0x10,
  0x00,0x00,0x00,0x0D,0x00,0x00,0x00,0x00,0x00,0x00,0x00,0x00,0x00,0x00,0x62,0x4B,
  0x00,0x00,0x00,0x0D,0x00,0x00,0x00,0x10,0x00,0x00,0x00,0x10,0x00,0x00,0x00,0x0C,
  0x00,0x00,0x00,0x00,0x00,0x00,0x00,0x00,0x00,0x00,0x62,0x53,0x00,0x00,0x00,0x0E,
  0x00,0x00,0x00,0x10,0x00,0x00,0x00,0x10,0x00,0x00,0x00,0x0D,0x00,0x00,0x00,0x00,
  0x00,0x00,0x00,0x00,0x00,0x00,0x62,0x67,0x00,0x00,0x00,0x0F,0x00,0x00,0x00,0x10,
  0x00,0x00,0x00,0x10,0x00,0x00,0x00,0x0E,0x00,0x00,0x00,0x00,0x00,0x00,0x00,0x00,
  0x00,0x00,0x62,0xA4,0x00,0x00,0x00,0x0F,0x00,0x00,0x00,0x10,0x00,0x00,0x00,0x10,
  0x00,0x00,0x00,0x0D,0x00,0x00,0x00,0x00,0x00,0x00,0x00,0x00,0x00,0x00,0x62,0xE9,
  0x00,0x00,0x00,0x10,0x00,0x00,0x00,0x10,0x00,0x00,0x00,0x10,0x00,0x00,0x00,0x0E,
  0x00,0x00,0x00,0x00,0x00,0x00,0x00,0x00,0x00,0x00,0x63,0x01,0x00,0x00,0x00,0x10,
  0x00,0x00,0x00,0x10,0x00,0x00,0x00,0x10,0x00,0x00,0x00,0x0E,0x00,0x00,0x00,0x00,
  0x00,0x00,0x00,0x00,0x00,0x00,0x63,0x09,0x00,0x00,0x00,0x0F,0x00,0x00,0x00,0x10,
  0x00,0x00,0x00,0x10,0x00,0x00,0x00,0x0E,0x00,0x00,0x00,0x00,0x00,0x00,0x00,0x00,
  0x00,0x00,0x63,0x62,0x00,0x00,0x00,0x10,0x00,0x00,0x00,0x10,0x00,0x00,0x00,0x10,
  0x00,0x00,0x00,0x0E,0x00,0x00,0x00,0x00,0x00,0x00,0x00,0x00,0x00,0x00,0x63,0x92,
  0x00,0x00,0x00,0x0F,0x00,0x00,0x00,0x10,0x00,0x00,0x00,0x10,0x00,0x00,0x00,0x0D,
  0x00,0x00,0x00,0x00,0x00,0x00,0x00,0x00,0x00,0x00,0x63,0xA5,0x00,0x00,0x00,0x10,
  0x00,0x00,0x00,0x10,0x00,0x00,0x00,0x10,0x00,0x00,0x00,0x0E,0x00,0x00,0x00,0x00,
  0x00,0x00,0x00,0x00,0x00,0x00,0x63,0xA7,0x00,0x00,0x00,0x10,0x00,0x00,0x00,0x10,
  0x00,0x00,0x00,0x10,0x00,0x00,0x00,0x0E,0x00,0x00,0x00,0x00,0x00,0x00,0x00,0x00,
  0x00,0x00,0x63,0xD0,0x00,0x00,0x00,0x0F,0x00,0x00,0x00,0x10,0x00,0x00,0x00,0x10,
  0x00,0x00,0x00,0x0E,0x00,0x00,0x00,0x00,0x00,0x00,0x00,0x00,0x00,0x00,0x64,0x78,
  0x00,0x00,0x00,0x10,0x00,0x00,0x00,0x10,0x00,0x00,0x00,0x10,0x00,0x00,0x00,0x0E,
  0x00,0x00,0x00,0x00,0x00,0x00,0x00,0x00,0x00,0x00,0x65,0x2F,0x00,0x00,0x00,0x0F,
  0x00,0x00,0x00,0x10,0x00,0x00,0x00,0x10,0x00,0x00,0x00,0x0D,0x00,0x00,0x00,0x00,
  0x00,0x00,0x00,0x00,0x00,0x00,0x65,0x39,0x00,0x00,0x00,0x0F,0x00,0x00,0x00,0x10,
  0x00,0x00,0x00,0x10,0x00,0x00,0x00,0x0D,0x00,0x00,0x00,0x00,0x00,0x00,0x00,0x00,
  0x00,0x00,0x65,0x45,0x00,0x00,0x00,0x0E,0x00,0x00,0x00,0x10,0x00,0x00,0x00,0x10,
  0x00,0x00,0x00,0x0D,0x00,0x00,0x00,0x00,0x00,0x00,0x00,0x00,0x00,0x00,0x65,0x87,
  0x00,0x00,0x00,0x0E,0x00,0x00,0x00,0x10,0x00,0x00,0x00,0x10,0x00,0x00,0x00,0x0D,
  0x00,0x00,0x00,0x00,0x00,0x00,0x00,0x00,0x00,0x00,0x65,0xB9,0x00,0x00,0x00,0x0E,
  0x00,0x00,0x00,0x10,0x00,0x00,0x00,0x10,0x00,0x00,0x00,0x0D,0x00,0x00,0x00,0x00,
  0x00,0x00,0x00,0x00,0x00,0x00,0x65,0xCB,0x00,0x00,0x00,0x0F,0x00,0x00,0x00,0x10,
  0x00,0x00,0x00,0x10,0x00,0x00,0x00,0x0D,0x00,0x00,0x00,0x00,0x00,0x00,0x00,0x00,
  0x00,0x00,0x65,0xF6,0x00,0x00,0x00,0x10,0x00,0x00,0x00,0x10,0x00,0x00,0x00,0x10,
  0x00,0x00,0x00,0x0E,0x00,0x00,0x00,0x00,0x00,0x00,0x00,0x00,0x00,0x00,0x66,0x0E,
  0x00,0x00,0x00,0x0E,0x00,0x00,0x00,0x10,0x00,0x00,0x00,0x10,0x00,0x00,0x00,0x0C,
  0x00,0x00,0x00,0x00,0x00,0x00,0x00,0x00,0x00,0x00,0x66,0x7A,0x00,0x00,0x00,0x0F,
  0x00,0x00,0x00,0x10,0x00,0x00,0x00,0x10,0x00,0x00,0x00,0x0D,0x00,0x00,0x00,0x00,
  0x00,0x00,0x00,0x00,0x00,0x00,0x66,0xF4,0x00,0x00,0x00,0x0D,0x00,0x00,0x00,0x10,
  0x00,0x00,0x00,0x10,0x00,0x00,0x00,0x0C,0x00,0x00,0x00,0x00,0x00,0x00,0x00,0x00,
  0x00,0x00,0x67,0x00,0x00,0x00,0x00,0x0E,0x00,0x00,0x00,0x10,0x00,0x00,0x00,0x10,
  0x00,0x00,0x00,0x0C,0x00,0x00,0x00,0x00,0x00,0x00,0x00,0x00,0x00,0x00,0x67,0x2A,
  0x00,0x00,0x00,0x0E,0x00,0x00,0x00,0x10,0x00,0x00,0x00,0x10,0x00,0x00,0x00,0x0D,
  0x00,0x00,0x00,0x00,0x00,0x00,0x00,0x00,0x00,0x00,0x67,0x2C,0x00,0x00,0x00,0x0F,
  0x00,0x00,0x00,0x10,0x00,0x00,0x00,0x10,0x00,0x00,0x00,0x0D,0x00,0x00,0x00,0x00,
  0x00,0x00,0x00,0x00,0x00,0x00,0x67,0x3A,0x00,0x00,0x00,0x0F,0x00,0x00,0x00,0x10,
  0x00,0x00,0x00,0x10,0x00,0x00,0x00,0x0D,0x00,0x00,0x00,0x00,0x00,0x00,0x00,0x00,
  0x00,0x00,0x67,0x50,0x00,0x00,0x00,0x0F,0x00,0x00,0x00,0x10,0x00,0x00,0x00,0x10,
  0x00,0x00,0x00,0x0E,0x00,0x00,0x00,0x00,0x00,0x00,0x00,0x00,0x00,0x00,0x67,0x5F,
  0x00,0x00,0x00,0x10,0x00,0x00,0x00,0x10,0x00,0x00,0x00,0x10,0x00,0x00,0x00,0x0E,
  0x00,0x00,0x00,0x00,0x00,0x00,0x00,0x00,0x00,0x00,0x67,0x7F,0x00,0x00,0x00,0x0F,
  0x00,0x00,0x00,0x10,0x00,0x00,0x00,0x10,0x00,0x00,0x00,0x0D,0x00,0x00,0x00,0x00,
  0x00,0x00,0x00,0x00,0x00,0x00,0x67,0xE5,0x00,0x00,0x00,0x0F,0x00,0x00,0x00,0x10,
  0x00,0x00,0x00,0x10,0x00,0x00,0x00,0x0E,0x00,0x00,0x00,0x00,0x00,0x00,0x00,0x00,
  0x00,0x00,0x68,0x07,0x00,0x00,0x00,0x0F,0x00,0x00,0x00,0x10,0x00,0x00,0x00,0x10,
  0x00,0x00,0x00,0x0D,0x00,0x00,0x00,0x00,0x00,0x00,0x00,0x00,0x00,0x00,0x68,0x21,
  0x00,0x00,0x00,0x0F,0x00,0x00,0x00,0x10,0x00,0x00,0x00,0x10,0x00,0x00,0x00,0x0D,
  0x00,0x00,0x00,0x00,0x00,0x00,0x00,0x00,0x00,0x00,0x68,0xC0,0x00,0x00,0x00,0x0F,
  0x00,0x00,0x00,0x10,0x00,0x00,0x00,0x10,0x00,0x00,0x00,0x0D,0x00,0x00,0x00,0x00,
  0x00,0x00,0x00,0x00,0x00,0x00,0x6B,0x62,0x00,0x00,0x00,0x0D,0x00,0x00,0x00,0x10,
  0x00,0x00,0x00,0x10,0x00,0x00,0x00,0x0D,0x00,0x00,0x00,0x00,0x00,0x00,0x00,0x00,
  0x00,0x00,0x6B,0x63,0x00,0x00,0x00,0x0D,0x00,0x00,0x00,0x10,0x00,0x00,0x00,0x10,
  0x00,0x00,0x00,0x0C,0x00,0x00,0x00,0x00,0x00,0x00,0x00,0x00,0x00,0x00,0x6C,0x14,
  0x00,0x00,0x00,0x0F,0x00,0x00,0x00,0x10,0x00,0x00,0x00,0x10,0x00,0x00,0x00,0x0D,
  0x00,0x00,0x00,0x00,0x00,0x00,0x00,0x00,0x00,0x00,0x6D,0x41,0x00,0x00,0x00,0x0F,
  0x00,0x00,0x00,0x10,0x00,0x00,0x00,0x10,0x00,0x00,0x00,0x0D,0x00,0x00,0x00,0x00,
  0x00,0x00,0x00,0x00,0x00,0x00,0x6D,0x4B,0x00,0x00,0x00,0x10,0x00,0x00,0x00,0x10,
  0x00,0x00,0x00,0x10,0x00,0x00,0x00,0x0E,0x00,0x00,0x00,0x00,0x00,0x00,0x00,0x00,
  0x00,0x00,0x6D,0x88,0x00,0x00,0x00,0x0E,0x00,0x00,0x00,0x10,0x00,0x00,0x00,0x10,
  0x00,0x00,0x00,0x0D,0x00,0x00,0x00,0x00,0x00,0x00,0x00,0x00,0x00,0x00,0x6E,0x29,
  0x00,0x00,0x00,0x0E,0x00,0x00,0x00,0x10,0x00,0x00,0x00,0x10,0x00,0x00,0x00,0x0D,
  0x00,0x00,0x00,0x00,0x00,0x00,0x00,0x00,0x00,0x00,0x6E,0x7F,0x00,0x00,0x00,0x0F,
  0x00,0x00,0x00,0x10,0x00,0x00,0x00,0x10,0x00,0x00,0x00,0x0D,0x00,0x00,0x00,0x00,
  0x00,0x00,0x00,0x00,0x00,0x00,0x6E,0xE4,0x00,0x00,0x00,0x0F,0x00,0x00,0x00,0x10,
  0x00,0x00,0x00,0x10,0x00,0x00,0x00,0x0E,0x00,0x00,0x00,0x00,0x00,0x00,0x00,0x00,
  0x00,0x00,0x70,0x6F,0x00,0x00,0x00,0x0F,0x00,0x00,0x00,0x10,0x00,0x00,0x00,0x10,
  0x00,0x00,0x00,0x0E,0x00,0x00,0x00,0x00,0x00,0x00,0x00,0x00,0x00,0x00,0x70,0xED,
  0x00,0x00,0x00,0x10,0x00,0x00,0x00,0x10,0x00,0x00,0x00,0x10,0x00,0x00,0x00,0x0E,
  0x00,0x00,0x00,0x00,0x00,0x00,0x00,0x00,0x00,0x00,0x71,0x67,0x00,0x00,0x00,0x0E,
  0x00,0x00,0x00,0x10,0x00,0x00,0x00,0x10,0x00,0x00,0x00,0x0C,0x00,0x00,0x00,0x00,
  0x00,0x00,0x00,0x00,0x00,0x00,0x72,0x48,0x00,0x00,0x00,0x0F,0x00,0x00,0x00,0x10,
  0x00,0x00,0x00,0x10,0x00,0x00,0x00,0x0D,0x00,0x00,0x00,0x00,0x00,0x00,0x00,0x00,
  0x00,0x00,0x72,0xB6,0x00,0x00,0x00,0x0E,0x00,0x00,0x00,0x10,0x00,0x00,0x00,0x10,
  0x00,0x00,0x00,0x0D,0x00,0x00,0x00,0x00,0x00,0x00,0x00,0x00,0x00,0x00,0x73,0xAF,
  0x00,0x00,0x00,0x0E,0x00,0x00,0x00,0x10,0x00,0x00,0x00,0x10,0x00,0x00,0x00,0x0C,
  0x00,0x00,0x00,0x00,0x00,0x00,0x00,0x00,0x00,0x00,0x75,0x28,0x00,0x00,0x00,0x0E,
  0x00,0x00,0x00,0x10,0x00,0x00,0x00,0x10,0x00,0x00,0x00,0x0C,0x00,0x00,0x00,0x00,
  0x00,0x00,0x00,0x00,0x00,0x00,0x75,0x35,0x00,0x00,0x00,0x0E,0x00,0x00,0x00,0x10,
  0x00,0x00,0x00,0x10,0x00,0x00,0x00,0x0D,0x00,0x00,0x00,0x00,0x00,0x00,0x00,0x00,
  0x00,0x00,0x76,0xEE,0x00,0x00,0x00,0x0E,0x00,0x00,0x00,0x10,0x00,0x00,0x00,0x10,
  0x00,0x00,0x00,0x0C,0x00,0x00,0x00,0x00,0x00,0x00,0x00,0x00,0x00,0x00,0x77,0x20,
  0x00,0x00,0x00,0x0E,0x00,0x00,0x00,0x10,0x00,0x00,0x00,0x10,0x00,0x00,0x00,0x0C,
  0x00,0x00,0x00,0x00,0x00,0x00,0x00,0x00,0x00,0x00,0x78,0x01,0x00,0x00,0x00,0x0E,
  0x00,0x00,0x00,0x10,0x00,0x00,0x00,0x10,0x00,0x00,0x00,0x0D,0x00,0x00,0x00,0x00,
  0x00,0x00,0x00,0x00,0x00,0x00,0x78,0x6E,0x00,0x00,0x00,0x0F,0x00,0x00,0x00,0x10,
  0x00,0x00,0x00,0x10,0x00,0x00,0x00,0x0D,0x00,0x00,0x00,0x00,0x00,0x00,0x00,0x00,
  0x00,0x00,0x79,0x3A,0x00,0x00,0x00,0x0E,0x00,0x00,0x00,0x10,0x00,0x00,0x00,0x10,
  0x00,0x00,0x00,0x0C,0x00,0x00,0x00,0x00,0x00,0x00,0x00,0x00,0x00,0x00,0x79,0x81,
  0x00,0x00,0x00,0x0F,0x00,0x00,0x00,0x10,0x00,0x00,0x00,0x10,0x00,0x00,0x00,0x0D,
  0x00,0x00,0x00,0x00,0x00,0x00,0x00,0x00,0x00,0x00,0x79,0xD2,0x00,0x00,0x00,0x0F,
  0x00,0x00,0x00,0x10,0x00,0x00,0x00,0x10,0x00,0x00,0x00,0x0D,0x00,0x00,0x00,0x00,
  0x00,0x00,0x00,0x00,0x00,0x00,0x7A,0x0D,0x00,0x00,0x00,0x0E,0x00,0x00,0x00,0x10,
  0x00,0x00,0x00,0x10,0x00,0x00,0x00,0x0D,0x00,0x00,0x00,0x00,0x00,0x00,0x00,0x00,
  0x00,0x00,0x7C,0xFB,0x00,0x00,0x00,0x0F,0x00,0x00,0x00,0x10,0x00,0x00,0x00,0x10,
  0x00,0x00,0x00,0x0D,0x00,0x00,0x00,0x00,0x00,0x00,0x00,0x00,0x00,0x00,0x7E,0xD3,
  0x00,0x00,0x00,0x0E,0x00,0x00,0x00,0x10,0x00,0x00,0x00,0x10,0x00,0x00,0x00,0x0D,
  0x00,0x00,0x00,0x00,0x00,0x00,0x00,0x00,0x00,0x00,0x7E,0xDC,0x00,0x00,0x00,0x0F,
  0x00,0x00,0x00,0x10,0x00,0x00,0x00,0x10,0x00,0x00,0x00,0x0D,0x00,0x00,0x00,0x00,
  0x00,0x00,0x00,0x00,0x00,0x00,0x7E,0xDF,0x00,0x00,0x00,0x0F,0x00,0x00,0x00,0x10,
  0x00,0x00,0x00,0x10,0x00,0x00,0x00,0x0D,0x00,0x00,0x00,0x00,0x00,0x00,0x00,0x00,
  0x00,0x00,0x7E,0xEA,0x00,0x00,0x00,0x0F,0x00,0x00,0x00,0x10,0x00,0x00,0x00,0x10,
  0x00,0x00,0x00,0x0D,0x00,0x00,0x00,0x00,0x00,0x00,0x00,0x00,0x00,0x00,0x7F,0x16,
  0x00,0x00,0x00,0x0E,0x00,0x00,0x00,0x10,0x00,0x00,0x00,0x10,0x00,0x00,0x00,0x0D,
  0x00,0x00,0x00,0x00,0x00,0x00,0x00,0x00,0x00,0x00,0x7F,0x51,0x00,0x00,0x00,0x0D,
  0x00,0x00,0x00,0x10,0x00,0x00,0x00,0x10,0x00,0x00,0x00,0x0C,0x00,0x00,0x00,0x00,
  0x00,0x00,0x00,0x00,0x00,0x00,0x7F,0x6E,0x00,0x00,0x00,0x0D,0x00,0x00,0x00,0x10,
  0x00,0x00,0x00,0x10,0x00,0x00,0x00,0x0C,0x00,0x00,0x00,0x00,0x00,0x00,0x00,0x00,
  0x00,0x00,0x80,0x17,0x00,0x00,0x00,0x0F,0x00,0x00,0x00,0x10,0x00,0x00,0x00,0x10,
  0x00,0x00,0x00,0x0D,0x00,0x00,0x00,0x00,0x00,0x00,0x00,0x00,0x00,0x00,0x80,0xFD,
  0x00,0x00,0x00,0x0E,0x00,0x00,0x00,0x10,0x00,0x00,0x00,0x10,0x00,0x00,0x00,0x0D,
  0x00,0x00,0x00,0x00,0x00,0x00,0x00,0x00,0x00,0x00,0x81,0xEA,0x00,0x00,0x00,0x0F,
  0x00,0x00,0x00,0x10,0x00,0x00,0x00,0x10,0x00,0x00,0x00,0x0D,0x00,0x00,0x00,0x00,
  0x00,0x00,0x00,0x00,0x00,0x00,0x82,0xAF,0x00,0x00,0x00,0x0F,0x00,0x00,0x00,0x10,
  0x00,0x00,0x00,0x10,0x00,0x00,0x00,0x0D,0x00,0x00,0x00,0x00,0x00,0x00,0x00,0x00,
  0x00,0x00,0x82,0xF1,0x00,0x00,0x00,0x0E,0x00,0x00,0x00,0x10,0x00,0x00,0x00,0x10,
  0x00,0x00,0x00,0x0D,0x00,0x00,0x00,0x00,0x00,0x00,0x00,0x00,0x00,0x00,0x87,0x02,
  0x00,0x00,0x00,0x10,0x00,0x00,0x00,0x10,0x00,0x00,0x00,0x10,0x00,0x00,0x00,0x0E,
  0x00,0x00,0x00,0x00,0x00,0x00,0x00,0x00,0x00,0x00,0x88,0x4C,0x00,0x00,0x00,0x0F,
  0x00,0x00,0x00,0x10,0x00,0x00,0x00,0x10,0x00,0x00,0x00,0x0D,0x00,0x00,0x00,0x00,
  0x00,0x00,0x00,0x00,0x00,0x00,0x89,0xD2,0x00,0x00,0x00,0x0E,0x00,0x00,0x00,0x10,
  0x00,0x00,0x00,0x10,0x00,0x00,0x00,0x0D,0x00,0x00,0x00,0x00,0x00,0x00,0x00,0x00,
  0x00,0x00,0x89,0xE6,0x00,0x00,0x00,0x0F,0x00,0x00,0x00,0x10,0x00,0x00,0x00,0x10,
  0x00,0x00,0x00,0x0D,0x00,0x00,0x00,0x00,0x00,0x00,0x00,0x00,0x00,0x00,0x8A,0x00,
  0x00,0x00,0x00,0x0F,0x00,0x00,0x00,0x10,0x00,0x00,0x00,0x10,0x00,0x00,0x00,0x0D,
  0x00,0x00,0x00,0x00,0x00,0x00,0x00,0x00,0x00,0x00,0x8B,0x66,0x00,0x00,0x00,0x0F,
  0x00,0x00,0x00,0x10,0x00,0x00,0x00,0x10,0x00,0x00,0x00,0x0D,0x00,0x00,0x00,0x00,
  0x00,0x00,0x00,0x00,0x00,0x00,0x8B,0xA4,0x00,0x00,0x00,0x0E,0x00,0x00,0x00,0x10,
  0x00,0x00,0x00,0x10,0x00,0x00,0x00,0x0D,0x00,0x00,0x00,0x00,0x00,0x00,0x00,0x00,
  0x00,0x00,0x8B,0xBE,0x00,0x00,0x00,0x0F,0x00,0x00,0x00,0x10,0x00,0x00,0x00,0x10,
  0x00,0x00,0x00,0x0D,0x00,0x00,0x00,0x00,0x00,0x00,0x00,0x00,0x00,0x00,0x8B,0xED,
  0x00,0x00,0x00,0x0F,0x00,0x00,0x00,0x10,0x00,0x00,0x00,0x10,0x00,0x00,0x00,0x0D,
  0x00,0x00,0x00,0x00,0x00,0x00,0x00,0x00,0x00,0x00,0x8B,0xEF,0x00,0x00,0x00,0x0F,
  0x00,0x00,0x00,0x10,0x00,0x00,0x00,0x10,0x00,0x00,0x00,0x0D,0x00,0x00,0x00,0x00,
  0x00,0x00,0x00,0x00,0x00,0x00,0x8B,0xF7,0x00,0x00,0x00,0x0F,0x00,0x00,0x00,0x10,
  0x00,0x00,0x00,0x10,0x00,0x00,0x00,0x0D,0x00,0x00,0x00,0x00,0x00,0x00,0x00,0x00,
  0x00,0x00,0x8F,0x6C,0x00,0x00,0x00,0x10,0x00,0x00,0x00,0x10,0x00,0x00,0x00,0x10,
  0x00,0x00,0x00,0x0E,0x00,0x00,0x00,0x00,0x00,0x00,0x00,0x00,0x00,0x00,0x8F,0x7D,
  0x00,0x00,0x00,0x0F,0x00,0x00,0x00,0x10,0x00,0x00,0x00,0x10,0x00,0x00,0x00,0x0D,
  0x00,0x00,0x00,0x00,0x00,0x00,0x00,0x00,0x00,0x00,0x8F,0x91,0x00,0x00,0x00,0x0F,
  0x00,0x00,0x00,0x10,0x00,0x00,0x00,0x10,0x00,0x00,0x00,0x0D,0x00,0x00,0x00,0x00,
  0x00,0x00,0x00,0x00,0x00,0x00,0x8F,0xC7,0x00,0x00,0x00,0x0F,0x00,0x00,0x00,0x10,
  0x00,0x00,0x00,0x10,0x00,0x00,0x00,0x0E,0x00,0x00,0x00,0x00,0x00,0x00,0x00,0x00,
  0x00,0x00,0x8F,0xD4,0x00,0x00,0x00,0x0D,0x00,0x00,0x00,0x10,0x00,0x00,0x00,0x10,
  0x00,0x00,0x00,0x0C,0x00,0x00,0x00,0x00,0x00,0x00,0x00,0x00,0x00,0x00,0x8F,0xDE,
  0x00,0x00,0x00,0x0F,0x00,0x00,0x00,0x10,0x00,0x00,0x00,0x10,0x00,0x00,0x00,0x0D,
  0x00,0x00,0x00,0x00,0x00,0x00,0x00,0x00,0x00,0x00,0x90,0x09,0x00,0x00,0x00,0x0F,
  0x00,0x00,0x00,0x10,0x00,0x00,0x00,0x10,0x00,0x00,0x00,0x0E,0x00,0x00,0x00,0x00,
  0x00,0x00,0x00,0x00,0x00,0x00,0x90,0x1F,0x00,0x00,0x00,0x0F,0x00,0x00,0x00,0x10,
  0x00,0x00,0x00,0x10,0x00,0x00,0x00,0x0E,0x00,0x00,0x00,0x00,0x00,0x00,0x00,0x00,
  0x00,0x00,0x91,0x4D,0x00,0x00,0x00,0x0D,0x00,0x00,0x00,0x10,0x00,0x00,0x00,0x10,
  0x00,0x00,0x00,0x0C,0x00,0x00,0x00,0x00,0x00,0x00,0x00,0x00,0x00,0x00,0x91,0xCF,
  0x00,0x00,0x00,0x0D,0x00,0x00,0x00,0x10,0x00,0x00,0x00,0x10,0x00,0x00,0x00,0x0C,
  0x00,0x00,0x00,0x00,0x00,0x00,0x00,0x00,0x00,0x00,0x95,0x19,0x00,0x00,0x00,0x0F,
  0x00,0x00,0x00,0x10,0x00,0x00,0x00,0x10,0x00,0x00,0x00,0x0E,0x00,0x00,0x00,0x00,
  0x00,0x00,0x00,0x00,0x00,0x00,0x95,0x2E,0x00,0x00,0x00,0x10,0x00,0x00,0x00,0x10,
  0x00,0x00,0x00,0x10,0x00,0x00,0x00,0x0E,0x00,0x00,0x00,0x00,0x00,0x00,0x00,0x00,
  0x00,0x00,0x95,0x7F,0x00,0x00,0x00,0x10,0x00,0x00,0x00,0x10,0x00,0x00,0x00,0x10,
  0x00,0x00,0x00,0x0E,0x00,0x00,0x00,0x00,0x00,0x00,0x00,0x00,0x00,0x00,0x95,0xED,
  0x00,0x00,0x00,0x0E,0x00,0x00,0x00,0x10,0x00,0x00,0x00,0x10,0x00,0x00,0x00,0x0D,
  0x00,0x00,0x00,0x00,0x00,0x00,0x00,0x00,0x00,0x00,0x95,0xF4,0x00,0x00,0x00,0x0F,
  0x00,0x00,0x00,0x10,0x00,0x00,0x00,0x10,0x00,0x00,0x00,0x0D,0x00,0x00,0x00,0x00,
  0x00,0x00,0x00,0x00,0x00,0x00,0x96,0x50,0x00,0x00,0x00,0x0E,0x00,0x00,0x00,0x10,
  0x00,0x00,0x00,0x10,0x00,0x00,0x00,0x0C,0x00,0x00,0x00,0x00,0x00,0x00,0x00,0x00,
  0x00,0x00,0x96,0x9C,0x00,0x00,0x00,0x0F,0x00,0x00,0x00,0x10,0x00,0x00,0x00,0x10,
  0x00,0x00,0x00,0x0D,0x00,0x00,0x00,0x00,0x00,0x00,0x00,0x00,0x00,0x00,0x97,0xF3,
  0x00,0x00,0x00,0x0F,0x00,0x00,0x00,0x10,0x00,0x00,0x00,0x10,0x00,0x00,0x00,0x0D,
  0x00,0x00,0x00,0x00,0x00,0x00,0x00,0x00,0x00,0x00,0x98,0x79,0x00,0x00,0x00,0x0F,
  0x00,0x00,0x00,0x10,0x00,0x00,0x00,0x10,0x00,0x00,0x00,0x0D,0x00,0x00,0x00,0x00,
  0x00,0x00,0x00,0x00,0x00,0x00,0x98,0x84,0x00,0x00,0x00,0x0E,0x00,0x00,0x00,0x10,
  0x00,0x00,0x00,0x10,0x00,0x00,0x00,0x0C,0x00,0x00,0x00,0x00,0x00,0x00,0x00,0x00,
  0x00,0x00,0x98,0xCE,0x00,0x00,0x00,0x0E,0x00,0x00,0x00,0x10,0x00,0x00,0x00,0x10,
  0x00,0x00,0x00,0x0C,0x00,0x00,0x00,0x00,0x00,0x00,0x00,0x00,0x00,0x00,0x9A,0xD8,
  0x00,0x00,0x00,0x0F,0x00,0x00,0x00,0x10,0x00,0x00,0x00,0x10,0x00,0x00,0x00,0x0D,
  0x00,0x00,0x00,0x00,0x00,0x00,0x00,0x00,0x00,0x00,0x9E,0x23,0x00,0x00,0x00,0x0E,
  0x00,0x00,0x00,0x10,0x00,0x00,0x00,0x10,0x00,0x00,0x00,0x0D,0x00,0x00,0x00,0x00,
  0x00,0x00,0x00,0x00,0x00,0x38,0xE8,0x00,0x00,0x00,0x38,0xE8,0x00,0x00,0x00,0x38,
  0xE8,0x00,0x00,0x00,0x38,0xE8,0x00,0x00,0x00,0x38,0xE8,0x00,0x00,0x00,0x38,0xE8,
  0x00,0x00,0x00,0x38,0xE8,0x00,0x00,0x00,0x38,0xE8,0x00,0x00,0x00,0x31,0xCE,0x00,
  0x00,0x00,0x00,0x00,0x00,0x00,0x00,0x36,0x9A,0x11,0x00,0x00,0x87,0xFF,0x3D,0x00,
  0x00,0x07,0x32,0x00,0x00,0x9B,0x81,0x00,0x93,0x8D,0x90,0x76,0x00,0x88,0x81,0x85,
  0x6B,0x00,0x7D,0x75,0x7A,0x61,0x00,0x72,0x69,0x00,0x00,0x00,0x00,0x00,0x00,0x00,
  0x00,0x00,0x00,0x00,0x00,0x00,0x00,0x00,0x00,0x00,0x00,0x00,0x00,0x00,0x00,0x00,
  0x00,0x00,0x00,0x00,0x00,0x00,0x00,0x00,0x00,0x00,0x00,0x00,0x00,0x00,0x00,0x00,
  0x00,0x00,0x00,0x00,0x00,0x00,0x00,0x00,0x00,0x00,0x82,0x52,0x00,0x11,0xCA,0x00,
  0x00,0x00,0x00,0x00,0x00,0x00,0xA5,0x30,0x00,0x35,0xA9,0x00,0x00,0x00,0x00,0x00,
  0x00,0x00,0xC8,0x0E,0x00,0x58,0x88,0x00,0x00,0x00,0x00,0x00,0x00,0x00,0xD7,0x00,
  0x00,0x7B,0x68,0x00,0x00,0x00,0x00,0x14,0xFF,0xFF,0xFF,0xFF,0xFF,0xFF,0xFF,0xFF,
  0x14,0x00,0x00,0x00,0x00,0x37,0xA3,0x00,0x00,0xC3,0x1B,0x00,0x00,0x00,0x00,0x00,
  0x00,0x6A,0x73,0x00,0x02,0xDF,0x00,0x00,0x00,0x00,0x00,0x90,0xFF,0xFF,0xFF,0xFF,
  0xFF,0xFF,0xFF,0xA0,0x00,0x00,0x00,0x00,0x00,0xB8,0x24,0x00,0x43,0xA1,0x00,0x00,
  0x00,0x00,0x00,0x00,0x00,0xD8,0x04,0x00,0x67,0x7D,0x00,0x00,0x00,0x00,0x00,0x00,
  0x06,0xD4,0x00,0x00,0x8B,0x59,0x00,0x00,0x00,0x00,0x00,0x00,0x29,0xB2,0x00,0x00,
  0xAE,0x35,0x00,0x00,0x00,0x00,0x00,0x00,0x00,0x00,0x00,0x00,0x00,0x00,0x00,0x00,
  0x00,0x00,0x00,0x00,0x00,0x2C,0xF0,0x00,0x00,0x00,0x00,0x00,0x00,0x00,0x2C,0xF0,
  0x00,0x00,0x00,0x00,0x00,0x26,0xA2,0xDE,0xFC,0xA5,0x3A,0x00,0x00,0x19,0xEB,0xAC,
  0x70,0xF5,0x9A,0xFC,0x54,0x00,0x53,0xE3,0x00,0x2C,0xF0,0x00,0x44,0x15,0x00,0x1A,
  0xF2,0x53,0x2C,0xF0,0x00,0x00,0x00,0x00,0x00,0x3B,0xDD,0xC6,0xF0,0x00,0x00,0x00,
  0x00,0x00,0x00,0x07,0x83,0xFF,0xA5,0x1B,0x00,0x00,0x00,0x00,0x00,0x2C,0xF7,0xCE,
  0xEC,0x3A,0x00,0x00,0x00,0x00,0x2C,0xF0,0x04,0x9F,0xE6,0x03,0x08,0x2A,0x00,0x2C,
  0xF0,0x00,0x2E,0xFF,0x16,0x69,0xEF,0x58,0x37,0xF0,0x23,0xBE,0xAB,0x00,0x00,0x61,
  0xCC,0xF6,0xFE,0xD9,0x75,0x04,0x00,0x00,0x00,0x00,0x2C,0xF0,0x00,0x00,0x00,0x00,
  0x00,0x00,0x00,0x2C,0xF0,0x00,0x00,0x00,0x00,0x00,0x01,0x37,0x47,0x1F,0x06,0x0A,
  0x2C,0x6E,0xD7,0x75,0x00,0x00,0x05,0xA7,0x67,0x5A,0xE1,0xFF,0xFE,0xE6,0xC4,0xCD,
  0x03,0x00,0x00,0x6A,0x75,0x00,0x00,0x54,0x88,0x01,0x00,0x8C,0x30,0x00,0x00,0x00,
  0x98,0x7A,0x00,0x00,0x5A,0xB8,0x00,0x3E,0x85,0x00,0x00,0x00,0x00,0x66,0xF3,0x75,
  0x69,0xE8,0x81,0x0B,0xB7,0x08,0x00,0x00,0x00,0x00,0x03,0xA3,0xFF,0xFF,0xB8,0x0B,
  0x93,0x3F,0x00,0x00,0x00,0x00,0x00,0x00,0x00,0x15,0x1A,0x00,0x42,0x98,0x00,0x00,
  0x01,0x00,0x00,0x00,0x00,0x00,0x00,0x00,0x0D,0xC5,0x0F,0x44,0xD9,0xF6,0xB4,0x17,
  0x00,0x00,0x00,0x00,0x00,0x99,0x50,0x17,0xE8,0x3D,0x04,0x81,0xB4,0x00,0x00,0x00,
  0x00,0x46,0xAA,0x00,0x4E,0xAD,0x00,0x00,0x03,0xF3,0x01,0x00,0x00,0x0E,0xD1,0x18,
  0x00,0x2F,0xDB,0x08,0x00,0x36,0xDA,0x00,0x00,0x00,0x9E,0x62,0x00,0x00,0x00,0x93,
  0xDA,0xA9,0xE7,0x47,0x00,0x00,0x4A,0xBD,0x00,0x00,0x00,0x00,0x00,0x32,0x52,0x1A,
  0x00,0x00,0x00,0x00,0x00,0x00,0x00,0x01,0x00,0x00,0x00,0x00,0x00,0x00,0x00,0x00,
  0x00,0x6F,0xE8,0xF9,0xB9,0x19,0x00,0x00,0x00,0x00,0x00,0x00,0x31,0xF5,0x3F,0x1D,
  0xB1,0xA3,0x00,0x00,0x00,0x00,0x00,0x00,0x3E,0xED,0x08,0x00,0x8B,0xAF,0x00,0x00,
  0x00,0x00,0x00,0x00,0x02,0xCA,0x91,0x4F,0xF4,0x37,0x00,0x00,0x00,0x00,0x00,0x00,
  0x00,0x22,0xF9,0xF4,0x4D,0x00,0x00,0x00,0x00,0x00,0x00,0x00,0x07,0xAD,0xE1,0xF2,
  0x50,0x00,0x00,0x00,0x00,0x00,0x00,0x00,0xAE,0xC5,0x13,0x49,0xF3,0x49,0x00,0x02,
  0x09,0x00,0x00,0x51,0xE6,0x0F,0x00,0x00,0x52,0xF3,0x4E,0xAF,0x9C,0x00,0x00,0x8E,
  0x99,0x00,0x00,0x00,0x00,0x75,0xFF,0xD1,0x14,0x00,0x00,0x6D,0xDB,0x14,0x00,0x06,
  0x6E,0xF1,0xB6,0xF6,0x44,0x00,0x00,0x07,0xB9,0xF1,0xC8,0xEF,0xD6,0x48,0x00,0x6D,
  0xF4,0x3A,0x00,0x00,0x00,0x30,0x4D,0x2F,0x01,0x00,0x00,0x00,0x0B,0x08,0x00,0xF7,
  0x21,0x00,0xEC,0x16,0x00,0xE1,0x0B,0x00,0xD5,0x01,0x00,0x00,0x00,0x00,0x00,0x00,
  0x00,0x00,0x00,0x00,0x00,0x00,0x00,0x00,0x00,0x00,0x00,0x00,0x00,0x00,0x00,0x00,
  0x00,0x00,0x00,0x00,0x00,0x00,0x00,0x00,0x88,0xBA,0x00,0x00,0x00,0x02,0xE4,0x51,
  0x00,0x00,0x00,0x33,0xF8,0x09,0x00,0x00,0x00,0x73,0xBE,0x00,0x00,0x00,0x00,0xA2,
  0x8E,0x00,0x00,0x00,0x00,0xC6,0x66,0x00,0x00,0x00,0x00,0xDB,0x51,0x00,0x00,0x00,
  0x00,0xE6,0x44,0x00,0x00,0x00,0x00,0xE7,0x46,0x00,0x00,0x00,0x00,0xDC,0x52,0x00,
  0x00,0x00,0x00,0xC4,0x6C,0x00,0x00,0x00,0x00,0xA1,0x8F,0x00,0x00,0x00,0x00,0x6D,
  0xC6,0x00,0x00,0x00,0x00,0x2C,0xFA,0x0E,0x00,0x00,0x00,0x00,0xD5,0x62,0x00,0x00,
  0xD5,0x6B,0x00,0x00,0x00,0x00,0x6B,0xCB,0x00,0x00,0x00,0x00,0x1C,0xFF,0x18,0x00,
  0x00,0x00,0x00,0xD6,0x59,0x00,0x00,0x00,0x00,0xA7,0x88,0x00,0x00,0x00,0x00,0x7F,
  0xAD,0x00,0x00,0x00,0x00,0x6A,0xC2,0x00,0x00,0x00,0x00,0x5C,0xCE,0x00,0x00,0x00,
  0x00,0x5F,0xCD,0x00,0x00,0x00,0x00,0x6A,0xC2,0x00,0x00,0x00,0x00,0x85,0xAA,0x00,
  0x00,0x00,0x00,0xA8,0x88,0x00,0x00,0x00,0x00,0xDF,0x54,0x00,0x00,0x00,0x21,0xFD,
  0x16,0x00,0x00,0x00,0x7A,0xBC,0x00,0x00,0x00,0x00,0x00,0x14,0xDA,0x00,0x00,0x00,
  0x16,0xA0,0x13,0xB9,0x27,0x9F,0x02,0x04,0x5B,0xB3,0xD7,0xB1,0x44,0x00,0x05,0x60,
  0xB9,0xD8,0xB6,0x49,0x00,0x15,0x9D,0x12,0xB9,0x26,0x9C,0x02,0x00,0x00,0x13,0xDB,
  0x00,0x00,0x00,0x00,0x00,0x00,0x00,0x00,0x00,0x00,0x00,0x00,0x00,0x00,0x00,0x00,
  0x00,0x00,0x00,0x00,0x00,0x00,0x00,0x00,0x00,0x00,0x00,0x00,0x00,0x00,0x00,0x00,
  0x00,0x00,0x00,0x00,0x00,0x00,0x00,0x00,0x00,0x00,0x00,0x00,0x00,0x00,0x00,0x00,
  0x00,0x00,0x00,0x00,0x00,0x00,0x00,0x00,0xB0,0x60,0x00,0x00,0x00,0x00,0x00,0x00,
  0x00,0x00,0xB0,0x60,0x00,0x00,0x00,0x00,0x00,0x00,0x00,0x00,0xB0,0x60,0x00,0x00,
  0x00,0x00,0x00,0x00,0x00,0x00,0xB0,0x60,0x00,0x00,0x00,0x00,0x1C,0xFF,0xFF,0xFF,
  0xFF,0xFF,0xFF,0xFF,0xCC,0x00,0x00,0x00,0x00,0x00,0xB0,0x60,0x00,0x00,0x00,0x00,
  0x00,0x00,0x00,0x00,0xB0,0x60,0x00,0x00,0x00,0x00,0x00,0x00,0x00,0x00,0xB0,0x60,
  0x00,0x00,0x00,0x00,0x00,0x00,0x00,0x00,0x00,0x00,0x00,0x00,0x00,0x00,0x00,0x00,
  0x00,0x00,0x00,0x00,0x00,0x00,0x00,0x00,0x00,0x00,0x00,0x00,0x00,0x00,0x00,0x00,
  0x00,0x00,0x00,0x09,0xCE,0x21,0x00,0x6F,0xB4,0x00,0x00,0xBD,0x20,0x00,0x7C,0xFF,
  0xFF,0xFF,0xCC,0x00,0x00,0x00,0x00,0x00,0x00,0x00,0x00,0x00,0x00,0x00,0x00,0x00,
  0x00,0x00,0x00,0x00,0x00,0x00,0x00,0x00,0x00,0x00,0x00,0x00,0x00,0x2D,0x9C,0x16,
  0x00,0x77,0xFF,0x4B,0x00,0x04,0x34,0x00,0x00,0x00,0x00,0x00,0x00,0xD7,0x5B,0x00,
  0x00,0x00,0x00,0x2F,0xF7,0x0D,0x00,0x00,0x00,0x00,0x86,0xAD,0x00,0x00,0x00,0x00,
  0x00,0xDC,0x56,0x00,0x00,0x00,0x00,0x34,0xF5,0x0A,0x00,0x00,0x00,0x00,0x8B,0xA8,
  0x00,0x00,0x00,0x00,0x01,0xE1,0x51,0x00,0x00,0x00,0x00,0x3A,0xF1,0x08,0x00,0x00,
  0x00,0x00,0x91,0xA2,0x00,0x00,0x00,0x00,0x02,0xE5,0x4B,0x00,0x00,0x00,0x00,0x3F,
  0xEE,0x06,0x00,0x00,0x00,0x00,0x96,0x9D,0x00,0x00,0x00,0x00,0x03,0xE9,0x46,0x00,
  0x00,0x00,0x00,0x44,0xEB,0x04,0x00,0x00,0x00,0x00,0x00,0x00,0x00,0x00,0x08,0x00,
  0x00,0x00,0x00,0x00,0x01,0x80,0xEE,0xFF,0xDA,0x4D,0x00,0x00,0x00,0x77,0xE7,0x4C,
  0x1D,0x65,0xF3,0x3D,0x00,0x06,0xF0,0x47,0x00,0x00,0x00,0x73,0xC5,0x00,0x3F,0xE3,
  0x00,0x00,0x00,0x00,0x0E,0xF9,0x17,0x66,0xB1,0x00,0x00,0x00,0x00,0x00,0xD4,0x42,
  0x76,0x9D,0x00,0x00,0x00,0x00,0x00,0xBE,0x55,0x76,0x9C,0x00,0x00,0x00,0x00,0x00,
  0xBD,0x54,0x64,0xAD,0x00,0x00,0x00,0x00,0x00,0xD2,0x41,0x3B,0xD8,0x00,0x00,0x00,
  0x00,0x0A,0xF7,0x14,0x04,0xEB,0x30,0x00,0x00,0x00,0x67,0xBE,0x00,0x00,0x6D,0xD5,
  0x30,0x07,0x4D,0xE9,0x35,0x00,0x00,0x00,0x70,0xDF,0xF8,0xCA,0x40,0x00,0x00,0x00,
  0x00,0x00,0x00,0x00,0x00,0x00,0x00,0x00,0x00,0x00,0x64,0xFF,0xFF,0x38,0x00,0x00,
  0x00,0x00,0x00,0x00,0x00,0xEC,0x38,0x00,0x00,0x00,0x00,0x00,0x00,0x00,0xEC,0x38,
  0x00,0x00,0x00,0x00,0x00,0x00,0x00,0xEC,0x38,0x00,0x00,0x00,0x00,0x00,0x00,0x00,
  0xEC,0x38,0x00,0x00,0x00,0x00,0x00,0x00,0x00,0xEC,0x38,0x00,0x00,0x00,0x00,0x00,
  0x00,0x00,0xEC,0x38,0x00,0x00,0x00,0x00,0x00,0x00,0x00,0xEC,0x38,0x00,0x00,0x00,
  0x00,0x00,0x00,0x00,0xEC,0x38,0x00,0x00,0x00,0x00,0x00,0x00,0x00,0xEC,0x38,0x00,
  0x00,0x00,0x00,0x00,0x00,0x00,0xEC,0x38,0x00,0x00,0x00,0x00,0x00,0x00,0x00,0x00,
  0x00,0x00,0x00,0x00,0x00,0x00,0x1B,0x82,0xA3,0x80,0x1E,0x00,0x00,0x00,0x34,0xEE,
  0xA8,0x78,0xAC,0xF2,0x43,0x00,0x00,0xD4,0x76,0x00,0x00,0x00,0x74,0xDC,0x00,0x26,
  0xFA,0x09,0x00,0x00,0x00,0x0C,0xFF,0x17,0x0D,0x31,0x00,0x00,0x00,0x00,0x1D,0xFC,
  0x07,0x00,0x00,0x00,0x00,0x00,0x00,0x95,0xA6,0x00,0x00,0x00,0x00,0x00,0x00,0x60,
  0xE9,0x18,0x00,0x00,0x00,0x00,0x00,0x4B,0xF2,0x39,0x00,0x00,0x00,0x00,0x00,0x3F,
  0xF2,0x4E,0x00,0x00,0x00,0x00,0x00,0x36,0xF1,0x5D,0x00,0x00,0x00,0x00,0x00,0x2C,
  0xED,0x6E,0x00,0x00,0x00,0x00,0x00,0x24,0xE7,0xFF,0xFF,0xFF,0xFF,0xFF,0xFF,0x48,
  0x00,0x00,0x00,0x00,0x00,0x00,0x00,0x00,0x00,0x00,0x00,0x4A,0xBA,0xD3,0xA3,0x22,
  0x00,0x00,0x00,0x54,0xF4,0x6F,0x47,0x98,0xEB,0x1C,0x00,0x00,0xD9,0x68,0x00,0x00,
  0x00,0xC0,0x7C,0x00,0x00,0x10,0x02,0x00,0x00,0x00,0xB3,0x8B,0x00,0x00,0x00,0x00,
  0x00,0x18,0x7C,0xF4,0x2B,0x00,0x00,0x00,0x00,0x40,0xFF,0xFF,0x8E,0x01,0x00,0x00,
  0x00,0x00,0x01,0x1B,0x5E,0xE5,0x8D,0x00,0x00,0x00,0x00,0x00,0x00,0x00,0x35,0xFC,
  0x18,0x00,0x00,0x00,0x00,0x00,0x00,0x00,0xEE,0x38,0x41,0xDE,0x01,0x00,0x00,0x00,
  0x14,0xF7,0x11,0x01,0xC1,0x81,0x02,0x00,0x11,0xB6,0x7E,0x00,0x00,0x11,0x92,0xC9,
  0xC8,0xCA,0x66,0x00,0x00,0x00,0x00,0x00,0x00,0x00,0x00,0x00,0x00,0x00,0x00,0x00,
  0x00,0x00,0x00,0x00,0x85,0x0C,0x00,0x00,0x00,0x00,0x00,0x00,0x39,0xFC,0x0C,0x00,
  0x00,0x00,0x00,0x00,0x0B,0xDB,0xFF,0x0C,0x00,0x00,0x00,0x00,0x00,0x98,0xD2,0xFF,
  0x0C,0x00,0x00,0x00,0x00,0x49,0xEF,0x36,0xFF,0x0C,0x00,0x00,0x00,0x13,0xE6,0x5C,
  0x18,0xFF,0x0C,0x00,0x00,0x00,0xAB,0xAA,0x00,0x18,0xFF,0x0C,0x00,0x00,0x5D,0xE5,
  0x12,0x00,0x18,0xFF,0x0C,0x00,0x1D,0xF0,0xEF,0xE3,0xEF,0xFB,0xFF,0xFF,0x70,0x21,
  0x3A,0x2D,0x20,0x12,0x1D,0xFF,0x0C,0x00,0x00,0x00,0x00,0x00,0x00,0x18,0xFF,0x0C,
  0x00,0x00,0x00,0x00,0x00,0x00,0x18,0xFF,0x0C,0x00,0x00,0x00,0x00,0x00,0x00,0x00,
  0x00,0x00,0x00,0x00,0x00,0x36,0xFF,0xFF,0xFF,0xFF,0xE0,0x00,0x00,0x00,0x69,0xAE,
  0x00,0x00,0x00,0x00,0x00,0x00,0x00,0x9C,0x7C,0x00,0x00,0x00,0x00,0x00,0x00,0x00,
  0xCF,0x63,0x3C,0x1F,0x00,0x00,0x00,0x00,0x07,0xF9,0xDF,0xCE,0xF4,0xB4,0x14,0x00,
  0x00,0x0A,0x1E,0x00,0x00,0x12,0xBD,0xB3,0x00,0x00,0x00,0x00,0x00,0x00,0x00,0x2A,
  0xFE,0x10,0x00,0x00,0x00,0x00,0x00,0x00,0x13,0xFF,0x20,0x31,0xF1,0x0D,0x00,0x00,
  0x00,0x60,0xEB,0x03,0x01,0xC3,0xB5,0x23,0x0F,0x5F,0xF1,0x64,0x00,0x00,0x13,0x99,
  0xE7,0xF8,0xCD,0x56,0x00,0x00,0x00,0x00,0x00,0x00,0x00,0x00,0x00,0x00,0x00,0x00,
  0x00,0x00,0x00,0x00,0x75,0x7B,0x00,0x00,0x00,0x00,0x00,0x00,0x29,0xF5,0x3C,0x00,
  0x00,0x00,0x00,0x00,0x03,0xC9,0x91,0x00,0x00,0x00,0x00,0x00,0x00,0x78,0xDE,0x0B,
  0x00,0x00,0x00,0x00,0x00,0x2A,0xF7,0x42,0x00,0x00,0x00,0x00,0x00,0x02,0xC8,0xF3,
  0xD2,0xD3,0x6D,0x00,0x00,0x00,0x60,0xFF,0xB0,0x6C,0x99,0xFC,0x6F,0x00,0x00,0xC3,
  0x9C,0x00,0x00,0x00,0x67,0xF0,0x01,0x00,0xE3,0x40,0x00,0x00,0x00,0x0A,0xFE,0x1D,
  0x00,0xBE,0x56,0x00,0x00,0x00,0x20,0xF9,0x0B,0x00,0x48,0xDA,0x22,0x00,0x10,0xB9,
  0x8C,0x00,0x00,0x00,0x60,0xDE,0xD8,0xDA,0x75,0x03,0x00,0x00,0x00,0x00,0x00,0x08,
  0x00,0x00,0x00,0x00,0x00,0xD8,0xFF,0xFF,0xFF,0xFF,0xFF,0xFC,0x2B,0x00,0x00,0x00,
  0x00,0x00,0x00,0xA0,0x98,0x00,0x00,0x00,0x00,0x00,0x00,0x2F,0xF0,0x17,0x00,0x00,
  0x00,0x00,0x00,0x00,0xBC,0x7A,0x00,0x00,0x00,0x00,0x00,0x00,0x4B,0xE2,0x08,0x00,
  0x00,0x00,0x00,0x00,0x03,0xD5,0x5B,0x00,0x00,0x00,0x00,0x00,0x00,0x68,0xCB,0x01,
  0x00,0x00,0x00,0x00,0x00,0x0D,0xE8,0x3D,0x00,0x00,0x00,0x00,0x00,0x00,0x85,0xAD,
  0x00,0x00,0x00,0x00,0x00,0x00,0x1C,0xF0,0x24,0x00,0x00,0x00,0x00,0x00,0x00,0x61,
  0x8A,0x00,0x00,0x00,0x00,0x00,0x00,0x00,0x00,0x00,0x00,0x00,0x00,0x00,0x00,0x00,
  0x00,0x00,0x21,0x8F,0xB0,0x89,0x18,0x00,0x00,0x00,0x32,0xF1,0x99,0x6A,0xA1,0xEC,
  0x22,0x00,0x00,0xBB,0x7D,0x00,0x00,0x00,0x97,0xA0,0x00,0x00,0xDC,0x51,0x00,0x00,
  0x00,0x6D,0xC0,0x00,0x00,0x8B,0xC7,0x11,0x00,0x17,0xD7,0x70,0x00,0x00,0x05,0xA8,
  0xF0,0xC7,0xF2,0x92,0x00,0x00,0x00,0x5C,0xEC,0x86,0x5B,0x8D,0xE9,0x48,0x00,0x22,
  0xF7,0x39,0x00,0x00,0x00,0x4A,0xF0,0x0F,0x66,0xC8,0x00,0x00,0x00,0x00,0x00,0xE5,
  0x44,0x5F,0xD7,0x00,0x00,0x00,0x00,0x09,0xF6,0x36,0x12,0xEE,0x7C,0x02,0x00,0x0C,
  0xA7,0xD3,0x03,0x00,0x3B,0xE3,0xEA,0xCE,0xF2,0xCE,0x22,0x00,0x00,0x00,0x05,0x3B,
  0x4F,0x31,0x01,0x00,0x00,0x00,0x00,0x00,0x01,0x09,0x00,0x00,0x00,0x00,0x00,0x06,
  0x8A,0xF0,0xFF,0xDE,0x55,0x00,0x00,0x00,0x9D,0xFA,0x95,0x72,0xC0,0xFD,0x3A,0x00,
  0x16,0xFE,0x57,0x00,0x00,0x01,0xB4,0xAF,0x00,0x2F,0xF6,0x02,0x00,0x00,0x00,0x55,
  0xD3,0x00,0x0B,0xF9,0x10,0x00,0x00,0x00,0x6A,0xB0,0x00,0x00,0x89,0xA7,0x08,0x00,
  0x28,0xE5,0x4F,0x00,0x00,0x02,0x71,0xB9,0xA5,0xF2,0xBE,0x00,0x00,0x00,0x00,0x00,
  0x00,0x4D,0xF4,0x22,0x00,0x00,0x00,0x00,0x00,0x10,0xE6,0x6B,0x00,0x00,0x00,0x00,
  0x00,0x00,0xA0,0xBE,0x01,0x00,0x00,0x00,0x00,0x00,0x49,0xF3,0x21,0x00,0x00,0x00,
  0x00,0x00,0x00,0x89,0x69,0x00,0x00,0x00,0x00,0x00,0x00,0x00,0x00,0x00,0x00,0x00,
  0x00,0x00,0x00,0x00,0x2D,0x9F,0x18,0x00,0x77,0xFF,0x4B,0x00,0x04,0x31,0x00,0x00,
  0x00,0x00,0x00,0x00,0x00,0x00,0x00,0x00,0x00,0x00,0x00,0x00,0x00,0x00,0x00,0x00,
  0x2D,0x9C,0x16,0x00,0x77,0xFF,0x4B,0x00,0x04,0x34,0x00,0x00,0x2D,0x9F,0x18,0x00,
  0x77,0xFF,0x4B,0x00,0x04,0x31,0x00,0x00,0x00,0x00,0x00,0x00,0x00,0x00,0x00,0x00,
  0x00,0x00,0x00,0x00,0x00,0x42,0x05,0x00,0x1F,0xF7,0x21,0x00,0x88,0x94,0x00,0x00,
  0xBE,0x17,0x00,0x00,0x00,0x00,0x00,0x00,0x00,0x09,0x66,0xB5,0x00,0x00,0x00,0x00,
  0x00,0x1C,0x87,0xEB,0xB6,0x41,0x00,0x00,0x00,0x38,0xA7,0xF2,0x9B,0x29,0x00,0x00,
  0x00,0x19,0xC8,0xE9,0x80,0x15,0x00,0x00,0x00,0x00,0x00,0x19,0xCC,0xE4,0x78,0x12,
  0x00,0x00,0x00,0x00,0x00,0x00,0x00,0x3C,0xAB,0xF1,0x96,0x26,0x00,0x00,0x00,0x00,
  0x00,0x00,0x00,0x1E,0x89,0xEC,0xB3,0x40,0x00,0x00,0x00,0x00,0x00,0x00,0x00,0x0A,
  0x67,0xB5,0x00,0x00,0x00,0x00,0x00,0x00,0x00,0x00,0x00,0x00,0x00,0x00,0x00,0x00,
  0x00,0x00,0x00,0x00,0x00,0x00,0x00,0x00,0x00,0x00,0x00,0x00,0x00,0x00,0x00,0x00,
  0x00,0x1C,0xFF,0xFF,0xFF,0xFF,0xFF,0xFF,0xFF,0xCC,0x00,0x00,0x00,0x00,0x00,0x00,
  0x00,0x00,0x00,0x00,0x00,0x00,0x00,0x00,0x00,0x00,0x00,0x00,0x00,0x00,0x00,0x00,
  0x00,0x00,0x00,0x00,0x00,0x00,0x00,0x00,0x00,0x1C,0xFF,0xFF,0xFF,0xFF,0xFF,0xFF,
  0xFF,0xCC,0x00,0x00,0x00,0x00,0x00,0x00,0x00,0x00,0x00,0x00,0x00,0x00,0x00,0x00,
  0x00,0x00,0x00,0x00,0x00,0x00,0x00,0x00,0x00,0x00,0x00,0x00,0x00,0x00,0x00,0x00,
  0x00,0x00,0x00,0x00,0x00,0x00,0x00,0x00,0x00,0x00,0x00,0x2D,0xB3,0x43,0x00,0x00,
  0x00,0x00,0x00,0x00,0x00,0x06,0x67,0xD7,0xD3,0x64,0x08,0x00,0x00,0x00,0x00,0x00,
  0x00,0x01,0x4B,0xBE,0xEB,0x84,0x1A,0x00,0x00,0x00,0x00,0x00,0x00,0x00,0x30,0xA2,
  0xF4,0x96,0x00,0x00,0x00,0x00,0x00,0x00,0x2A,0x9A,0xF3,0x9A,0x00,0x00,0x00,0x01,
  0x47,0xB8,0xEC,0x88,0x1D,0x00,0x00,0x06,0x65,0xD5,0xD4,0x66,0x09,0x00,0x00,0x00,
  0x00,0x2E,0xB4,0x45,0x00,0x00,0x00,0x00,0x00,0x00,0x00,0x00,0x00,0x00,0x00,0x00,
  0x00,0x00,0x00,0x00,0x00,0x00,0x00,0x00,0x00,0x00,0x00,0x00,0x00,0x00,0x00,0x00,
  0x00,0x00,0x00,0x00,0x00,0x00,0x00,0x00,0x00,0x00,0x28,0xAE,0xEB,0xED,0xB3,0x29,
  0x00,0x17,0xEE,0x8A,0x16,0x13,0x8C,0xE6,0x13,0x68,0xDE,0x01,0x00,0x00,0x01,0xEA,
  0x55,0x52,0x77,0x00,0x00,0x00,0x0A,0xF1,0x55,0x00,0x00,0x00,0x00,0x04,0xB1,0xE5,
  0x10,0x00,0x00,0x00,0x00,0xA3,0xEC,0x2D,0x00,0x00,0x00,0x00,0x4E,0xFA,0x33,0x00,
  0x00,0x00,0x00,0x00,0x9C,0xA8,0x00,0x00,0x00,0x00,0x00,0x00,0x69,0x54,0x00,0x00,
  0x00,0x00,0x00,0x00,0x00,0x00,0x00,0x00,0x00,0x00,0x00,0x00,0x00,0x00,0x00,0x00,
  0x00,0x00,0x00,0x00,0xBC,0xA8,0x00,0x00,0x00,0x00,0x00,0x00,0x00,0x00,0x00,0x00,
  0x00,0x00,0x00,0x00,0x00,0x00,0x00,0x02,0x05,0x00,0x00,0x00,0x00,0x00,0x00,0x00,
  0x00,0x00,0x05,0x69,0xB1,0xAD,0xA5,0xAB,0x8A,0x18,0x00,0x00,0x00,0x00,0x00,0x18,
  0xAC,0x4D,0x01,0x00,0x00,0x00,0x20,0xA2,0x3D,0x00,0x00,0x00,0x04,0xAA,0x1A,0x00,
  0x00,0x00,0x00,0x00,0x00,0x02,0xA0,0x19,0x00,0x00,0x5B,0x52,0x00,0x19,0xAD,0xF4,
  0xE7,0x65,0xD7,0x00,0x1F,0x85,0x00,0x00,0x9E,0x03,0x02,0xCC,0xB1,0x1C,0x23,0xD8,
  0xB7,0x00,0x00,0x9B,0x00,0x00,0x9B,0x00,0x42,0xEB,0x0C,0x00,0x00,0x78,0x8A,0x00,
  0x00,0x9C,0x00,0x00,0x9D,0x00,0x6B,0xBA,0x00,0x00,0x00,0x82,0x5C,0x00,0x1B,0x7D,
  0x00,0x00,0xA0,0x03,0x4B,0xD8,0x01,0x00,0x00,0xCD,0x2F,0x00,0x90,0x16,0x00,0x00,
  0x5D,0x53,0x02,0xBE,0x94,0x42,0x7E,0xFF,0x4D,0x82,0x34,0x00,0x00,0x00,0x04,0xAF,
  0x1B,0x04,0x4D,0x56,0x0C,0x65,0x5B,0x10,0x61,0x01,0x00,0x00,0x00,0x1A,0xB2,0x50,
  0x02,0x00,0x00,0x00,0x22,0xB5,0x43,0x00,0x00,0x00,0x00,0x00,0x07,0x6D,0xB4,0xAC,
  0x9F,0xB3,0xA0,0x24,0x00,0x00,0x00,0x00,0x00,0x00,0x00,0x00,0x00,0x05,0x0E,0x00,
  0x00,0x00,0x00,0x00,0x00,0x00,0x00,0x00,0x00,0x00,0x6A,0x50,0x00,0x00,0x00,0x00,
  0x00,0x00,0x00,0x00,0x00,0x02,0xDB,0xC3,0x00,0x00,0x00,0x00,0x00,0x00,0x00,0x00,
  0x00,0x52,0xF6,0xFD,0x35,0x00,0x00,0x00,0x00,0x00,0x00,0x00,0x00,0xC5,0x93,0xAD,
  0xA7,0x00,0x00,0x00,0x00,0x00,0x00,0x00,0x38,0xFC,0x22,0x39,0xFB,0x1E,0x00,0x00,
  0x00,0x00,0x00,0x00,0xAD,0xAA,0x00,0x00,0xC6,0x8C,0x00,0x00,0x00,0x00,0x00,0x22,
  0xFD,0x36,0x00,0x00,0x52,0xF1,0x0D,0x00,0x00,0x00,0x00,0x94,0xFF,0xFF,0xFF,0xFF,
  0xFF,0xFF,0x71,0x00,0x00,0x00,0x12,0xF4,0x39,0x00,0x00,0x00,0x00,0x5B,0xDF,0x03,
  0x00,0x00,0x7B,0xC7,0x00,0x00,0x00,0x00,0x00,0x04,0xE3,0x55,0x00,0x07,0xE7,0x53,
  0x00,0x00,0x00,0x00,0x00,0x00,0x75,0xC8,0x00,0x62,0xDE,0x03,0x00,0x00,0x00,0x00,
  0x00,0x00,0x0F,0xF2,0x3A,0x00,0x00,0x00,0x00,0x00,0x00,0x00,0x00,0x00,0x00,0x00,
  0x00,0x00,0x94,0xFF,0xFE,0xEB,0xBF,0x47,0x00,0x00,0x00,0x94,0x90,0x00,0x0E,0x5A,
  0xF6,0x26,0x00,0x00,0x94,0x90,0x00,0x00,0x00,0xE1,0x53,0x00,0x00,0x94,0x90,0x05,
  0x1F,0x7E,0xE2,0x11,0x00,0x00,0x94,0xFF,0xFF,0xFF,0xFE,0x6D,0x00,0x00,0x00,0x94,
  0x90,0x03,0x10,0x4F,0xDE,0x92,0x00,0x00,0x94,0x90,0x00,0x00,0x00,0x31,0xFE,0x21,
  0x00,0x94,0x90,0x00,0x00,0x00,0x00,0xED,0x47,0x00,0x94,0x90,0x00,0x00,0x00,0x1B,
  0xFC,0x28,0x00,0x94,0x90,0x00,0x08,0x34,0xC9,0xAC,0x00,0x00,0x94,0xFF,0xFF,0xFC,
  0xDA,0x7E,0x06,0x00,0x00,0x00,0x00,0x00,0x00,0x00,0x00,0x00,0x00,0x00,0x00,0x00,
  0x0B,0x6B,0xC3,0xE8,0xEA,0xCB,0x7E,0x13,0x00,0x00,0x00,0x00,0x2A,0xD8,0xDC,0x6D,
  0x36,0x33,0x5D,0xC1,0xEA,0x3E,0x00,0x00,0x12,0xE0,0xAC,0x09,0x00,0x00,0x00,0x00,
  0x00,0x74,0xCB,0x02,0x00,0x8C,0xD2,0x06,0x00,0x00,0x00,0x00,0x00,0x00,0x00,0x05,
  0x00,0x00,0xEB,0x5C,0x00,0x00,0x00,0x00,0x00,0x00,0x00,0x00,0x00,0x00,0x13,0xFF,
  0x22,0x00,0x00,0x00,0x00,0x00,0x00,0x00,0x00,0x00,0x00,0x19,0xFF,0x1C,0x00,0x00,
  0x00,0x00,0x00,0x00,0x00,0x00,0x00,0x00,0x03,0xF1,0x47,0x00,0x00,0x00,0x00,0x00,
  0x00,0x00,0x00,0x00,0x00,0x00,0xA1,0xB0,0x00,0x00,0x00,0x00,0x00,0x00,0x00,0x00,
  0x00,0x00,0x00,0x21,0xEF,0x73,0x00,0x00,0x00,0x00,0x00,0x00,0x3E,0x9A,0x02,0x00,
  0x00,0x3C,0xEA,0xAF,0x41,0x0D,0x09,0x30,0x8F,0xF6,0x69,0x00,0x00,0x00,0x00,0x15,
  0x83,0xD1,0xF5,0xF6,0xDB,0x9A,0x2B,0x00,0x00,0x00,0x00,0x00,0x00,0x00,0x00,0x00,
  0x00,0x00,0x00,0x00,0x00,0x00,0x00,0x9C,0xFF,0xFF,0xFB,0xF0,0xD3,0x95,0x29,0x00,
  0x00,0x00,0x00,0x9C,0x80,0x02,0x0A,0x1A,0x41,0x98,0xF5,0x60,0x00,0x00,0x00,0x9C,
  0x80,0x00,0x00,0x00,0x00,0x00,0x45,0xF7,0x36,0x00,0x00,0x9C,0x80,0x00,0x00,0x00,
  0x00,0x00,0x00,0x90,0xB0,0x00,0x00,0x9C,0x80,0x00,0x00,0x00,0x00,0x00,0x00,0x38,
  0xF3,0x00,0x00,0x9C,0x80,0x00,0x00,0x00,0x00,0x00,0x00,0x1A,0xFF,0x0C,0x00,0x9C,
  0x80,0x00,0x00,0x00,0x00,0x00,0x00,0x2D,0xF9,0x02,0x00,0x9C,0x80,0x00,0x00,0x00,
  0x00,0x00,0x00,0x77,0xC1,0x00,0x00,0x9C,0x80,0x00,0x00,0x00,0x00,0x00,0x24,0xED,
  0x4E,0x00,0x00,0x9C,0x80,0x00,0x02,0x0C,0x26,0x70,0xEC,0x8B,0x00,0x00,0x00,0x9C,
  0xFF,0xFF,0xFF,0xFC,0xE9,0xB8,0x4F,0x00,0x00,0x00,0x00,0x00,0x00,0x00,0x00,0x00,
  0x00,0x00,0x00,0x00,0x00,0x00,0x00,0x98,0xFF,0xFF,0xFF,0xFF,0xFF,0xFF,0x00,0x00,
  0x98,0x90,0x00,0x00,0x00,0x00,0x00,0x00,0x00,0x98,0x90,0x00,0x00,0x00,0x00,0x00,
  0x00,0x00,0x98,0x90,0x00,0x00,0x00,0x00,0x00,0x00,0x00,0x98,0xFF,0xFF,0xFF,0xFF,
  0xFF,0xF4,0x00,0x00,0x98,0x90,0x00,0x00,0x00,0x00,0x00,0x00,0x00,0x98,0x90,0x00,
  0x00,0x00,0x00,0x00,0x00,0x00,0x98,0x90,0x00,0x00,0x00,0x00,0x00,0x00,0x00,0x98,
  0x90,0x00,0x00,0x00,0x00,0x00,0x00,0x00,0x98,0x90,0x00,0x00,0x00,0x00,0x00,0x00,
  0x00,0x98,0xFF,0xFF,0xFF,0xFF,0xFF,0xF4,0x00,0x00,0x00,0x00,0x00,0x00,0x00,0x00,
  0x00,0x00,0x00,0x9C,0xFF,0xFF,0xFF,0xFF,0xFF,0x28,0x00,0x9C,0x8C,0x00,0x00,0x00,
  0x00,0x00,0x00,0x9C,0x8C,0x00,0x00,0x00,0x00,0x00,0x00,0x9C,0x8C,0x00,0x00,0x00,
  0x00,0x00,0x00,0x9C,0xFF,0xFF,0xFF,0xFF,0xFF,0x28,0x00,0x9C,0x8C,0x00,0x00,0x00,
  0x00,0x00,0x00,0x9C,0x8C,0x00,0x00,0x00,0x00,0x00,0x00,0x9C,0x8C,0x00,0x00,0x00,
  0x00,0x00,0x00,0x9C,0x8C,0x00,0x00,0x00,0x00,0x00,0x00,0x9C,0x8C,0x00,0x00,0x00,
  0x00,0x00,0x00,0x9C,0x8C,0x00,0x00,0x00,0x00,0x00,0x00,0x00,0x00,0x00,0x00,0x00,
  0x00,0x00,0x00,0x00,0x00,0x05,0x65,0xBB,0xE6,0xF0,0xD6,0x95,0x2C,0x00,0x00,0x00,
  0x00,0x00,0x1C,0xCF,0xEA,0x83,0x43,0x36,0x5B,0xB1,0xFC,0x8D,0x04,0x00,0x00,0x0B,
  0xD4,0xBC,0x14,0x00,0x00,0x00,0x00,0x00,0x3B,0xD9,0x33,0x00,0x00,0x7D,0xDD,0x0E,
  0x00,0x00,0x00,0x00,0x00,0x00,0x00,0x01,0x00,0x00,0x00,0xDB,0x6D,0x00,0x00,0x00,
  0x00,0x00,0x00,0x00,0x00,0x00,0x00,0x00,0x07,0xFF,0x35,0x00,0x00,0x00,0x00,0x00,
  0x00,0x00,0x00,0x00,0x00,0x00,0x09,0xFF,0x2F,0x00,0x00,0x00,0x00,0x00,0x00,0x00,
  0x00,0x00,0x00,0x00,0x00,0xE1,0x65,0x00,0x00,0x00,0x00,0x00,0xC8,0xFF,0xFF,0xFF,
  0xFF,0x21,0x00,0x86,0xD7,0x06,0x00,0x00,0x00,0x00,0x00,0x00,0x00,0x4F,0xED,0x03,
  0x00,0x0F,0xDD,0xA9,0x06,0x00,0x00,0x00,0x00,0x00,0x12,0xD0,0x84,0x00,0x00,0x00,
  0x24,0xD8,0xD1,0x58,0x16,0x06,0x21,0x65,0xDC,0xAD,0x05,0x00,0x00,0x00,0x00,0x09,
  0x6E,0xC2,0xED,0xFB,0xEA,0xB7,0x55,0x00,0x00,0x00,0x00,0x00,0x00,0x00,0x00,0x00,
  0x00,0x00,0x00,0x00,0x00,0x00,0x00,0x00,0x00,0xA0,0x8C,0x00,0x00,0x00,0x00,0x00,
  0x9C,0x88,0x00,0x00,0xA0,0x8C,0x00,0x00,0x00,0x00,0x00,0x9C,0x88,0x00,0x00,0xA0,
  0x8C,0x00,0x00,0x00,0x00,0x00,0x9C,0x88,0x00,0x00,0xA0,0x8C,0x00,0x00,0x00,0x00,
  0x00,0x9C,0x88,0x00,0x00,0xA0,0xFF,0xFF,0xFF,0xFF,0xFF,0xFF,0xFF,0x88,0x00,0x00,
  0xA0,0x8C,0x00,0x00,0x00,0x00,0x00,0x9C,0x88,0x00,0x00,0xA0,0x8C,0x00,0x00,0x00,
  0x00,0x00,0x9C,0x88,0x00,0x00,0xA0,0x8C,0x00,0x00,0x00,0x00,0x00,0x9C,0x88,0x00,
  0x00,0xA0,0x8C,0x00,0x00,0x00,0x00,0x00,0x9C,0x88,0x00,0x00,0xA0,0x8C,0x00,0x00,
  0x00,0x00,0x00,0x9C,0x88,0x00,0x00,0xA0,0x8C,0x00,0x00,0x00,0x00,0x00,0x9C,0x88,
  0x00,0x00,0x00,0x00,0x00,0x00,0x00,0x00,0x00,0x00,0x00,0x00,0x00,0xC4,0x64,0x00,
  0x00,0xC4,0x64,0x00,0x00,0xC4,0x64,0x00,0x00,0xC4,0x64,0x00,0x00,0xC4,0x64,0x00,
  0x00,0xC4,0x64,0x00,0x00,0xC4,0x64,0x00,0x00,0xC4,0x64,0x00,0x00,0xC4,0x64,0x00,
  0x00,0xC4,0x64,0x00,0x00,0xC4,0x64,0x00,0x00,0x00,0x00,0x00,0x00,0x00,0x00,0x00,
  0x00,0xD8,0x50,0x00,0x00,0x00,0x00,0x00,0x00,0xD8,0x50,0x00,0x00,0x00,0x00,0x00,
  0x00,0xD8,0x50,0x00,0x00,0x00,0x00,0x00,0x00,0xD8,0x50,0x00,0x00,0x00,0x00,0x00,
  0x00,0xD8,0x50,0x00,0x00,0x00,0x00,0x00,0x00,0xD8,0x50,0x00,0x00,0x00,0x00,0x00,
  0x00,0xD8,0x50,0x00,0x00,0x00,0x00,0x00,0x00,0xD8,0x4F,0x00,0x00,0x00,0x00,0x00,
  0x00,0xDF,0x47,0x00,0x00,0x21,0x00,0x00,0x0F,0xF9,0x2F,0x00,0x1E,0xF6,0x9F,0x5D,
  0xB7,0xDB,0x04,0x00,0x00,0x29,0x98,0xC1,0x9D,0x20,0x00,0x00,0x00,0x9C,0x94,0x00,
  0x00,0x00,0x68,0xE9,0x38,0x00,0x00,0x9C,0x94,0x00,0x00,0x81,0xDF,0x27,0x00,0x00,
  0x00,0x9C,0x94,0x03,0x9A,0xD0,0x19,0x00,0x00,0x00,0x00,0x9C,0x9D,0xB1,0xBD,0x0E,
  0x00,0x00,0x00,0x00,0x00,0x9C,0xFD,0xA7,0x06,0x00,0x00,0x00,0x00,0x00,0x00,0x9C,
  0xFE,0xB6,0x06,0x00,0x00,0x00,0x00,0x00,0x00,0x9C,0x9F,0xC3,0xB2,0x05,0x00,0x00,
  0x00,0x00,0x00,0x9C,0x94,0x0D,0xC6,0xAE,0x04,0x00,0x00,0x00,0x00,0x9C,0x94,0x00,
  0x0E,0xC9,0xAB,0x04,0x00,0x00,0x00,0x9C,0x94,0x00,0x00,0x10,0xCD,0xA7,0x03,0x00,
  0x00,0x9C,0x94,0x00,0x00,0x00,0x12,0xCF,0xA3,0x02,0x00,0x00,0x00,0x00,0x00,0x00,
  0x00,0x00,0x00,0x00,0x00,0x9C,0x90,0x00,0x00,0x00,0x00,0x00,0x9C,0x90,0x00,0x00,
  0x00,0x00,0x00,0x9C,0x90,0x00,0x00,0x00,0x00,0x00,0x9C,0x90,0x00,0x00,0x00,0x00,
  0x00,0x9C,0x90,0x00,0x00,0x00,0x00,0x00,0x9C,0x90,0x00,0x00,0x00,0x00,0x00,0x9C,
  0x90,0x00,0x00,0x00,0x00,0x00,0x9C,0x90,0x00,0x00,0x00,0x00,0x00,0x9C,0x90,0x00,
  0x00,0x00,0x00,0x00,0x9C,0x90,0x00,0x00,0x00,0x00,0x00,0x9C,0xFF,0xFF,0xFF,0xFF,
  0xF8,0x00,0x00,0x00,0x00,0x00,0x00,0x00,0x00,0x00,0x77,0x0A,0x00,0x00,0x00,0x00,
  0x00,0x00,0x00,0x41,0x3E,0x00,0x00,0x00,0x00,0xB6,0x76,0x00,0x00,0x00,0x00,0x00,
  0x00,0x00,0xC5,0x65,0x00,0x00,0x00,0x00,0xDC,0xEC,0x0E,0x00,0x00,0x00,0x00,0x00,
  0x49,0xFF,0x8C,0x00,0x00,0x00,0x05,0xFB,0xB6,0x7F,0x00,0x00,0x00,0x00,0x00,0xCB,
  0xBF,0xB2,0x00,0x00,0x00,0x28,0xE7,0x28,0xEE,0x12,0x00,0x00,0x00,0x50,0xD7,0x41,
  0xD9,0x00,0x00,0x00,0x4E,0xC3,0x00,0xA1,0x88,0x00,0x00,0x01,0xD1,0x56,0x19,0xFA,
  0x04,0x00,0x00,0x75,0x9F,0x00,0x21,0xEF,0x17,0x00,0x57,0xD0,0x01,0x00,0xF4,0x26,
  0x00,0x00,0x9B,0x7A,0x00,0x00,0x98,0x91,0x03,0xD7,0x4E,0x00,0x00,0xD0,0x4C,0x00,
  0x00,0xC1,0x56,0x00,0x00,0x1B,0xF0,0x7B,0xC9,0x00,0x00,0x00,0xAC,0x73,0x00,0x00,
  0xE7,0x32,0x00,0x00,0x00,0x8F,0xFF,0x46,0x00,0x00,0x00,0x87,0x99,0x00,0x0D,0xFF,
  0x0E,0x00,0x00,0x00,0x16,0xB6,0x00,0x00,0x00,0x00,0x62,0xC0,0x00,0x00,0x00,0x00,
  0x00,0x00,0x00,0x00,0x00,0x00,0x00,0x00,0x00,0x00,0x00,0x00,0x00,0x87,0x2C,0x00,
  0x00,0x00,0x00,0x00,0x00,0xB4,0x70,0x00,0x00,0x98,0xE4,0x1E,0x00,0x00,0x00,0x00,
  0x00,0xB4,0x70,0x00,0x00,0x98,0xF4,0xD8,0x13,0x00,0x00,0x00,0x00,0xB4,0x70,0x00,
  0x00,0x98,0x9A,0xA8,0xC9,0x0B,0x00,0x00,0x00,0xB4,0x70,0x00,0x00,0x98,0x98,0x06,
  0xBA,0xB7,0x05,0x00,0x00,0xB4,0x70,0x00,0x00,0x98,0x98,0x00,0x0C,0xCA,0xA3,0x01,
  0x00,0xB4,0x70,0x00,0x00,0x98,0x98,0x00,0x00,0x14,0xD8,0x8C,0x00,0xB4,0x70,0x00,
  0x00,0x98,0x98,0x00,0x00,0x00,0x1E,0xE4,0x75,0xB4,0x70,0x00,0x00,0x98,0x98,0x00,
  0x00,0x00,0x00,0x2A,0xEC,0xEC,0x70,0x00,0x00,0x98,0x98,0x00,0x00,0x00,0x00,0x00,
  0x39,0xF5,0x70,0x00,0x00,0x98,0x98,0x00,0x00,0x00,0x00,0x00,0x00,0x4A,0x6B,0x00,
  0x00,0x00,0x00,0x00,0x00,0x00,0x00,0x00,0x00,0x00,0x00,0x00,0x00,0x00,0x00,0x00,
  0x30,0x89,0xAE,0xA9,0x80,0x22,0x00,0x00,0x00,0x00,0x00,0x00,0x0A,0xA2,0xF2,0x9C,
  0x6E,0x72,0xAA,0xF9,0x8B,0x05,0x00,0x00,0x00,0x01,0xB6,0xC6,0x18,0x00,0x00,0x00,
  0x00,0x2A,0xDB,0x9F,0x00,0x00,0x00,0x63,0xE3,0x11,0x00,0x00,0x00,0x00,0x00,0x00,
  0x21,0xF2,0x4B,0x00,0x00,0xCC,0x6E,0x00,0x00,0x00,0x00,0x00,0x00,0x00,0x00,0x89,
  0xB6,0x00,0x04,0xFC,0x2C,0x00,0x00,0x00,0x00,0x00,0x00,0x00,0x00,0x45,0xE9,0x00,
  0x13,0xFF,0x1E,0x00,0x00,0x00,0x00,0x00,0x00,0x00,0x00,0x36,0xF9,0x00,0x00,0xF4,
  0x3F,0x00,0x00,0x00,0x00,0x00,0x00,0x00,0x00,0x57,0xDB,0x00,0x00,0xA8,0x9C,0x00,
  0x00,0x00,0x00,0x00,0x00,0x00,0x00,0xB0,0x8B,0x00,0x00,0x31,0xF6,0x4C,0x00,0x00,
  0x00,0x00,0x00,0x00,0x5B,0xEF,0x1D,0x00,0x00,0x00,0x62,0xF7,0x79,0x0D,0x00,0x00,
  0x12,0x85,0xF4,0x4C,0x00,0x00,0x00,0x00,0x00,0x3E,0xC8,0xF9,0xD6,0xD8,0xFB,0xBD,
  0x2F,0x00,0x00,0x00,0x00,0x00,0x00,0x00,0x00,0x20,0x45,0x43,0x1C,0x00,0x00,0x00,
  0x00,0x00,0x00,0x9C,0xFF,0xFF,0xFC,0xF1,0xBF,0x3C,0x00,0x00,0x9C,0x8C,0x00,0x02,
  0x1A,0x75,0xF2,0x27,0x00,0x9C,0x8C,0x00,0x00,0x00,0x00,0xB9,0x83,0x00,0x9C,0x8C,
  0x00,0x00,0x00,0x00,0xBC,0x7F,0x00,0x9C,0x8C,0x00,0x00,0x10,0x69,0xF9,0x2B,0x00,
  0x9C,0xFF,0xFF,0xFA,0xEA,0xBC,0x3F,0x00,0x00,0x9C,0x8C,0x00,0x00,0x00,0x00,0x00,
  0x00,0x00,0x9C,0x8C,0x00,0x00,0x00,0x00,0x00,0x00,0x00,0x9C,0x8C,0x00,0x00,0x00,
  0x00,0x00,0x00,0x00,0x9C,0x8C,0x00,0x00,0x00,0x00,0x00,0x00,0x00,0x9C,0x8C,0x00,
  0x00,0x00,0x00,0x00,0x00,0x00,0x00,0x00,0x00,0x00,0x00,0x00,0x00,0x00,0x00,0x00,
  0x00,0x00,0x00,0x00,0x06,0x03,0x00,0x00,0x00,0x00,0x00,0x00,0x00,0x00,0x00,0x18,
  0x90,0xE2,0xFF,0xFB,0xD6,0x78,0x0B,0x00,0x00,0x00,0x00,0x00,0x37,0xEA,0xD9,0x6B,
  0x3A,0x3D,0x76,0xE3,0xD7,0x24,0x00,0x00,0x00,0x19,0xEA,0xA9,0x07,0x00,0x00,0x00,
  0x00,0x0E,0xBB,0xD5,0x0B,0x00,0x00,0x93,0xD5,0x07,0x00,0x00,0x00,0x00,0x00,0x00,
  0x0D,0xE2,0x71,0x00,0x00,0xE7,0x63,0x00,0x00,0x00,0x00,0x00,0x00,0x00,0x00,0x74,
  0xCE,0x00,0x0D,0xFF,0x2A,0x00,0x00,0x00,0x00,0x00,0x00,0x00,0x00,0x3B,0xF4,0x00,
  0x0D,0xFF,0x24,0x00,0x00,0x00,0x00,0x00,0x00,0x00,0x00,0x35,0xF6,0x00,0x00,0xE5,
  0x4D,0x00,0x00,0x00,0x02,0xB0,0x91,0x00,0x00,0x60,0xCD,0x00,0x00,0x8C,0xB5,0x00,
  0x00,0x00,0x00,0x1B,0xE9,0x63,0x01,0xC7,0x73,0x00,0x00,0x13,0xE1,0x77,0x00,0x00,
  0x00,0x00,0x3F,0xF4,0xA3,0xD4,0x07,0x00,0x00,0x00,0x29,0xDD,0xAD,0x3B,0x0A,0x11,
  0x46,0xDB,0xFF,0x3C,0x00,0x00,0x00,0x00,0x00,0x0C,0x78,0xCD,0xF4,0xF0,0xCA,0x6D,
  0xA3,0xBA,0x00,0x00,0x00,0x00,0x00,0x00,0x00,0x00,0x00,0x00,0x00,0x00,0x12,0xEA,
  0x66,0x00,0x00,0x8C,0xFF,0xFF,0xFC,0xF0,0xBF,0x47,0x00,0x00,0x00,0x8C,0x9C,0x00,
  0x01,0x15,0x65,0xF4,0x37,0x00,0x00,0x8C,0x9C,0x00,0x00,0x00,0x00,0xA5,0x97,0x00,
  0x00,0x8C,0x9C,0x00,0x00,0x00,0x00,0xA6,0x97,0x00,0x00,0x8C,0x9C,0x00,0x01,0x14,
  0x63,0xF7,0x3E,0x00,0x00,0x8C,0xFF,0xFF,0xFE,0xED,0xC0,0x45,0x00,0x00,0x00,0x8C,
  0x9C,0x54,0xED,0x26,0x00,0x00,0x00,0x00,0x00,0x8C,0x9C,0x00,0x7F,0xD8,0x10,0x00,
  0x00,0x00,0x00,0x8C,0x9C,0x00,0x01,0xAB,0xB9,0x03,0x00,0x00,0x00,0x8C,0x9C,0x00,
  0x00,0x0A,0xCE,0x91,0x00,0x00,0x00,0x8C,0x9C,0x00,0x00,0x00,0x1D,0xE8,0x65,0x00,
  0x00,0x00,0x00,0x00,0x00,0x00,0x00,0x00,0x00,0x00,0x00,0x12,0x9F,0xE2,0xCF,0x56,
  0x00,0x00,0x00,0xB3,0xC2,0x4C,0x78,0xFA,0x5F,0x00,0x05,0xFB,0x2F,0x00,0x00,0x4F,
  0x2A,0x00,0x00,0xE7,0x5A,0x00,0x00,0x00,0x00,0x00,0x00,0x64,0xF4,0x4D,0x00,0x00,
  0x00,0x00,0x00,0x00,0x6A,0xF9,0x80,0x01,0x00,0x00,0x00,0x00,0x00,0x3C,0xE8,0xA4,
  0x01,0x00,0x00,0x00,0x00,0x00,0x24,0xE9,0x73,0x00,0x00,0x00,0x00,0x00,0x00,0x70,
  0xD8,0x00,0x66,0x68,0x00,0x00,0x00,0x65,0xD6,0x00,0x3E,0xF2,0x5E,0x0A,0x3C,0xE3,
  0x71,0x00,0x00,0x3D,0xC3,0xF5,0xDC,0x6E,0x00,0x00,0x00,0x00,0x00,0x00,0x00,0x00,
  0x00,0x00,0xC0,0xFF,0xFF,0xFF,0xFF,0xFF,0x90,0x00,0x00,0x2C,0xFF,0x00,0x00,0x00,
  0x00,0x00,0x2C,0xFF,0x00,0x00,0x00,0x00,0x00,0x2C,0xFF,0x00,0x00,0x00,0x00,0x00,
  0x2C,0xFF,0x00,0x00,0x00,0x00,0x00,0x2C,0xFF,0x00,0x00,0x00,0x00,0x00,0x2C,0xFF,
  0x00,0x00,0x00,0x00,0x00,0x2C,0xFF,0x00,0x00,0x00,0x00,0x00,0x2C,0xFF,0x00,0x00,
  0x00,0x00,0x00,0x2C,0xFF,0x00,0x00,0x00,0x00,0x00,0x2C,0xFF,0x00,0x00,0x00,0x00,
  0x00,0x00,0x00,0x00,0x00,0x00,0x00,0x90,0x98,0x00,0x00,0x00,0x00,0x18,0xFF,0x0C,
  0x00,0x90,0x98,0x00,0x00,0x00,0x00,0x18,0xFF,0x0C,0x00,0x90,0x98,0x00,0x00,0x00,
  0x00,0x18,0xFF,0x0C,0x00,0x90,0x98,0x00,0x00,0x00,0x00,0x18,0xFF,0x0C,0x00,0x90,
  0x98,0x00,0x00,0x00,0x00,0x18,0xFF,0x0C,0x00,0x90,0x98,0x00,0x00,0x00,0x00,0x18,
  0xFF,0x0C,0x00,0x90,0x98,0x00,0x00,0x00,0x00,0x18,0xFF,0x0B,0x00,0x8D,0x99,0x00,
  0x00,0x00,0x00,0x1D,0xFF,0x04,0x00,0x7E,0xA7,0x00,0x00,0x00,0x00,0x34,0xED,0x00,
  0x00,0x48,0xED,0x15,0x00,0x00,0x00,0x9E,0xAF,0x00,0x00,0x01,0xA8,0xDD,0x6E,0x5F,
  0xAA,0xEF,0x2C,0x00,0x00,0x00,0x00,0x5B,0xB0,0xBF,0x94,0x22,0x00,0x00,0x3F,0xF1,
  0x0E,0x00,0x00,0x00,0x00,0x00,0x00,0xC6,0x79,0x00,0xCC,0x72,0x00,0x00,0x00,0x00,
  0x00,0x39,0xF4,0x11,0x00,0x5A,0xE0,0x03,0x00,0x00,0x00,0x00,0xAE,0x90,0x00,0x00,
  0x04,0xE2,0x55,0x00,0x00,0x00,0x24,0xF9,0x20,0x00,0x00,0x00,0x75,0xC6,0x00,0x00,
  0x00,0x96,0xA8,0x00,0x00,0x00,0x00,0x0F,0xF2,0x38,0x00,0x13,0xF5,0x34,0x00,0x00,
  0x00,0x00,0x00,0x90,0xA9,0x00,0x7D,0xBF,0x00,0x00,0x00,0x00,0x00,0x00,0x20,0xF8,
  0x26,0xE8,0x4B,0x00,0x00,0x00,0x00,0x00,0x00,0x00,0xAB,0xDB,0xD5,0x01,0x00,0x00,
  0x00,0x00,0x00,0x00,0x00,0x38,0xFF,0x62,0x00,0x00,0x00,0x00,0x00,0x00,0x00,0x00,
  0x00,0xAC,0x06,0x00,0x00,0x00,0x00,0x00,0x00,0x00,0x00,0x00,0x00,0x00,0x00,0x00,
  0x00,0x00,0x1B,0xFD,0x16,0x00,0x00,0x00,0x00,0x98,0x0D,0x00,0x00,0x00,0x00,0xB7,
  0x75,0x00,0xCF,0x5F,0x00,0x00,0x00,0x15,0xF9,0x68,0x00,0x00,0x00,0x0A,0xF7,0x28,
  0x00,0x83,0xA9,0x00,0x00,0x00,0x78,0xEF,0xD0,0x00,0x00,0x00,0x4F,0xDB,0x00,0x00,
  0x38,0xF0,0x04,0x00,0x02,0xDF,0x58,0xEC,0x39,0x00,0x00,0x9B,0x8F,0x00,0x00,0x02,
  0xE9,0x3E,0x00,0x4B,0xE2,0x03,0x8C,0xA1,0x00,0x01,0xE5,0x42,0x00,0x00,0x00,0xA0,
  0x89,0x00,0xB5,0x7C,0x00,0x25,0xF6,0x12,0x33,0xF0,0x05,0x00,0x00,0x00,0x55,0xD3,
  0x20,0xF7,0x17,0x00,0x00,0xBC,0x72,0x7F,0xA8,0x00,0x00,0x00,0x00,0x0E,0xFA,0xA6,
  0xA7,0x00,0x00,0x00,0x54,0xDA,0xCB,0x5C,0x00,0x00,0x00,0x00,0x00,0xBD,0xFF,0x3D,
  0x00,0x00,0x00,0x04,0xE7,0xFC,0x13,0x00,0x00,0x00,0x00,0x00,0x72,0xD3,0x00,0x00,
  0x00,0x00,0x00,0x84,0xC2,0x00,0x00,0x00,0x00,0x00,0x00,0x26,0x69,0x00,0x00,0x00,
  0x00,0x00,0x1E,0x73,0x00,0x00,0x00,0x00,0x00,0x00,0x00,0x00,0x00,0x00,0x00,0x00,
  0x00,0x00,0x00,0x00,0x00,0x00,0x09,0xDC,0x71,0x00,0x00,0x00,0x00,0xAB,0xA9,0x00,
  0x00,0x42,0xF3,0x20,0x00,0x00,0x50,0xEE,0x17,0x00,0x00,0x00,0x9D,0xB8,0x00,0x10,
  0xE6,0x60,0x00,0x00,0x00,0x00,0x11,0xE7,0x5D,0x9C,0xBB,0x00,0x00,0x00,0x00,0x00,
  0x00,0x54,0xF2,0xF4,0x22,0x00,0x00,0x00,0x00,0x00,0x00,0x0A,0xEF,0xBD,0x00,0x00,
  0x00,0x00,0x00,0x00,0x00,0x8D,0xD0,0xF1,0x50,0x00,0x00,0x00,0x00,0x00,0x35,0xF7,
  0x2D,0x67,0xE6,0x0F,0x00,0x00,0x00,0x05,0xD2,0x82,0x00,0x01,0xBF,0x9A,0x00,0x00,
  0x00,0x7C,0xD5,0x06,0x00,0x00,0x24,0xF5,0x40,0x00,0x28,0xF6,0x38,0x00,0x00,0x00,
  0x00,0x73,0xDB,0x09,0x00,0x00,0x00,0x00,0x00,0x00,0x00,0x00,0x00,0x00,0x32,0xF5,
  0x2C,0x00,0x00,0x00,0x00,0xAE,0xA6,0x00,0x89,0xC8,0x02,0x00,0x00,0x50,0xED,0x16,
  0x00,0x09,0xDB,0x70,0x00,0x0E,0xE5,0x62,0x00,0x00,0x00,0x40,0xF3,0x20,0x98,0xBF,
  0x00,0x00,0x00,0x00,0x00,0x9A,0xD3,0xF6,0x26,0x00,0x00,0x00,0x00,0x00,0x0F,0xEA,
  0x81,0x00,0x00,0x00,0x00,0x00,0x00,0x00,0xCC,0x54,0x00,0x00,0x00,0x00,0x00,0x00,
  0x00,0xCC,0x54,0x00,0x00,0x00,0x00,0x00,0x00,0x00,0xCC,0x54,0x00,0x00,0x00,0x00,
  0x00,0x00,0x00,0xCC,0x54,0x00,0x00,0x00,0x00,0x00,0x00,0x00,0xCC,0x54,0x00,0x00,
  0x00,0x00,0x00,0x00,0x00,0x00,0x00,0x00,0x00,0x00,0x0C,0xFF,0xFF,0xFF,0xFF,0xFF,
  0xC6,0x00,0x00,0x00,0x00,0x00,0x0B,0xEB,0x4A,0x00,0x00,0x00,0x00,0x00,0x73,0xCF,
  0x00,0x00,0x00,0x00,0x00,0x07,0xE6,0x54,0x00,0x00,0x00,0x00,0x00,0x6B,0xD7,0x02,
  0x00,0x00,0x00,0x00,0x05,0xE1,0x5D,0x00,0x00,0x00,0x00,0x00,0x63,0xDE,0x04,0x00,
  0x00,0x00,0x00,0x03,0xDB,0x67,0x00,0x00,0x00,0x00,0x00,0x5B,0xE5,0x07,0x00,0x00,
  0x00,0x00,0x01,0xD4,0x71,0x00,0x00,0x00,0x00,0x00,0x52,0xFF,0xFF,0xFF,0xFF,0xFF,
  0xC4,0x00,0x00,0x00,0x00,0x00,0x00,0x00,0x00,0x00,0x00,0x00,0xBC,0xFF,0xE4,0x00,
  0x00,0x00,0xBC,0x5C,0x00,0x00,0x00,0x00,0xBC,0x5C,0x00,0x00,0x00,0x00,0xBC,0x5C,
  0x00,0x00,0x00,0x00,0xBC,0x5C,0x00,0x00,0x00,0x00,0xBC,0x5C,0x00,0x00,0x00,0x00,
  0xBC,0x5C,0x00,0x00,0x00,0x00,0xBC,0x5C,0x00,0x00,0x00,0x00,0xBC,0x5C,0x00,0x00,
  0x00,0x00,0xBC,0x5C,0x00,0x00,0x00,0x00,0xBC,0x5C,0x00,0x00,0x00,0x00,0xBC,0x5C,
  0x00,0x00,0x00,0x00,0xBC,0x5C,0x00,0x00,0x00,0x00,0xBC,0x5C,0x00,0x00,0x00,0x00,
  0xBC,0xFF,0xE4,0x00,0x38,0xEC,0x0E,0x00,0x00,0x00,0x00,0x00,0x00,0x00,0x00,0xB0,
  0x83,0x00,0x00,0x00,0x00,0x00,0x00,0x00,0x00,0x2A,0xF1,0x17,0x00,0x00,0x00,0x00,
  0x00,0x00,0x00,0x00,0x9F,0x93,0x00,0x00,0x00,0x00,0x00,0x00,0x00,0x00,0x1E,0xF2,
  0x21,0x00,0x00,0x00,0x00,0x00,0x00,0x00,0x00,0x8F,0xA3,0x00,0x00,0x00,0x00,0x00,
  0x00,0x00,0x00,0x14,0xEF,0x2D,0x00,0x00,0x00,0x00,0x00,0x00,0x00,0x00,0x7E,0xB3,
  0x00,0x00,0x00,0x00,0x00,0x00,0x00,0x00,0x0C,0xE9,0x3B,0x00,0x00,0x00,0x00,0x00,
  0x00,0x00,0x00,0x6E,0xC3,0x00,0x00,0x00,0x00,0x00,0x00,0x00,0x00,0x06,0xDE,0x4B,
  0x00,0x00,0x00,0x00,0x00,0x00,0x00,0x00,0x5D,0xD1,0x02,0x00,0x00,0x00,0x00,0x00,
  0x00,0x00,0x02,0xD2,0x5B,0x00,0x00,0x00,0x00,0x00,0x00,0x00,0x00,0x4C,0xDD,0x05,
  0x48,0xFF,0xFF,0x58,0x00,0x00,0x00,0x00,0xC0,0x58,0x00,0x00,0x00,0x00,0xC0,0x58,
  0x00,0x00,0x00,0x00,0xC0,0x58,0x00,0x00,0x00,0x00,0xC0,0x58,0x00,0x00,0x00,0x00,
  0xC0,0x58,0x00,0x00,0x00,0x00,0xC0,0x58,0x00,0x00,0x00,0x00,0xC0,0x58,0x00,0x00,
  0x00,0x00,0xC0,0x58,0x00,0x00,0x00,0x00,0xC0,0x58,0x00,0x00,0x00,0x00,0xC0,0x58,
  0x00,0x00,0x00,0x00,0xC0,0x58,0x00,0x00,0x00,0x00,0xC0,0x58,0x00,0x00,0x00,0x00,
  0xC0,0x58,0x00,0x00,0x48,0xFF,0xFF,0x58,0x00,0x00,0x00,0x00,0x00,0x00,0x58,0xF9,
  0x1D,0x00,0x00,0x00,0x00,0x00,0x00,0x00,0x01,0xD2,0x9E,0x96,0x00,0x00,0x00,0x00,
  0x00,0x00,0x00,0x56,0xA8,0x0B,0xE4,0x1D,0x00,0x00,0x00,0x00,0x00,0x01,0xD1,0x2C,
  0x00,0x77,0x95,0x00,0x00,0x00,0x00,0x00,0x54,0xAC,0x00,0x00,0x0B,0xE4,0x1C,0x00,
  0x00,0x00,0x01,0xD0,0x2F,0x00,0x00,0x00,0x78,0x94,0x00,0x00,0x00,0x52,0xB0,0x00,
  0x00,0x00,0x00,0x0C,0xE4,0x1B,0x00,0x01,0xCF,0x33,0x00,0x00,0x00,0x00,0x00,0x78,
  0x94,0x00,0x00,0x00,0x00,0x00,0x00,0x00,0x00,0x00,0x00,0x00,0x00,0x00,0x00,0x00,
  0x00,0x00,0x00,0x00,0x00,0x00,0x00,0x00,0x00,0x00,0x00,0x00,0x00,0x00,0x00,0x00,
  0x00,0x00,0x00,0x00,0x00,0x00,0x00,0x00,0x00,0x00,0x00,0x00,0x00,0x00,0xFF,0xFF,
  0xFF,0xFF,0xFF,0xFF,0xFF,0xFF,0x02,0x8E,0xE0,0x17,0x00,0x00,0x00,0x00,0x6B,0xC5,
  0x09,0x00,0x00,0x00,0x00,0x00,0x00,0x00,0x00,0x00,0x00,0x00,0x00,0x00,0x00,0x00,
  0x00,0x00,0x00,0x00,0x00,0x00,0x00,0x00,0x00,0x00,0x00,0x00,0x00,0x00,0x00,0x00,
  0x00,0x00,0x00,0x00,0x00,0x00,0x00,0x00,0x00,0x00,0x00,0x00,0x00,0x00,0x00,0x00,
  0x00,0x00,0x00,0x00,0x00,0x00,0x00,0x00,0x00,0x00,0x00,0x00,0x00,0x00,0x00,0x00,
  0x00,0x00,0x00,0x00,0x00,0x00,0x00,0x4C,0x99,0xA6,0x76,0x12,0x2D,0x4F,0x00,0x00,
  0x04,0xAB,0xE1,0x7E,0x6D,0xA5,0xE3,0x8A,0xB0,0x00,0x00,0x84,0xD3,0x0F,0x00,0x00,
  0x00,0x4A,0xFC,0xB0,0x00,0x05,0xF1,0x3F,0x00,0x00,0x00,0x00,0x00,0xA1,0xB0,0x00,
  0x24,0xFB,0x05,0x00,0x00,0x00,0x00,0x00,0x64,0xB0,0x00,0x1A,0xFF,0x0F,0x00,0x00,
  0x00,0x00,0x00,0x73,0xB0,0x00,0x00,0xD6,0x69,0x00,0x00,0x00,0x00,0x02,0xC6,0xB0,
  0x00,0x00,0x49,0xF1,0x44,0x00,0x00,0x08,0x97,0xE9,0xB0,0x00,0x00,0x00,0x55,0xE9,
  0xCE,0xBC,0xE9,0x94,0x68,0xB0,0x00,0x00,0x00,0x00,0x07,0x3E,0x4B,0x1B,0x00,0x04,
  0x08,0x00,0x00,0xB4,0x60,0x00,0x00,0x00,0x00,0x00,0x00,0x00,0x00,0x00,0xB4,0x60,
  0x00,0x00,0x00,0x00,0x00,0x00,0x00,0x00,0x00,0xB4,0x60,0x00,0x00,0x00,0x00,0x00,
  0x00,0x00,0x00,0x00,0xB4,0x60,0x42,0xBB,0xEA,0xDE,0x91,0x12,0x00,0x00,0x00,0xB4,
  0xBC,0xF6,0x90,0x5C,0x6F,0xD8,0xDA,0x14,0x00,0x00,0xB4,0xF8,0x32,0x00,0x00,0x00,
  0x0C,0xD0,0xA4,0x00,0x00,0xB4,0x8E,0x00,0x00,0x00,0x00,0x00,0x3F,0xF8,0x08,0x00,
  0xB4,0x59,0x00,0x00,0x00,0x00,0x00,0x07,0xFD,0x1D,0x00,0xB4,0x6E,0x00,0x00,0x00,
  0x00,0x00,0x16,0xFB,0x0A,0x00,0xB4,0xC8,0x02,0x00,0x00,0x00,0x00,0x76,0xAF,0x00,
  0x00,0xB4,0xB9,0x91,0x07,0x00,0x00,0x52,0xDE,0x1E,0x00,0x00,0x8C,0x4B,0x4F,0xC2,
  0xC1,0xD3,0xAA,0x1E,0x00,0x00,0x00,0x00,0x00,0x00,0x00,0x07,0x02,0x00,0x00,0x00,
  0x00,0x00,0x00,0x0F,0x8A,0xDD,0xF9,0xE6,0xA0,0x22,0x00,0x00,0x13,0xD7,0xAE,0x32,
  0x0A,0x1F,0x80,0xEE,0x2F,0x00,0xA3,0x99,0x00,0x00,0x00,0x00,0x00,0x3D,0x0E,0x08,
  0xF8,0x1D,0x00,0x00,0x00,0x00,0x00,0x00,0x00,0x1E,0xFD,0x00,0x00,0x00,0x00,0x00,
  0x00,0x00,0x00,0x0A,0xFB,0x23,0x00,0x00,0x00,0x00,0x00,0x00,0x00,0x00,0xAD,0xA3,
  0x00,0x00,0x00,0x00,0x00,0x3E,0x0C,0x00,0x1A,0xE0,0xA5,0x29,0x05,0x20,0x84,0xED,
  0x2F,0x00,0x00,0x15,0x94,0xE4,0xFA,0xE2,0x9B,0x1F,0x00,0x00,0x00,0x00,0x00,0x00,
  0x00,0x00,0x00,0x00,0x00,0x00,0x00,0x00,0x00,0x00,0x00,0x00,0x00,0x60,0xB4,0x00,
  0x00,0x00,0x00,0x00,0x00,0x00,0x00,0x00,0x60,0xB4,0x00,0x00,0x00,0x00,0x00,0x00,
  0x00,0x00,0x00,0x60,0xB4,0x00,0x00,0x00,0x11,0x8E,0xDD,0xEA,0xBB,0x40,0x60,0xB4,
  0x00,0x00,0x15,0xDA,0xE2,0x7F,0x67,0x9A,0xF7,0xB2,0xB4,0x00,0x00,0xA7,0xD6,0x10,
  0x00,0x00,0x00,0x42,0xFD,0xB4,0x00,0x0A,0xFA,0x43,0x00,0x00,0x00,0x00,0x00,0x9D,
  0xB4,0x00,0x22,0xFD,0x07,0x00,0x00,0x00,0x00,0x00,0x61,0xB4,0x00,0x0D,0xFC,0x13,
  0x00,0x00,0x00,0x00,0x00,0x64,0xB4,0x00,0x00,0xB5,0x6E,0x00,0x00,0x00,0x00,0x00,
  0xBA,0xB4,0x00,0x00,0x22,0xDF,0x46,0x00,0x00,0x09,0x94,0xC4,0xB4,0x00,0x00,0x00,
  0x22,0xAD,0xC6,0xBC,0xC3,0x53,0x4B,0x8C,0x00,0x00,0x00,0x00,0x00,0x02,0x07,0x00,
  0x00,0x00,0x00,0x00,0x00,0x00,0x00,0x3D,0x84,0x8F,0x63,0x0B,0x00,0x00,0x00,0x03,
  0xA1,0xDD,0x83,0x76,0xB5,0xE3,0x2F,0x00,0x00,0x7F,0xCA,0x09,0x00,0x00,0x00,0x65,
  0xE0,0x07,0x05,0xF1,0x40,0x00,0x00,0x00,0x00,0x00,0xCF,0x56,0x27,0xFF,0xFF,0xFF,
  0xFF,0xFF,0xFF,0xFF,0xFF,0x87,0x1E,0xFD,0x0D,0x00,0x00,0x00,0x00,0x00,0x00,0x00,
  0x00,0xD4,0x6A,0x00,0x00,0x00,0x00,0x15,0xD1,0x16,0x00,0x3B,0xEE,0x75,0x1B,0x0C,
  0x47,0xD8,0x87,0x00,0x00,0x00,0x2E,0xAE,0xEE,0xF6,0xCD,0x5F,0x00,0x00,0x00,0x00,
  0x00,0x00,0x00,0x00,0x00,0x00,0x00,0x00,0x00,0x00,0x12,0x3C,0x16,0x00,0x0B,0xE6,
  0xCB,0xA3,0x00,0x39,0xE1,0x00,0x00,0x00,0x44,0xD4,0x00,0x00,0x60,0xFF,0xFF,0xFF,
  0x9C,0x00,0x44,0xD4,0x00,0x00,0x00,0x44,0xD4,0x00,0x00,0x00,0x44,0xD4,0x00,0x00,
  0x00,0x44,0xD4,0x00,0x00,0x00,0x44,0xD4,0x00,0x00,0x00,0x44,0xD4,0x00,0x00,0x00,
  0x44,0xD4,0x00,0x00,0x00,0x00,0x00,0x00,0x00,0x00,0x00,0x06,0x6D,0xBD,0xD0,0xA4,
  0x2F,0x35,0x77,0x00,0x00,0x0B,0xC5,0xE6,0x83,0x6A,0x99,0xF4,0xA7,0xC4,0x00,0x00,
  0x95,0xDB,0x14,0x00,0x00,0x00,0x35,0xF8,0xC4,0x00,0x04,0xF4,0x4A,0x00,0x00,0x00,
  0x00,0x00,0x8C,0xC4,0x00,0x16,0xFF,0x0E,0x00,0x00,0x00,0x00,0x00,0x59,0xC4,0x00,
  0x04,0xF4,0x26,0x00,0x00,0x00,0x00,0x00,0x73,0xC4,0x00,0x00,0x95,0x9F,0x00,0x00,
  0x00,0x00,0x0B,0xDC,0xC3,0x00,0x00,0x0B,0xC4,0xAF,0x45,0x2B,0x55,0xCB,0xA6,0xBC,
  0x00,0x00,0x00,0x05,0x62,0xA9,0xB3,0x87,0x21,0x6C,0xA9,0x00,0x00,0x88,0x4B,0x00,
  0x00,0x00,0x00,0x00,0xB8,0x6C,0x00,0x00,0x46,0xED,0x6F,0x18,0x06,0x2D,0xA3,0xD3,
  0x0B,0x00,0x00,0x00,0x36,0xAF,0xE8,0xFA,0xE1,0x85,0x0A,0x00,0x00,0x00,0xC8,0x50,
  0x00,0x00,0x00,0x00,0x00,0x00,0x00,0x00,0xC8,0x50,0x00,0x00,0x00,0x00,0x00,0x00,
  0x00,0x00,0xC8,0x50,0x00,0x00,0x00,0x00,0x00,0x00,0x00,0x00,0xC8,0x50,0x3B,0xB0,
  0xD3,0xA7,0x26,0x00,0x00,0x00,0xC8,0xA5,0xE6,0x6E,0x57,0xAE,0xEA,0x12,0x00,0x00,
  0xC8,0xE8,0x1F,0x00,0x00,0x01,0xCC,0x6B,0x00,0x00,0xC8,0x7E,0x00,0x00,0x00,0x00,
  0x85,0x94,0x00,0x00,0xC8,0x58,0x00,0x00,0x00,0x00,0x7A,0xA1,0x00,0x00,0xC8,0x50,
  0x00,0x00,0x00,0x00,0x78,0xA4,0x00,0x00,0xC8,0x50,0x00,0x00,0x00,0x00,0x78,0xA4,
  0x00,0x00,0xC8,0x50,0x00,0x00,0x00,0x00,0x78,0xA4,0x00,0x00,0xC8,0x50,0x00,0x00,
  0x00,0x00,0x78,0xA4,0x00,0x00,0x00,0x00,0x00,0x00,0x00,0x00,0x00,0x00,0x00,0x14,
  0xA9,0x34,0x2D,0xFA,0x60,0x00,0x08,0x00,0x00,0x78,0x14,0x00,0xF0,0x28,0x00,0xF0,
  0x28,0x00,0xF0,0x28,0x00,0xF0,0x28,0x00,0xF0,0x28,0x00,0xF0,0x28,0x00,0xF0,0x28,
  0x00,0xF0,0x28,0x00,0x00,0x00,0x12,0xA8,0x37,0x29,0xF9,0x62,0x00,0x07,0x00,0x00,
  0x69,0x15,0x00,0xE8,0x30,0x00,0xE8,0x30,0x00,0xE8,0x30,0x00,0xE8,0x30,0x00,0xE8,
  0x30,0x00,0xE8,0x30,0x00,0xE8,0x30,0x00,0xE8,0x30,0x00,0xE9,0x2F,0x48,0xF9,0x1F,
  0xB0,0xA4,0x00,0x00,0xF0,0x28,0x00,0x00,0x00,0x00,0x00,0x00,0xF0,0x28,0x00,0x00,
  0x00,0x00,0x00,0x00,0xF0,0x28,0x00,0x00,0x00,0x00,0x00,0x00,0xF0,0x28,0x00,0x00,
  0x31,0xA7,0x37,0x00,0xF0,0x28,0x00,0x46,0xEF,0x67,0x00,0x00,0xF0,0x28,0x5E,0xF0,
  0x4D,0x00,0x00,0x00,0xF0,0x9D,0xE9,0x36,0x00,0x00,0x00,0x00,0xF0,0xFF,0x4E,0x00,
  0x00,0x00,0x00,0x00,0xF0,0x93,0xEC,0x39,0x00,0x00,0x00,0x00,0xF0,0x28,0x58,0xEF,
  0x48,0x00,0x00,0x00,0xF0,0x28,0x00,0x45,0xEE,0x5A,0x00,0x00,0xF0,0x28,0x00,0x00,
  0x35,0xE9,0x6D,0x00,0x00,0x00,0x00,0x00,0x00,0x00,0x00,0x00,0xF0,0x24,0x00,0xF0,
  0x24,0x00,0xF0,0x24,0x00,0xF0,0x24,0x00,0xF0,0x24,0x00,0xF0,0x24,0x00,0xF0,0x24,
  0x00,0xF0,0x24,0x00,0xF0,0x24,0x00,0xF0,0x24,0x00,0xF0,0x24,0x00,0xF0,0x24,0x00,
  0x00,0x00,0x00,0x64,0x26,0x38,0x9F,0xAF,0x64,0x00,0x00,0x4D,0xA5,0xA7,0x46,0x00,
  0x00,0x00,0xC8,0x9E,0xD4,0x6B,0x6B,0xE2,0x7D,0x7B,0xBE,0x61,0x7A,0xF2,0x52,0x00,
  0x00,0xC8,0xE1,0x0F,0x00,0x00,0x3B,0xF3,0xB4,0x02,0x00,0x00,0x6D,0xB8,0x00,0x00,
  0xC8,0x7F,0x00,0x00,0x00,0x08,0xFF,0x47,0x00,0x00,0x00,0x3D,0xDF,0x00,0x00,0xC8,
  0x59,0x00,0x00,0x00,0x00,0xFD,0x21,0x00,0x00,0x00,0x34,0xEB,0x00,0x00,0xC8,0x4D,
  0x00,0x00,0x00,0x00,0xFC,0x16,0x00,0x00,0x00,0x34,0xEC,0x00,0x00,0xC8,0x4C,0x00,
  0x00,0x00,0x00,0xFC,0x14,0x00,0x00,0x00,0x34,0xEC,0x00,0x00,0xC8,0x4C,0x00,0x00,
  0x00,0x00,0xFC,0x14,0x00,0x00,0x00,0x34,0xEC,0x00,0x00,0xC8,0x4C,0x00,0x00,0x00,
  0x00,0xFC,0x14,0x00,0x00,0x00,0x34,0xEC,0x00,0x00,0x00,0x00,0x00,0x00,0x00,0x00,
  0x00,0x00,0x00,0x00,0x00,0x00,0x00,0x00,0x00,0x64,0x28,0x24,0x90,0xB3,0x87,0x15,
  0x00,0x00,0x00,0xC8,0x90,0xDE,0x6D,0x57,0xAD,0xDB,0x0B,0x00,0x00,0xC8,0xE8,0x1F,
  0x00,0x00,0x00,0xCB,0x63,0x00,0x00,0xC8,0x7E,0x00,0x00,0x00,0x00,0x85,0x92,0x00,
  0x00,0xC8,0x58,0x00,0x00,0x00,0x00,0x77,0xA0,0x00,0x00,0xC8,0x50,0x00,0x00,0x00,
  0x00,0x74,0xA4,0x00,0x00,0xC8,0x50,0x00,0x00,0x00,0x00,0x74,0xA4,0x00,0x00,0xC8,
  0x50,0x00,0x00,0x00,0x00,0x74,0xA4,0x00,0x00,0xC8,0x50,0x00,0x00,0x00,0x00,0x74,
  0xA4,0x00,0x00,0x00,0x00,0x00,0x00,0x00,0x00,0x00,0x00,0x00,0x00,0x00,0x00,0x4F,
  0x9A,0xA8,0x7C,0x18,0x00,0x00,0x00,0x06,0xB1,0xE2,0x80,0x6C,0xAE,0xEF,0x3E,0x00,
  0x00,0x89,0xD5,0x10,0x00,0x00,0x00,0x6A,0xED,0x13,0x06,0xF3,0x41,0x00,0x00,0x00,
  0x00,0x00,0xC3,0x72,0x28,0xFB,0x06,0x00,0x00,0x00,0x00,0x00,0x82,0x9F,0x1F,0xFE,
  0x0D,0x00,0x00,0x00,0x00,0x00,0x8E,0x96,0x00,0xDC,0x60,0x00,0x00,0x00,0x00,0x09,
  0xDC,0x54,0x00,0x50,0xEC,0x45,0x00,0x00,0x11,0xAF,0xC6,0x02,0x00,0x00,0x5B,0xEC,
  0xDA,0xC7,0xF4,0xB3,0x12,0x00,0x00,0x00,0x00,0x08,0x3F,0x4D,0x23,0x00,0x00,0x00,
  0x00,0x74,0x2F,0x2F,0xA0,0xCB,0xBA,0x66,0x03,0x00,0x00,0x00,0xC4,0x9B,0xF4,0x9B,
  0x6B,0x84,0xE8,0xB6,0x05,0x00,0x00,0xC4,0xF7,0x35,0x00,0x00,0x00,0x17,0xE0,0x81,
  0x00,0x00,0xC4,0x87,0x00,0x00,0x00,0x00,0x00,0x53,0xE8,0x00,0x00,0xC4,0x4C,0x00,
  0x00,0x00,0x00,0x00,0x15,0xFF,0x0D,0x00,0xC4,0x5A,0x00,0x00,0x00,0x00,0x00,0x24,
  0xF8,0x03,0x00,0xC4,0xB0,0x00,0x00,0x00,0x00,0x00,0x7E,0xAF,0x00,0x00,0xC4,0xD7,
  0x83,0x04,0x00,0x00,0x53,0xE8,0x24,0x00,0x00,0xC4,0x52,0x7B,0xD8,0xBA,0xD4,0xC6,
  0x2C,0x00,0x00,0x00,0xC4,0x50,0x00,0x07,0x27,0x19,0x00,0x00,0x00,0x00,0x00,0xC4,
  0x50,0x00,0x00,0x00,0x00,0x00,0x00,0x00,0x00,0x00,0xC4,0x50,0x00,0x00,0x00,0x00,
  0x00,0x00,0x00,0x00,0x00,0x00,0x07,0x71,0xBE,0xCA,0x9A,0x26,0x3B,0x68,0x00,0x00,
  0x0C,0xC8,0xE4,0x80,0x67,0x9C,0xEF,0xA0,0xB0,0x00,0x00,0x9A,0xD7,0x12,0x00,0x00,
  0x00,0x45,0xFE,0xB0,0x00,0x09,0xF7,0x42,0x00,0x00,0x00,0x00,0x00,0xA0,0xB0,0x00,
  0x25,0xFB,0x06,0x00,0x00,0x00,0x00,0x00,0x61,0xB0,0x00,0x15,0xFE,0x0F,0x00,0x00,
  0x00,0x00,0x00,0x65,0xB0,0x00,0x00,0xC7,0x69,0x00,0x00,0x00,0x00,0x00,0xBF,0xB0,
  0x00,0x00,0x34,0xEA,0x44,0x00,0x00,0x0B,0x9B,0xD8,0xB0,0x00,0x00,0x00,0x38,0xCE,
  0xCE,0xBD,0xDD,0x71,0x64,0xB0,0x00,0x00,0x00,0x00,0x00,0x1A,0x27,0x06,0x00,0x64,
  0xB0,0x00,0x00,0x00,0x00,0x00,0x00,0x00,0x00,0x00,0x64,0xB0,0x00,0x00,0x00,0x00,
  0x00,0x00,0x00,0x00,0x00,0x64,0xB0,0x00,0x1A,0x76,0x27,0xAA,0x66,0x34,0xF2,0xCF,
  0x70,0x2A,0x34,0xFF,0x68,0x00,0x00,0x34,0xFF,0x13,0x00,0x00,0x34,0xF7,0x00,0x00,
  0x00,0x34,0xED,0x00,0x00,0x00,0x34,0xEC,0x00,0x00,0x00,0x34,0xEC,0x00,0x00,0x00,
  0x34,0xEC,0x00,0x00,0x00,0x00,0x00,0x00,0x00,0x00,0x00,0x4F,0xD6,0xEA,0x8E,0x07,
  0x10,0xED,0x3E,0x2B,0xA8,0x30,0x27,0xDF,0x01,0x00,0x00,0x00,0x02,0xCE,0xA7,0x16,
  0x00,0x00,0x00,0x12,0xA2,0xEE,0x5D,0x00,0x00,0x00,0x00,0x39,0xEA,0x3B,0x00,0x00,
  0x00,0x00,0x95,0x74,0x44,0x9B,0x19,0x2A,0xE0,0x3E,0x0D,0xA0,0xF3,0xE5,0x6E,0x00,
  0x00,0x00,0x00,0x00,0x00,0x00,0x00,0x00,0xD4,0x48,0x00,0x00,0x00,0x00,0xD4,0x48,
  0x00,0x00,0x00,0x00,0xD4,0x48,0x00,0x00,0x00,0x00,0xD4,0x48,0x00,0x00,0x54,0xFF,
  0xFF,0xFF,0xFF,0x04,0x00,0x00,0xD4,0x48,0x00,0x00,0x00,0x00,0xD4,0x48,0x00,0x00,
  0x00,0x00,0xD4,0x48,0x00,0x00,0x00,0x00,0xD4,0x48,0x00,0x00,0x00,0x00,0xD4,0x48,
  0x00,0x00,0x00,0x00,0xD2,0x50,0x00,0x00,0x00,0x00,0x89,0xFB,0xA0,0x00,0x00,0x00,
  0x00,0x00,0x00,0x00,0x00,0xE8,0x2C,0x00,0x00,0x00,0x00,0x98,0x84,0x00,0x00,0xE8,
  0x2C,0x00,0x00,0x00,0x00,0x98,0x84,0x00,0x00,0xE8,0x2C,0x00,0x00,0x00,0x00,0x98,
  0x84,0x00,0x00,0xE8,0x2C,0x00,0x00,0x00,0x00,0x99,0x84,0x00,0x00,0xE5,0x2E,0x00,
  0x00,0x00,0x00,0xA1,0x84,0x00,0x00,0xD7,0x3B,0x00,0x00,0x00,0x00,0xC7,0x84,0x00,
  0x00,0xAA,0x80,0x00,0x00,0x00,0x50,0xFF,0x84,0x00,0x00,0x35,0xF1,0x87,0x55,0x8C,
  0xD1,0xAC,0x84,0x00,0x00,0x00,0x2F,0x9A,0xAD,0x75,0x0B,0x4C,0x42,0x00,0x56,0xD0,
  0x00,0x00,0x00,0x00,0x0E,0xEE,0x2E,0x02,0xD6,0x4D,0x00,0x00,0x00,0x78,0xB0,0x00,
  0x00,0x5B,0xC8,0x00,0x00,0x09,0xE9,0x34,0x00,0x00,0x03,0xDA,0x44,0x00,0x6E,0xB7,
  0x00,0x00,0x00,0x00,0x60,0xBF,0x06,0xE3,0x3B,0x00,0x00,0x00,0x00,0x04,0xDE,0x9E,
  0xBE,0x00,0x00,0x00,0x00,0x00,0x00,0x65,0xFF,0x42,0x00,0x00,0x00,0x00,0x00,0x00,
  0x05,0xA7,0x00,0x00,0x00,0x00,0x00,0x00,0x00,0x00,0x00,0x00,0x00,0x00,0x00,0xB6,
  0x6C,0x00,0x00,0x00,0x00,0x9E,0x08,0x00,0x00,0x00,0x27,0xEF,0x0E,0x42,0xDB,0x02,
  0x00,0x00,0x2C,0xFE,0x69,0x00,0x00,0x00,0x99,0x89,0x00,0x00,0xCC,0x4E,0x00,0x00,
  0xA2,0xB3,0xDC,0x03,0x00,0x14,0xF0,0x1A,0x00,0x00,0x59,0xBF,0x00,0x1E,0xEE,0x11,
  0xC5,0x56,0x00,0x7F,0x9C,0x00,0x00,0x00,0x03,0xDF,0x30,0x90,0x8C,0x00,0x4E,0xCC,
  0x08,0xE8,0x28,0x00,0x00,0x00,0x00,0x70,0xB2,0xED,0x1A,0x00,0x01,0xD5,0xA6,0xAF,
  0x00,0x00,0x00,0x00,0x00,0x0C,0xEE,0x9C,0x00,0x00,0x00,0x5F,0xFF,0x39,0x00,0x00,
  0x00,0x00,0x00,0x00,0x84,0x26,0x00,0x00,0x00,0x05,0xA5,0x00,0x00,0x00,0x00,0x00,
  0x00,0x00,0x00,0x00,0x00,0x00,0x00,0x00,0x00,0x00,0x00,0x00,0x00,0x44,0xEC,0x1F,
  0x00,0x00,0x6B,0xD9,0x0C,0x00,0x84,0xC7,0x04,0x2E,0xEF,0x2F,0x00,0x00,0x03,0xC3,
  0x92,0xD7,0x6A,0x00,0x00,0x00,0x00,0x1C,0xF5,0xB8,0x00,0x00,0x00,0x00,0x00,0x5B,
  0xEA,0xEA,0x1B,0x00,0x00,0x00,0x25,0xEE,0x39,0x8D,0xC1,0x03,0x00,0x07,0xCD,0x77,
  0x00,0x05,0xCA,0x83,0x00,0x92,0xB8,0x01,0x00,0x00,0x22,0xEE,0x43,0x00,0x00,0x00,
  0x00,0x00,0x00,0x00,0x00,0x78,0xB0,0x00,0x00,0x00,0x00,0x0F,0xF1,0x29,0x0F,0xEF,
  0x2B,0x00,0x00,0x00,0x77,0xB2,0x00,0x00,0x88,0xA2,0x00,0x00,0x06,0xE5,0x3C,0x00,
  0x00,0x17,0xF3,0x20,0x00,0x61,0xC6,0x00,0x00,0x00,0x00,0x97,0x95,0x01,0xD4,0x50,
  0x00,0x00,0x00,0x00,0x22,0xF3,0x61,0xD7,0x01,0x00,0x00,0x00,0x00,0x00,0xA7,0xFB,
  0x63,0x00,0x00,0x00,0x00,0x00,0x00,0x52,0xE6,0x06,0x00,0x00,0x00,0x00,0x00,0x00,
  0xB0,0x77,0x00,0x00,0x00,0x00,0x00,0x00,0x28,0xF0,0x0F,0x00,0x00,0x00,0x00,0x00,
  0x00,0x9D,0x8B,0x00,0x00,0x00,0x00,0x00,0x78,0xFF,0xFF,0xFF,0xFF,0xFF,0x6B,0x00,
  0x00,0x00,0x00,0x79,0xBA,0x01,0x00,0x00,0x00,0x2E,0xE9,0x1C,0x00,0x00,0x00,0x06,
  0xD1,0x5B,0x00,0x00,0x00,0x00,0x89,0xAB,0x00,0x00,0x00,0x00,0x3B,0xE4,0x13,0x00,
  0x00,0x00,0x0B,0xDC,0x4C,0x00,0x00,0x00,0x00,0x98,0xFF,0xFF,0xFF,0xFF,0xFF,0x9C,
  0x00,0x00,0x00,0x00,0x00,0x00,0x00,0x00,0x00,0x23,0xCD,0xFB,0x1C,0x00,0x00,0xA0,
  0xDC,0x47,0x06,0x00,0x00,0xC3,0x8A,0x00,0x00,0x00,0x00,0xCD,0x82,0x00,0x00,0x00,
  0x00,0xD3,0x7C,0x00,0x00,0x00,0x00,0xE8,0x67,0x00,0x00,0x11,0x7D,0xF7,0x21,0x00,
  0x00,0x68,0xFE,0x4F,0x00,0x00,0x00,0x12,0x82,0xE0,0x0D,0x00,0x00,0x00,0x00,0xEA,
  0x58,0x00,0x00,0x00,0x00,0xD2,0x79,0x00,0x00,0x00,0x00,0xCB,0x84,0x00,0x00,0x00,
  0x00,0xC1,0x89,0x00,0x00,0x00,0x00,0x9C,0xBA,0x0D,0x00,0x00,0x00,0x25,0xCE,0xFA,
  0x1C,0x00,0x00,0x00,0xD0,0x4C,0x00,0x00,0x00,0x00,0x00,0x00,0xD0,0x4C,0x00,0x00,
  0x00,0x00,0x00,0x00,0xD0,0x4C,0x00,0x00,0x00,0x00,0x00,0x00,0xD0,0x4C,0x00,0x00,
  0x00,0x00,0x00,0x00,0xD0,0x4C,0x00,0x00,0x00,0x00,0x00,0x00,0xD0,0x4C,0x00,0x00,
  0x00,0x00,0x00,0x00,0xD0,0x4C,0x00,0x00,0x00,0x00,0x00,0x00,0xD0,0x4C,0x00,0x00,
  0x00,0x00,0x00,0x00,0xD0,0x4C,0x00,0x00,0x00,0x00,0x00,0x00,0xD0,0x4C,0x00,0x00,
  0x00,0x00,0x00,0x00,0xD0,0x4C,0x00,0x00,0x00,0x00,0x00,0x00,0xD0,0x4C,0x00,0x00,
  0x00,0x00,0x00,0x00,0xD0,0x4C,0x00,0x00,0x00,0x00,0x00,0x00,0xD0,0x4C,0x00,0x00,
  0x00,0x00,0x00,0x00,0xD0,0x4C,0x00,0x00,0x00,0x00,0x00,0x00,0xD0,0x4C,0x00,0x00,
  0x00,0x7B,0xF1,0x92,0x00,0x00,0x00,0x1E,0x6F,0xFF,0x37,0x00,0x00,0x00,0x00,0xF0,
  0x5C,0x00,0x00,0x00,0x00,0xE7,0x66,0x00,0x00,0x00,0x00,0xE2,0x6D,0x00,0x00,0x00,
  0x00,0xCF,0x85,0x00,0x00,0x00,0x00,0x7C,0xE8,0x45,0x01,0x00,0x00,0x02,0xAD,0xFF,
  0x08,0x00,0x00,0x55,0xE6,0x46,0x01,0x00,0x00,0xBE,0x86,0x00,0x00,0x00,0x00,0xDD,
  0x6B,0x00,0x00,0x00,0x00,0xE8,0x63,0x00,0x00,0x00,0x00,0xEE,0x5A,0x00,0x00,0x01,
  0x2C,0xFE,0x39,0x00,0x00,0x7B,0xF2,0x97,0x00,0x00,0x00,0x06,0x7D,0xD7,0xCB,0x74,
  0x13,0x00,0x00,0x38,0x00,0x20,0xBC,0x59,0x69,0xCD,0xF7,0xB6,0xD2,0xC2,0x00,0x01,
  0x00,0x00,0x00,0x00,0x36,0x75,0x5E,0x08,0x00,0x00,0x00,0x00,0x00,0x00,0x00,0x00,
  0x00,0x00,0x00,0x00,0x00,0x00,0x00,0x00,0x00,0x00,0x00,0x00,0x00,0x00,0x00,0x00,
  0x00,0x00,0x00,0x00,0x00,0x00,0x00,0x00,0x00,0x00,0x00,0x00,0x00,0x00,0x00,0x00,
  0x00,0x00,0x00,0x00,0x00,0x00,0x00,0x00,0x00,0x00,0x00,0x00,0x00,0x22,0xAB,0xB1,
  0x32,0x00,0x00,0x00,0x00,0x00,0x00,0x00,0x00,0x00,0x00,0x00,0x00,0xB0,0x1E,0x10,
  0xBF,0x00,0x00,0x00,0x00,0x00,0x00,0x00,0x00,0x00,0x00,0x00,0x00,0xB9,0x06,0x00,
  0xBF,0x01,0x00,0x00,0x00,0x00,0x00,0x00,0x00,0x00,0x00,0x00,0x00,0x46,0xC0,0xBC,
  0x5F,0x00,0x00,0x00,0x00,0x00,0x00,0x00,0x00,0x00,0x00,0x00,0x00,0x00,0x02,0x05,
  0x00,0x00,0x00,0x00,0x00,0x00,0x00,0x00,0x00,0x00,0x00,0x00,0x00,0x00,0x00,0x00,
  0x00,0x00,0x00,0x00,0x00,0x00,0x00,0x00,0x00,0x00,0x00,0x00,0x00,0x00,0x00,0x00,
  0x00,0x00,0x00,0x00,0x00,0x00,0x00,0x00,0x00,0x00,0x00,0x00,0x00,0x00,0x00,0x00,
  0x00,0x00,0x00,0x00,0x00,0x00,0x00,0x00,0x00,0x00,0x00,0x00,0x00,0x00,0x00,0x00,
  0x00,0x00,0x00,0x00,0x00,0x00,0x00,0x00,0x00,0x00,0x00,0x00,0x00,0x00,0x00,0x00,
  0x00,0x00,0x00,0x00,0x00,0x00,0x00,0x00,0x00,0x00,0x00,0x00,0x00,0x00,0x00,0x00,
  0x00,0x00,0x00,0x00,0x00,0x00,0x00,0x00,0x00,0x00,0x00,0x00,0x00,0x00,0x00,0x00,
  0x00,0x00,0x00,0x00,0x00,0x00,0x00,0x00,0x00,0x00,0x00,0x00,0x00,0x00,0x00,0x00,
  0x00,0x00,0x00,0x00,0x00,0x00,0x00,0x00,0x00,0x00,0x00,0x00,0x00,0x2C,0x68,0x22,
  0x00,0x00,0x00,0x00,0x00,0x00,0x00,0x00,0x00,0x00,0x00,0x00,0x29,0xC5,0x56,0xCF,
  0x12,0x00,0x2F,0xAD,0xEC,0xF6,0xCF,0x70,0x04,0x00,0x00,0x00,0x5A,0x7A,0x00,0xA0,
  0x32,0x4D,0xEA,0x6A,0x16,0x0A,0x3C,0xBC,0xC6,0x0B,0x00,0x00,0x0E,0xBA,0xA6,0xAE,
  0x1F,0xED,0x39,0x00,0x00,0x00,0x00,0x02,0xA4,0x4F,0x00,0x00,0x00,0x00,0x0C,0x00,
  0x88,0xA0,0x00,0x00,0x00,0x00,0x00,0x00,0x00,0x00,0x00,0x00,0x00,0x00,0x00,0x00,
  0xC8,0x59,0x00,0x00,0x00,0x00,0x00,0x00,0x00,0x00,0x00,0x00,0x00,0x00,0x00,0x00,
  0xDB,0x44,0x00,0x00,0x00,0x00,0x00,0x00,0x00,0x00,0x00,0x00,0x00,0x00,0x00,0x00,
  0xC8,0x57,0x00,0x00,0x00,0x00,0x00,0x00,0x00,0x00,0x00,0x00,0x00,0x00,0x00,0x00,
  0x8C,0x9C,0x00,0x00,0x00,0x00,0x00,0x00,0x00,0x00,0x00,0x00,0x00,0x00,0x00,0x00,
  0x22,0xF0,0x33,0x00,0x00,0x00,0x00,0x00,0x87,0x42,0x00,0x00,0x00,0x00,0x00,0x00,
  0x00,0x5C,0xEB,0x68,0x16,0x07,0x2E,0xA7,0xDC,0x17,0x00,0x00,0x00,0x00,0x00,0x00,
  0x00,0x00,0x39,0xB3,0xEE,0xF8,0xDC,0x8D,0x0F,0x00,0x00,0x00,0x00,0x00,0x00,0x00,
  0x00,0x00,0x00,0x00,0x00,0x00,0x00,0x00,0x00,0x00,0x00,0x0C,0xFF,0xFF,0xFF,0xFF,
  0xFF,0xFF,0xFF,0xFF,0xFF,0xFF,0xFF,0xFF,0xFF,0xFF,0x0C,0x00,0x00,0x00,0x00,0x00,
  0x00,0x00,0x00,0x00,0x00,0x00,0x00,0x00,0x00,0x00,0x00,0x00,0x00,0x00,0x00,0x00,
  0x00,0x00,0x00,0x00,0x00,0x00,0x00,0x00,0x00,0x00,0x00,0x00,0x00,0x00,0x00,0x00,
  0x00,0x00,0x00,0x00,0x00,0x00,0x00,0x00,0x00,0x00,0x00,0x00,0x00,0x00,0x00,0x00,
  0x00,0x00,0x00,0x00,0x00,0x00,0x00,0x00,0x00,0x00,0x00,0x00,0x00,0x00,0x00,0x00,
  0x00,0x00,0x00,0x00,0x00,0x00,0x00,0x00,0x00,0x00,0x00,0x00,0x00,0x00,0x00,0x00,
  0x00,0x00,0x00,0x00,0x00,0x00,0x00,0x00,0x00,0x00,0x00,0x00,0x00,0x00,0x00,0x00,
  0x00,0x08,0xEC,0x3E,0x00,0x00,0x00,0x00,0x00,0x00,0x00,0x00,0x00,0x00,0x00,0x00,
  0x00,0x00,0xFA,0x15,0x00,0x00,0x00,0x00,0x00,0x00,0x00,0x00,0x00,0x00,0x00,0x00,
  0x00,0x00,0xF8,0x14,0x00,0x00,0x00,0x00,0x00,0x00,0x00,0x00,0x00,0x00,0x00,0x00,
  0x00,0x00,0xF8,0x14,0x00,0x00,0x00,0x00,0x00,0x00,0x00,0x00,0x00,0x00,0x00,0x00,
  0x00,0x00,0xF8,0x14,0x00,0x00,0x03,0x09,0x0F,0x00,0x00,0x00,0x00,0x00,0x00,0x00,
  0x00,0x00,0xF8,0xFF,0xFF,0xFF,0xFF,0xFF,0xB8,0x00,0x00,0x00,0x00,0x00,0x00,0x00,
  0x00,0x00,0xF8,0x14,0x01,0x03,0x05,0x0A,0x11,0x00,0x00,0x00,0x00,0x00,0x00,0x00,
  0x00,0x00,0xF8,0x14,0x00,0x00,0x00,0x00,0x00,0x00,0x00,0x00,0x00,0x00,0x00,0x00,
  0x00,0x00,0xF8,0x14,0x00,0x00,0x00,0x00,0x00,0x00,0x00,0x00,0x00,0x00,0x00,0x00,
  0x00,0x00,0xF8,0x14,0x00,0x00,0x00,0x00,0x00,0x00,0x00,0x00,0x00,0x00,0x00,0x00,
  0x00,0x00,0xF8,0x14,0x00,0x00,0x00,0x00,0x00,0x00,0x00,0x00,0x00,0x00,0x00,0x00,
  0x00,0x00,0xF8,0x14,0x00,0x00,0x00,0x00,0x00,0x00,0x00,0x00,0x18,0x0F,0x09,0x03,
  0x00,0x00,0xF8,0x14,0x00,0x00,0x02,0x04,0x0B,0x16,0x00,0x00,0xF0,0xFF,0xFF,0xFF,
  0xFF,0xFF,0xFF,0xFF,0xFF,0xFF,0xFF,0xFF,0xFF,0xEC,0x00,0x00,0xAC,0xFF,0xFF,0xFF,
  0xFF,0xFF,0xFF,0xFF,0xFF,0xFF,0xFF,0xFF,0xFF,0xAC,0x00,0x00,0x12,0x11,0x08,0x06,
  0x02,0x01,0xE4,0x1C,0x01,0x03,0x05,0x09,0x12,0x12,0x00,0x00,0x00,0x00,0x00,0x00,
  0x00,0x00,0xE4,0x1C,0x00,0x00,0x00,0x00,0x00,0x00,0x00,0x00,0x00,0x00,0x00,0x00,
  0x00,0x00,0xE4,0x1C,0x04,0x00,0x00,0x00,0x00,0x00,0x00,0x00,0x00,0x00,0x00,0x00,
  0x00,0x00,0xE4,0x1C,0x86,0x80,0x00,0x00,0x00,0x00,0x00,0x00,0x00,0x00,0x00,0x00,
  0x00,0x00,0xE4,0x1C,0x06,0xAD,0x95,0x01,0x00,0x00,0x00,0x00,0x00,0x00,0x00,0x00,
  0x00,0x00,0xE4,0x1C,0x00,0x04,0xAD,0x9F,0x02,0x00,0x00,0x00,0x00,0x00,0x00,0x00,
  0x00,0x00,0xE4,0x1C,0x00,0x00,0x06,0xBD,0x9E,0x00,0x00,0x00,0x00,0x00,0x00,0x00,
  0x00,0x00,0xE4,0x1C,0x00,0x00,0x00,0x10,0x5D,0x00,0x00,0x00,0x00,0x00,0x00,0x00,
  0x00,0x00,0xE4,0x1C,0x00,0x00,0x00,0x00,0x00,0x00,0x00,0x00,0x00,0x00,0x00,0x00,
  0x00,0x00,0xE5,0x1D,0x00,0x00,0x00,0x00,0x00,0x00,0x00,0x00,0x00,0x00,0x00,0x00,
  0x00,0x00,0xEC,0x23,0x00,0x00,0x00,0x00,0x00,0x00,0x00,0x00,0x00,0x00,0x00,0x00,
  0x00,0x03,0xFD,0x35,0x00,0x00,0x00,0x00,0x00,0x00,0x00,0x00,0x89,0x7B,0x34,0x10,
  0x03,0x00,0x00,0x00,0x00,0x00,0x06,0x19,0x45,0xA3,0x26,0x00,0xA4,0xFF,0xFF,0xFF,
  0xFF,0xFF,0xFF,0xFF,0xFF,0xFF,0xFF,0xFF,0xFF,0xFF,0x28,0x00,0x11,0x12,0x07,0x02,
  0x00,0x00,0x2F,0xE8,0x11,0x00,0x01,0x04,0x0B,0x18,0x04,0x00,0x00,0x00,0x00,0x00,
  0x00,0x08,0xCC,0xA1,0x00,0x00,0x00,0x00,0x00,0x00,0x00,0x00,0x00,0x00,0x00,0x00,
  0x0B,0xAC,0x84,0xA0,0x20,0xB8,0x1A,0x00,0x00,0x00,0x00,0x00,0x00,0x00,0x00,0x2C,
  0xBE,0x3C,0x60,0xA0,0x02,0x93,0xE2,0x26,0x00,0x00,0x00,0x00,0x00,0x0D,0x83,0xDB,
  0x32,0x00,0x60,0xA0,0x00,0x00,0x81,0xE7,0x28,0x00,0x00,0x03,0x7F,0xEC,0xB3,0x13,
  0x00,0x00,0x60,0xA0,0x00,0x00,0x00,0x8A,0xE2,0x1E,0x00,0x00,0x68,0x5C,0x00,0x00,
  0x00,0x00,0x60,0xA0,0x00,0x00,0x00,0x01,0xA7,0xC5,0x00,0x00,0x00,0x00,0x00,0x00,
  0x00,0x00,0x60,0xA0,0x00,0x00,0x00,0x00,0x07,0x22,0x00,0x00,0x00,0x00,0x00,0x00,
  0x00,0x00,0x60,0xA0,0x00,0x00,0x00,0x00,0x00,0x00,0x00,0x00,0x00,0x00,0x00,0x00,
  0x00,0x00,0x66,0xA2,0x00,0x00,0x00,0x00,0x00,0x00,0x00,0x00,0x00,0x00,0x00,0x00,
  0x00,0x00,0x78,0xB3,0x00,0x00,0x00,0x00,0x00,0x00,0x00,0x00,0x00,0x00,0x00,0x00,
  0x00,0x00,0x8A,0xA7,0x00,0x00,0x00,0x00,0x00,0x00,0x00,0x00,0x00,0x00,0x00,0x00,
  0x00,0x00,0x7F,0x94,0x00,0x00,0x00,0x00,0x00,0x00,0x00,0x00,0x00,0x00,0x00,0x00,
  0x00,0x00,0x7C,0x94,0x02,0x05,0x09,0x12,0x1E,0x00,0x00,0x00,0x00,0xC3,0xE9,0xF2,
  0xF9,0xFC,0xFF,0xFF,0xFF,0xFF,0xFF,0xFF,0xE0,0x00,0x00,0x00,0x00,0xD6,0x30,0x00,
  0x00,0x00,0x7C,0x94,0x00,0x00,0x00,0x30,0xD8,0x00,0x00,0x00,0x00,0xD4,0x30,0x00,
  0x00,0x00,0x7C,0x94,0x00,0x00,0x00,0x30,0xD8,0x00,0x00,0x00,0x00,0xD4,0x30,0x00,
  0x00,0x00,0x7C,0x94,0x00,0x00,0x00,0x30,0xD8,0x00,0x00,0x00,0x00,0xD4,0x30,0x00,
  0x00,0x00,0x7C,0x94,0x00,0x00,0x00,0x30,0xD8,0x00,0x00,0x00,0x00,0xD6,0xFF,0xFF,
  0xFF,0xFF,0xFF,0xFF,0xFF,0xFF,0xFF,0xFF,0xD9,0x00,0x00,0x00,0x00,0xDF,0x30,0x00,
  0x00,0x00,0x7C,0x94,0x00,0x00,0x00,0x30,0xE1,0x00,0x00,0x00,0x00,0x5C,0x12,0x00,
  0x00,0x00,0x7C,0x94,0x00,0x00,0x00,0x0C,0x3E,0x00,0x00,0x00,0x00,0x00,0x00,0x00,
  0x00,0x00,0x7C,0x94,0x00,0x00,0x00,0x00,0x00,0x00,0x00,0x00,0x00,0x00,0x00,0x00,
  0x00,0x00,0x7E,0x95,0x00,0x00,0x00,0x00,0x00,0x00,0x00,0x00,0x00,0x00,0x00,0x00,
  0x00,0x00,0x87,0x9B,0x00,0x00,0x00,0x00,0x00,0x00,0x00,0x00,0x00,0x00,0x00,0x00,
  0x00,0x00,0x97,0xAD,0x00,0x00,0x00,0x00,0x00,0x00,0x00,0x00,0x00,0x00,0x00,0x00,
  0x1B,0xBF,0x16,0x00,0x00,0x00,0x00,0x00,0x00,0x00,0x00,0x00,0x00,0x00,0x00,0x00,
  0x00,0x70,0xD5,0x15,0x00,0x00,0x00,0x00,0x00,0x00,0x00,0x00,0x05,0x1A,0x0F,0x07,
  0x03,0x00,0x7D,0xAE,0x01,0x04,0x09,0x11,0x1A,0x00,0x00,0x00,0x2C,0xFF,0xFF,0xFF,
  0xFF,0xFF,0xFF,0xFF,0xFF,0xFF,0xFF,0xFF,0xEC,0x00,0x00,0x00,0x05,0x16,0x0D,0x07,
  0x03,0x01,0x90,0x80,0x01,0x03,0x08,0x0E,0x17,0x00,0x00,0x00,0x00,0x00,0x00,0x00,
  0x00,0x00,0x90,0x80,0x00,0x00,0x00,0x00,0x00,0x00,0x00,0x00,0x00,0x00,0x00,0x00,
  0x00,0x00,0x90,0x80,0x00,0x00,0x00,0x00,0x00,0x00,0x00,0x00,0x00,0x00,0x1A,0x0E,
  0x04,0x01,0x90,0x80,0x03,0x09,0x13,0x17,0x00,0x00,0x00,0x00,0x00,0x00,0xE8,0xFF,
  0xFF,0xFF,0xFF,0xFF,0xFF,0xFF,0xFF,0xC0,0x00,0x00,0x00,0x00,0x00,0x00,0x18,0x0E,
  0x05,0x01,0x90,0x80,0x01,0x06,0x10,0x14,0x00,0x00,0x00,0x00,0x00,0x00,0x00,0x00,
  0x00,0x00,0x90,0x80,0x00,0x00,0x00,0x00,0x00,0x00,0x00,0x00,0x00,0x00,0x00,0x00,
  0x00,0x00,0x90,0x80,0x00,0x00,0x00,0x00,0x00,0x00,0x00,0x00,0x17,0x12,0x0A,0x05,
  0x02,0x00,0x90,0x80,0x00,0x02,0x05,0x0A,0x12,0x17,0x00,0x00,0xC8,0xFF,0xFF,0xFF,
  0xFF,0xFF,0xFF,0xFF,0xFF,0xFF,0xFF,0xFF,0xFF,0xC8,0x00,0x00,0x12,0x16,0x0B,0x04,
  0x00,0x41,0xA1,0x2A,0x00,0x00,0x05,0x0E,0x1B,0x08,0x00,0x00,0x84,0xFF,0xFF,0xFF,
  0xFF,0xFF,0xFF,0xFF,0xFF,0xFF,0xFF,0xFF,0xFF,0x38,0x00,0x00,0x12,0x17,0x0B,0x07,
  0x04,0x01,0x00,0x01,0x02,0x05,0x08,0x0F,0x1C,0x08,0x00,0x00,0x00,0x00,0x66,0xFF,
  0xFF,0xFF,0xFF,0xFF,0xFF,0xFF,0xFE,0x01,0x00,0x00,0x00,0x00,0x00,0x00,0x5C,0x90,
  0x00,0x00,0x00,0x00,0x00,0x00,0xE4,0x00,0x00,0x00,0x00,0x00,0x00,0x00,0x65,0xFF,
  0xFF,0xFF,0xFF,0xFF,0xFF,0xFF,0xFD,0x01,0x00,0x00,0x00,0x00,0x00,0x00,0x00,0x00,
  0x00,0x00,0x00,0x00,0x00,0x00,0x00,0x00,0x00,0x00,0x00,0x00,0xA8,0xFF,0xFF,0xFF,
  0xFF,0xFF,0xFF,0xFF,0xFF,0xFF,0xFF,0xFF,0xFF,0x4C,0x00,0x00,0xA8,0x4C,0x00,0x06,
  0x0E,0x00,0x00,0x00,0x00,0x00,0x00,0x00,0xA8,0x4C,0x00,0x00,0xA8,0x4C,0x00,0x38,
  0xD9,0x00,0x00,0x00,0x93,0x80,0x00,0x00,0x88,0x3D,0x00,0x00,0x00,0x00,0x00,0x3C,
  0xB3,0x00,0x00,0x00,0x8C,0x6C,0x00,0x00,0x00,0x00,0x00,0x00,0x00,0x00,0x00,0x71,
  0x8E,0x00,0x00,0x00,0x8C,0x6C,0x00,0x00,0x00,0x00,0x00,0x00,0x00,0x00,0x37,0xE4,
  0x28,0x00,0x00,0x00,0x8C,0x84,0x04,0x03,0x51,0x5E,0x00,0x00,0x5C,0xC0,0xF4,0x4F,
  0x00,0x00,0x00,0x00,0x57,0xF8,0xFF,0xFF,0xED,0x53,0x00,0x00,0x40,0xB8,0x29,0x00,
  0x00,0x00,0x00,0x00,0x00,0x01,0x07,0x06,0x00,0x00,0x00,0x00,0x00,0x00,0x00,0x00,
  0x00,0x00,0xAF,0x7D,0x00,0x00,0x00,0x00,0x00,0x00,0x00,0x00,0x00,0x00,0x00,0x00,
  0x00,0x3B,0xE8,0xB1,0x05,0x00,0x00,0x00,0x00,0x00,0x00,0x00,0x00,0x00,0x00,0x00,
  0x15,0xD5,0x34,0x6E,0xAD,0x07,0x00,0x00,0x00,0x00,0x00,0x00,0x00,0x00,0x00,0x19,
  0xCC,0x56,0x00,0x00,0x82,0xCA,0x1E,0x00,0x00,0x00,0x00,0x00,0x00,0x00,0x43,0xD8,
  0x53,0x00,0x00,0x00,0x00,0x67,0xEC,0x7D,0x0B,0x00,0x00,0x06,0x4A,0xB5,0xD8,0x2E,
  0x00,0x00,0x00,0x00,0x00,0x00,0x2E,0xD0,0xF1,0x9B,0x18,0x0F,0xBF,0x84,0x0F,0xFF,
  0xFF,0xFF,0xFF,0xFF,0xFF,0xFF,0xFB,0x0B,0x68,0xA1,0x01,0x00,0x01,0x00,0x00,0xFD,
  0x08,0x00,0x00,0x00,0x00,0x12,0xE5,0x00,0x00,0x00,0x00,0x00,0x00,0x00,0x00,0xF8,
  0x08,0x00,0x00,0x00,0x00,0x25,0xD2,0x00,0x00,0x00,0x00,0x00,0x00,0x00,0x00,0xF8,
  0x08,0x00,0x00,0x00,0x00,0x43,0xB6,0x00,0x00,0x00,0x00,0x00,0x00,0x00,0x00,0xF8,
  0x08,0x00,0x09,0xB9,0xB6,0xE5,0x51,0x00,0x00,0x00,0x00,0x00,0x00,0x00,0x00,0xF8,
  0x08,0x00,0x00,0x47,0x4C,0x14,0x00,0x00,0x8D,0x18,0x00,0x00,0x00,0x00,0x00,0xF3,
  0x2E,0x00,0x00,0x00,0x00,0x00,0x06,0x49,0xFA,0x1F,0x00,0x00,0x00,0x00,0x00,0x93,
  0xF4,0xFE,0xFB,0xF8,0xF8,0xFB,0xFA,0xDA,0x61,0x00,0x00,0x00,0x00,0x00,0x00,0x00,
  0x00,0x02,0x07,0x0B,0x08,0x04,0x00,0x00,0x00,0x00,0x00,0x00,0x00,0x00,0x00,0xB8,
  0x47,0x00,0x00,0x00,0x9D,0x7E,0x00,0x00,0x00,0x00,0x00,0x00,0x00,0x00,0x33,0xE8,
  0x10,0x00,0x00,0x00,0x9E,0x64,0x00,0x00,0x00,0x00,0x00,0x00,0x00,0x00,0xAA,0x63,
  0x00,0x00,0x00,0x00,0x99,0x64,0x00,0x00,0x00,0x00,0x00,0x00,0x00,0x34,0xE7,0x03,
  0x17,0x0D,0x04,0x01,0x98,0x64,0x00,0x02,0x0B,0x17,0x00,0x00,0x03,0xCB,0xDC,0x00,
  0xF0,0xFF,0xFF,0xFF,0xFF,0xFF,0xFF,0xFF,0xFF,0xF0,0x00,0x00,0x81,0xC8,0xDC,0x00,
  0x16,0x09,0x04,0xD6,0xA9,0xA5,0x87,0x03,0x0B,0x1A,0x00,0x55,0xE9,0x33,0xDC,0x00,
  0x00,0x00,0x35,0xB1,0x98,0x66,0xD0,0x06,0x00,0x00,0x00,0x08,0x30,0x18,0xDC,0x00,
  0x00,0x00,0x9F,0x4D,0x98,0x64,0x84,0x67,0x00,0x00,0x00,0x00,0x00,0x18,0xDC,0x00,
  0x00,0x21,0xD2,0x01,0x98,0x64,0x15,0xDA,0x0C,0x00,0x00,0x00,0x00,0x18,0xDC,0x00,
  0x00,0xB6,0x51,0x00,0x98,0x64,0x00,0x80,0xA1,0x00,0x00,0x00,0x00,0x18,0xDC,0x00,
  0x6E,0xB8,0x00,0x00,0x98,0x64,0x00,0x07,0xD8,0x70,0x00,0x00,0x00,0x18,0xDC,0x63,
  0xE9,0x1B,0x00,0x00,0x98,0x64,0x00,0x00,0x2B,0xF1,0x58,0x00,0x00,0x1E,0xDC,0x26,
  0x41,0x00,0x00,0x00,0x98,0x64,0x00,0x00,0x00,0x35,0x04,0x00,0x00,0x27,0xDC,0x00,
  0x00,0x00,0x00,0x00,0x9B,0x65,0x00,0x00,0x00,0x00,0x00,0x00,0x00,0x3A,0xDC,0x00,
  0x00,0x00,0x00,0x00,0xAB,0x71,0x00,0x00,0x00,0x00,0x00,0x00,0x00,0x00,0x00,0x00,
  0x00,0x00,0x00,0x00,0x1A,0x0B,0x00,0x00,0x00,0x00,0x00,0x00,0x00,0x00,0x02,0xC6,
  0x54,0x00,0x00,0x00,0xA4,0xC5,0x01,0x00,0x00,0x00,0x00,0x00,0x00,0x00,0x3F,0xDA,
  0x1A,0x0F,0x04,0x00,0xD9,0x44,0x04,0x08,0x13,0x0A,0x00,0x00,0x00,0x00,0xA1,0x61,
  0x58,0xFF,0xFF,0xFF,0xFF,0xFF,0xFF,0xFF,0xFF,0x60,0x00,0x00,0x00,0x1D,0xF8,0x28,
  0x09,0x12,0x07,0x4E,0xB7,0x02,0x05,0x09,0x14,0x0B,0x00,0x00,0x00,0xA8,0xFF,0x28,
  0x00,0x00,0x00,0x94,0x69,0x00,0x00,0x00,0x00,0x00,0x00,0x00,0x56,0xDE,0xD8,0x5C,
  0xFF,0xFF,0xFF,0xFF,0xFF,0xFF,0xFF,0xFF,0xFF,0xFF,0x60,0x19,0xE6,0x4A,0xD0,0x28,
  0x00,0x00,0x11,0xE7,0x01,0x00,0x00,0x00,0x00,0x00,0x00,0x00,0x0C,0x00,0xD0,0x28,
  0x00,0x00,0x5C,0xA6,0x00,0x00,0x00,0x02,0x10,0x0F,0x00,0x00,0x00,0x00,0xD0,0x28,
  0x00,0x00,0xC2,0xFF,0xFF,0xFF,0xFF,0xFF,0xFF,0x80,0x00,0x00,0x00,0x00,0xD0,0x28,
  0x00,0x00,0x00,0x00,0x00,0x00,0x00,0x78,0xBE,0x19,0x00,0x00,0x00,0x00,0xD0,0x28,
  0x00,0x00,0x00,0x00,0x00,0x00,0x5E,0xBB,0x07,0x00,0x00,0x00,0x00,0x00,0xD1,0x28,
  0x00,0x00,0x2E,0xC9,0x46,0x48,0xCE,0x0E,0x00,0x00,0x00,0x00,0x00,0x00,0xD8,0x28,
  0x00,0x00,0x00,0x4A,0xD8,0xFC,0x56,0x00,0x00,0x00,0x00,0x00,0x00,0x00,0xE5,0x28,
  0x00,0x00,0x00,0x00,0x05,0x7D,0xF8,0x87,0x07,0x00,0x00,0x00,0x00,0x00,0x99,0x19,
  0x00,0x00,0x00,0x00,0x00,0x00,0x38,0xC6,0x1D,0x00,0x00,0x00,0x00,0x00,0x18,0xC6,
  0x23,0x00,0x00,0x00,0x08,0x1E,0x49,0x89,0x71,0x00,0x00,0x00,0x00,0x00,0x66,0xAB,
  0x33,0xFA,0xF4,0xF7,0xFF,0xFF,0xC7,0xA3,0x8D,0x08,0x00,0x00,0x00,0x00,0xCD,0x23,
  0x25,0xCC,0x02,0x03,0x02,0xDC,0x1C,0x00,0x00,0x00,0x00,0x00,0x00,0x4E,0xD5,0x00,
  0x21,0xCC,0x00,0x00,0x00,0xDA,0x19,0x00,0x00,0x00,0x00,0x00,0x05,0xD5,0xD4,0x00,
  0x20,0xCC,0x00,0x00,0x00,0xD6,0x1D,0x00,0x00,0x00,0x00,0x00,0x8D,0xBC,0xD4,0x00,
  0x20,0xCC,0x00,0x00,0x00,0xCD,0x26,0x00,0x00,0x00,0x00,0x2B,0xE9,0x31,0xD4,0x00,
  0x20,0xFF,0xFF,0xFF,0xFF,0xFF,0xFF,0xFF,0xFF,0xE0,0x00,0x00,0x14,0x18,0xD4,0x00,
  0x20,0xCC,0x00,0x00,0x00,0xA5,0x47,0x00,0x00,0x00,0x00,0x00,0x00,0x18,0xD4,0x00,
  0x20,0xCC,0x00,0x00,0x00,0x82,0x6D,0x00,0x00,0x00,0x00,0x00,0x00,0x18,0xD4,0x00,
  0x20,0xCC,0x00,0x15,0x30,0x4C,0xAB,0x00,0x00,0x00,0x00,0x00,0x00,0x18,0xD4,0x00,
  0x20,0xDA,0x91,0xDF,0x51,0x06,0xE4,0x16,0x00,0x00,0x00,0x00,0x00,0x19,0xD4,0x10,
  0xAF,0xEA,0x76,0x0B,0x00,0x00,0x89,0x87,0x00,0x2E,0x05,0x00,0x00,0x20,0xD4,0x02,
  0x78,0x11,0x01,0x00,0x00,0x00,0x15,0xE8,0x3F,0xD0,0x4C,0x00,0x00,0x2B,0xD4,0x14,
  0xFF,0xFF,0xFF,0xFF,0xFF,0xFF,0xD8,0x4A,0xF7,0xDB,0x06,0x00,0x00,0x2A,0x95,0x00,
  0x00,0x00,0x00,0x00,0x00,0x00,0x00,0x00,0x1A,0x11,0x00,0x00,0x00,0x00,0x00,0x77,
  0x92,0x04,0x00,0x56,0x75,0x00,0x00,0x00,0x00,0x00,0x00,0x00,0x00,0x00,0x00,0xD0,
  0x5D,0x00,0x00,0x18,0xC5,0xA2,0x05,0x00,0x00,0x00,0x00,0x00,0x00,0x00,0x44,0xB6,
  0x00,0x00,0x00,0x00,0x09,0xAE,0x29,0x00,0x00,0x00,0x00,0x00,0x00,0x01,0xC4,0x61,
  0x28,0xFF,0xFF,0xFF,0xFF,0xFF,0xFF,0xFF,0xFF,0xFF,0x34,0x00,0x00,0x6A,0xFF,0x60,
  0x00,0x00,0x00,0x00,0x10,0xE4,0x00,0x00,0x00,0x00,0x00,0x00,0x43,0xE3,0xB5,0x60,
  0x00,0x00,0x00,0x00,0x10,0xE4,0x00,0x00,0x00,0x00,0x00,0x10,0xAF,0x43,0xA0,0x60,
  0x00,0x00,0x00,0x00,0x10,0xE4,0x00,0x00,0x00,0x00,0x00,0x00,0x00,0x00,0xA0,0x60,
  0x00,0x90,0xFF,0xFF,0xFF,0xFF,0xFF,0xFF,0xFF,0x7C,0x00,0x00,0x00,0x00,0xA0,0x60,
  0x00,0x00,0x00,0x00,0x10,0xE4,0x00,0x00,0x00,0x00,0x00,0x00,0x00,0x00,0xA0,0x60,
  0x00,0x00,0x00,0x00,0x10,0xE4,0x00,0x00,0x00,0x00,0x00,0x00,0x00,0x00,0xA0,0x60,
  0x00,0x00,0x00,0x00,0x10,0xE4,0x00,0x00,0x00,0x00,0x00,0x00,0x00,0x00,0xA5,0x60,
  0x00,0x00,0x00,0x00,0x10,0xE4,0x00,0x00,0x00,0x00,0x00,0x00,0x00,0x00,0xAE,0x60,
  0x00,0x00,0x00,0x00,0x10,0xE4,0x00,0x00,0x00,0x00,0x00,0x00,0x00,0x00,0xC1,0x60,
  0x90,0xFF,0xFF,0xFF,0xFF,0xFF,0xFF,0xFF,0xFF,0xFF,0x5C,0x00,0x00,0x00,0x00,0x00,
  0x00,0x00,0xA0,0x6F,0x00,0x00,0x00,0x00,0x00,0x00,0x00,0x00,0x00,0x00,0x00,0x00,
  0x00,0x63,0xBF,0x97,0x08,0x00,0x00,0x00,0x00,0x00,0x00,0x00,0x00,0x00,0x00,0x00,
  0x65,0xC7,0x0A,0x24,0xAE,0x37,0x00,0x00,0x00,0x00,0x00,0x00,0x00,0x00,0x15,0xA1,
  0xC0,0x0E,0x00,0x00,0x0D,0xA6,0x97,0x14,0x00,0x00,0x00,0x00,0x25,0x88,0xEC,0x80,
  0x04,0x00,0x00,0x00,0x00,0x00,0x66,0xE6,0x94,0x35,0x02,0x07,0xA1,0xB7,0x2D,0xFF,
  0xFF,0xFF,0xFF,0xFF,0xFF,0xFF,0xFC,0x1A,0x9D,0xCD,0x09,0x00,0x03,0x00,0x00,0x00,
  0x00,0x00,0x74,0x9C,0x00,0x00,0x00,0x00,0x00,0x06,0x00,0x00,0x00,0x17,0x17,0x09,
  0x02,0x00,0x74,0x9C,0x02,0x06,0x0D,0x1C,0x13,0x00,0x00,0x00,0x00,0x9C,0xFF,0xFF,
  0xFF,0xFF,0xFF,0xFF,0xFF,0xFF,0xFF,0xFF,0x7C,0x00,0x00,0x00,0x00,0x13,0x13,0x47,
  0x0A,0x03,0x74,0x9C,0x03,0x0B,0x09,0x14,0x0E,0x00,0x00,0x00,0x00,0x00,0x47,0xD4,
  0x30,0x00,0x74,0x9C,0x00,0x84,0xB3,0x26,0x00,0x00,0x00,0x00,0x02,0x69,0xD5,0x1A,
  0x00,0x00,0x74,0x9C,0x00,0x00,0x4E,0xDB,0x81,0x06,0x00,0x00,0x74,0xD2,0x1A,0x00,
  0x10,0x04,0x7F,0x9C,0x00,0x00,0x00,0x10,0xB3,0x74,0x00,0x00,0x00,0x05,0x00,0x00,
  0x2B,0xF7,0xDF,0x5A,0x00,0x00,0x00,0x00,0x02,0x02,0x00,0x00,0x00,0x00,0x00,0x97,
  0x81,0x00,0x00,0x13,0xE4,0x31,0x00,0x00,0x00,0x00,0x00,0x00,0x00,0x00,0x11,0xEC,
  0x2F,0x00,0x00,0x50,0x90,0x00,0x00,0x00,0x00,0x00,0x00,0x00,0x00,0x00,0x8A,0x7A,
  0x00,0x00,0x00,0xB4,0x1E,0x00,0x00,0x00,0x01,0x0D,0x09,0x00,0x00,0x2D,0xF8,0x44,
  0x00,0x00,0x4B,0xFF,0xFF,0xFF,0xFF,0xFF,0xFF,0xFF,0x5C,0x00,0x0A,0xD2,0xF1,0x44,
  0x00,0x16,0xD5,0x1B,0xFF,0x08,0x00,0x00,0x04,0x11,0x0B,0x06,0xB1,0xA5,0xC0,0x44,
  0x11,0xCD,0x60,0x04,0xFF,0x08,0x00,0x03,0x0D,0x14,0x00,0x0C,0x6B,0x0E,0xC0,0x48,
  0xAD,0xA5,0x00,0x04,0xFF,0xFF,0xFF,0xFF,0xFF,0xA4,0x00,0x00,0x00,0x00,0xC0,0x44,
  0x05,0x07,0x00,0x04,0xFF,0x08,0x00,0x04,0x0E,0x15,0x00,0x00,0x00,0x00,0xC0,0x44,
  0x00,0x00,0x00,0x04,0xFF,0x08,0x00,0x00,0x00,0x00,0x00,0x00,0x00,0x00,0xC0,0x44,
  0x00,0x00,0x00,0x04,0xFF,0x08,0x00,0x02,0x09,0x19,0x08,0x00,0x00,0x00,0xC0,0x44,
  0x00,0x00,0x00,0x04,0xFF,0xFF,0xFF,0xFF,0xFF,0xFF,0x38,0x00,0x00,0x00,0xC0,0x44,
  0x00,0x00,0x00,0x04,0xFF,0x08,0x00,0x02,0x09,0x1A,0x08,0x00,0x00,0x00,0xC6,0x44,
  0x00,0x00,0x00,0x06,0xFF,0x08,0x00,0x00,0x00,0x00,0x00,0x00,0x00,0x00,0xCF,0x44,
  0x00,0x00,0x00,0x0E,0xFF,0x0D,0x00,0x00,0x00,0x00,0x00,0x00,0x00,0x00,0xE2,0x44,
  0x00,0x00,0x00,0x1F,0xFF,0x1E,0x00,0x00,0x00,0x00,0x00,0x00,0x00,0x00,0x00,0xB1,
  0x51,0x0F,0x0E,0x06,0x02,0x00,0x04,0x08,0x13,0x04,0x00,0x00,0x00,0x00,0x34,0xE8,
  0x13,0x8F,0xFF,0xFF,0xFF,0xFF,0xFF,0xFF,0xFF,0x1E,0x00,0x00,0x00,0x00,0xBB,0x5C,
  0x00,0x89,0x6C,0x00,0x00,0x00,0x00,0x00,0xE0,0x14,0x00,0x00,0x00,0x5A,0xFC,0x00,
  0x00,0x88,0x6C,0x00,0x00,0x00,0x00,0x00,0xE0,0x14,0x00,0x00,0x22,0xE6,0xF6,0x00,
  0x00,0x8A,0x6C,0x00,0x00,0x00,0x00,0x00,0xE0,0x15,0x00,0x1D,0xDB,0x62,0xEC,0x00,
  0x00,0x91,0xFF,0xFF,0xFF,0xFF,0xFF,0xFF,0xFF,0x21,0x00,0x19,0x71,0x00,0xEC,0x00,
  0x00,0x00,0x00,0x00,0x40,0xB0,0x00,0x00,0x00,0x00,0x00,0x00,0x00,0x00,0xEC,0x00,
  0x19,0x0C,0x03,0x00,0x40,0xB0,0x00,0x02,0x08,0x16,0x0B,0x00,0x00,0x00,0xEC,0x00,
  0xE8,0xFF,0xFF,0xFF,0xFF,0xFF,0xFF,0xFF,0xFF,0xFF,0x50,0x00,0x00,0x00,0xEC,0x00,
  0x00,0x00,0x00,0xB1,0x6E,0xB0,0xAF,0x1F,0x00,0x00,0x00,0x00,0x00,0x00,0xEC,0x00,
  0x00,0x00,0x78,0x89,0x40,0xB0,0x2F,0xC9,0x13,0x00,0x00,0x00,0x00,0x00,0xF3,0x00,
  0x02,0x83,0xAA,0x03,0x40,0xB0,0x00,0x5F,0xD8,0x31,0x00,0x00,0x00,0x02,0xFB,0x2F,
  0xCD,0x96,0x03,0x00,0x40,0xB0,0x00,0x00,0x5A,0xF1,0x30,0x00,0x00,0x15,0xFC,0x04,
  0x48,0x00,0x00,0x00,0x51,0xBA,0x00,0x00,0x00,0x14,0x00,0x00,0x00,0x00,0x26,0xC9,
  0x39,0x00,0x00,0x95,0x6F,0x00,0x00,0x00,0x00,0x00,0x00,0x00,0x00,0x00,0x6B,0xC9,
  0x17,0x04,0x00,0x15,0xB9,0xA5,0x05,0x00,0x00,0x00,0x00,0x00,0x00,0x01,0xD2,0x52,
  0xFF,0xFF,0xFF,0xFF,0xFF,0xFF,0xFF,0xFF,0xFF,0xFF,0x74,0x00,0x00,0x50,0xF0,0x00,
  0x00,0x00,0x00,0x00,0x00,0x00,0x00,0x00,0x00,0x00,0x00,0x00,0x04,0xD6,0xF0,0x00,
  0x00,0x00,0x00,0x00,0x00,0x00,0x00,0x00,0x00,0x00,0x00,0x00,0x7A,0xBB,0xF0,0x00,
  0x00,0x80,0xFF,0xFF,0xFF,0xFF,0xFF,0xFF,0xDC,0x00,0x00,0x1F,0xDD,0x32,0xF0,0x00,
  0x00,0x00,0x00,0x00,0x00,0x00,0x00,0x00,0x00,0x00,0x00,0x00,0x07,0x04,0xF0,0x00,
  0x00,0x80,0xFF,0xFF,0xFF,0xFF,0xFF,0xFF,0xDC,0x00,0x00,0x00,0x00,0x04,0xF0,0x00,
  0x00,0x00,0x00,0x00,0x00,0x00,0x00,0x00,0x00,0x00,0x00,0x00,0x00,0x04,0xF0,0x00,
  0x00,0xBD,0xFF,0xFF,0xFF,0xFF,0xFF,0xFF,0xFA,0x00,0x00,0x00,0x00,0x04,0xF0,0x00,
  0x00,0xB8,0x38,0x00,0x00,0x00,0x00,0x0C,0xF8,0x00,0x00,0x00,0x00,0x04,0xF0,0x00,
  0x00,0xB8,0x38,0x00,0x00,0x00,0x00,0x0C,0xF8,0x00,0x00,0x00,0x00,0x0A,0xF0,0x00,
  0x00,0xB8,0xFF,0xFF,0xFF,0xFF,0xFF,0xFF,0xF8,0x00,0x00,0x00,0x00,0x13,0xF0,0x00,
  0x00,0xC4,0x38,0x00,0x00,0x00,0x00,0x0B,0xF2,0x04,0x00,0x00,0x00,0x26,0xF0,0x00,
  0x00,0x10,0x04,0x00,0x00,0x00,0x00,0x00,0x00,0x00,0x00,0x00,0x00,0x00,0x5B,0xA3,
  0x01,0x00,0x00,0x86,0x50,0x00,0x00,0x00,0x00,0x00,0x00,0x00,0x00,0x00,0xB0,0x5A,
  0x00,0x00,0x0B,0xE8,0x1D,0x00,0x00,0x00,0x00,0x00,0x00,0x00,0x00,0x19,0xD9,0x03,
  0x00,0x00,0x7D,0xFF,0xFF,0xFF,0xFF,0xFF,0xFF,0xE0,0x00,0x00,0x00,0x85,0x8F,0x2A,
  0x51,0x36,0xD3,0x7E,0x00,0x00,0x00,0xB3,0x35,0x00,0x00,0x00,0x1A,0xF4,0x8C,0x4A,
  0x96,0x7E,0x34,0x26,0x72,0x02,0x7B,0x55,0x00,0x00,0x00,0x00,0xA9,0xC8,0x8C,0x43,
  0x94,0x00,0x00,0x00,0x5D,0xD8,0xAE,0x0F,0x00,0x00,0x00,0x48,0xD8,0x5B,0x8C,0x40,
  0x94,0x00,0x26,0x9E,0xB9,0x22,0x76,0xD7,0x91,0x4F,0x10,0x00,0x16,0x54,0x8C,0x40,
  0x9F,0xC3,0xBD,0x52,0x01,0x71,0xC3,0x0D,0x5C,0xB8,0x42,0x00,0x00,0x54,0x8C,0x40,
  0x94,0x0D,0x00,0x22,0xB1,0x91,0x07,0x52,0x0D,0x00,0x00,0x00,0x00,0x54,0x8C,0x43,
  0x96,0x2F,0xB3,0xC8,0x3E,0x03,0x83,0xB8,0x1C,0x00,0x00,0x00,0x00,0x54,0x8C,0x4A,
  0x9E,0x05,0x3D,0x01,0x49,0xC1,0x73,0x01,0x4D,0x52,0x00,0x00,0x00,0x54,0x8C,0x4F,
  0x9B,0x00,0x82,0xDC,0xA3,0x21,0x01,0x66,0xD5,0x3C,0x00,0x00,0x00,0x59,0x8C,0x00,
  0x00,0x00,0x2D,0x17,0x01,0x3F,0xC3,0x8F,0x0B,0x00,0x00,0x00,0x00,0x62,0x8C,0x00,
  0x00,0x1A,0x50,0x87,0xD5,0xA2,0x29,0x00,0x00,0x00,0x00,0x00,0x00,0x76,0x8C,0x00,
  0x00,0x51,0x96,0x59,0x0E,0x00,0x00,0x00,0x00,0x00,0x00,0x00,0x00,0x00,0x7A,0xA2,
  0x00,0x00,0x0A,0x0A,0x01,0x00,0x00,0x01,0x02,0x00,0x00,0x00,0x00,0x00,0xBB,0x52,
  0x00,0x00,0x64,0xFF,0xFF,0xFF,0xFF,0xFF,0x31,0x00,0x00,0x00,0x00,0x14,0xEA,0x05,
  0x00,0x09,0x1D,0x13,0x04,0x00,0x00,0xEF,0x0E,0x0B,0x0E,0x00,0x00,0x70,0xD8,0x00,
  0xF0,0x5B,0xFF,0xFF,0xFF,0xFF,0xFF,0xFF,0xFF,0xFF,0x80,0x00,0x07,0xE4,0xD8,0x00,
  0xE6,0x09,0x12,0x4E,0x3B,0x01,0x00,0x02,0x06,0x0D,0x0E,0x00,0x7C,0xBC,0xD8,0x00,
  0xE4,0x00,0x00,0xD4,0x3B,0x00,0x00,0x00,0x00,0x00,0x00,0x2F,0xF1,0x35,0xD8,0x00,
  0xE4,0x00,0x34,0xFF,0xFF,0xFF,0xFF,0xFF,0xFF,0x1C,0x00,0x00,0x1C,0x18,0xD8,0x00,
  0xE4,0x00,0xB4,0x66,0x00,0x6A,0x78,0x00,0x00,0x00,0x00,0x00,0x00,0x18,0xD8,0x00,
  0xE4,0x16,0xA2,0x05,0x00,0x7D,0x63,0x02,0x07,0x13,0x0A,0x00,0x00,0x18,0xD8,0x00,
  0xE4,0x68,0xFF,0xFF,0xFF,0xFF,0xFF,0xFF,0xFF,0xFF,0x50,0x00,0x00,0x18,0xD8,0x00,
  0xEC,0x0F,0x13,0x09,0x0D,0xEB,0xBF,0x03,0x09,0x14,0x0A,0x00,0x00,0x18,0xD8,0x00,
  0x49,0x03,0x00,0x00,0x7A,0xA5,0x87,0x5B,0x00,0x00,0x00,0x00,0x00,0x1E,0xD8,0x00,
  0x00,0x00,0x00,0x62,0xE3,0x1A,0x02,0x8E,0x49,0x00,0x00,0x00,0x00,0x27,0xD8,0x00,
  0x01,0x43,0xBA,0xD9,0x28,0x00,0x00,0x00,0x56,0x71,0x09,0x00,0x00,0x3A,0xD8,0x00,
  0x09,0xA8,0x86,0x0C,0x00,0x00,0x00,0x00,0x00,0x02,0x03,0x00,0x00,0x00,0x0A,0xBA,
  0x29,0x00,0x00,0x35,0xAE,0x01,0x00,0x00,0x00,0x00,0x00,0x00,0x00,0x00,0x54,0xCA,
  0x1D,0x10,0x05,0x01,0xAE,0x68,0x00,0x02,0x0A,0x18,0x09,0x00,0x00,0x00,0xC0,0x3E,
  0xD8,0xFF,0xFF,0xFF,0xFF,0xFF,0xFF,0xFF,0xFF,0xFF,0x40,0x00,0x00,0x38,0xD4,0x00,
  0x1B,0x6A,0xFF,0xFF,0xFF,0xFF,0xFF,0xFF,0x86,0x1A,0x09,0x00,0x00,0xBE,0xCC,0x00,
  0x00,0x4C,0x90,0x00,0x00,0x00,0x00,0x68,0x74,0x00,0x00,0x00,0x5B,0xCE,0xCC,0x00,
  0x00,0x50,0x90,0x00,0x00,0x00,0x00,0x68,0x74,0x00,0x00,0x1A,0xD9,0x41,0xCC,0x00,
  0x00,0x5B,0xFF,0xFF,0xFF,0xFF,0xFF,0xFF,0x79,0x00,0x00,0x00,0x05,0x28,0xCC,0x20,
  0xFF,0xFF,0xFF,0xFF,0xFF,0xFF,0xFF,0xFF,0xFF,0xFF,0x64,0x00,0x00,0x28,0xCC,0x20,
  0xC0,0x06,0x0F,0x04,0x00,0x00,0x00,0x08,0x12,0x78,0x64,0x00,0x00,0x28,0xCC,0x18,
  0x93,0x38,0xFF,0xFF,0xFF,0xFF,0xFF,0xFF,0xD8,0x3F,0x35,0x00,0x00,0x28,0xCC,0x00,
  0x00,0x07,0x15,0x07,0x02,0xF0,0x02,0x0A,0x16,0x00,0x00,0x00,0x00,0x28,0xCC,0x00,
  0x00,0x00,0x00,0x00,0x00,0xF0,0x00,0x00,0x00,0x00,0x00,0x00,0x00,0x2E,0xCC,0x00,
  0x00,0x00,0x00,0x00,0x00,0xF0,0x00,0x00,0x00,0x00,0x00,0x00,0x00,0x37,0xCC,0x00,
  0x00,0x00,0x04,0x17,0x25,0xF5,0x00,0x00,0x00,0x00,0x00,0x00,0x00,0x4A,0xCC,0x00,
  0x00,0x00,0x00,0xCF,0xF3,0x9C,0x00,0x00,0x00,0x00,0x00,0x00,0x00,0x00,0x00,0x00,
  0x00,0x00,0x00,0x00,0x00,0x00,0x00,0x00,0x00,0x00,0x00,0x00,0x00,0x00,0x00,0x00,
  0x00,0x00,0x93,0x8D,0x00,0x00,0x00,0x00,0x00,0x00,0x00,0x00,0x00,0x09,0x43,0x00,
  0x00,0x00,0x88,0x74,0x00,0x00,0x00,0x8D,0x27,0x00,0x00,0x00,0x00,0x20,0xE8,0x3C,
  0x00,0x00,0x88,0x74,0x00,0x00,0x58,0xD1,0x17,0x00,0x00,0x00,0x00,0x00,0x46,0xE5,
  0x1A,0x00,0x88,0x74,0x00,0x19,0xDF,0x26,0x00,0x00,0x00,0x00,0x00,0x00,0x00,0x8E,
  0xBC,0x01,0x88,0x74,0x08,0xC4,0x5D,0x00,0x00,0x00,0x00,0x00,0x1B,0x13,0x0A,0x0D,
  0x66,0x03,0x88,0x74,0x02,0x43,0x05,0x0C,0x16,0x14,0x00,0x00,0xD8,0xFF,0xFF,0xFF,
  0xFF,0xFF,0xFF,0xFF,0xFF,0xFF,0xFF,0xFF,0xFF,0x98,0x00,0x00,0x1D,0x16,0x0A,0x05,
  0x30,0xC8,0x00,0x38,0xC0,0x02,0x05,0x0D,0x1C,0x17,0x00,0x00,0x00,0x00,0x00,0x00,
  0x44,0xB5,0x00,0x38,0xC0,0x00,0x00,0x00,0x00,0x00,0x00,0x00,0x00,0x00,0x00,0x00,
  0x7B,0x7A,0x00,0x38,0xC0,0x00,0x00,0x00,0x00,0x00,0x00,0x00,0x00,0x00,0x00,0x00,
  0xC2,0x25,0x00,0x38,0xC0,0x00,0x00,0x00,0x0D,0x05,0x00,0x00,0x00,0x00,0x00,0x71,
  0x80,0x00,0x00,0x38,0xC0,0x00,0x00,0x00,0x4C,0xA1,0x00,0x00,0x00,0x0C,0x8B,0x82,
  0x00,0x00,0x00,0x33,0xD5,0x0C,0x02,0x1B,0xBF,0x80,0x00,0x00,0x41,0xAA,0x34,0x00,
  0x00,0x00,0x00,0x0C,0xC8,0xFE,0xFF,0xF2,0xB1,0x0C,0x00,0x00,0x00,0x00,0x00,0x00,
  0x00,0x00,0x00,0x00,0x00,0x01,0x00,0x00,0x00,0x00,0x00,0x00,0x00,0x00,0x00,0x65,
  0x58,0x00,0x00,0x00,0x00,0x9A,0x5D,0x00,0x00,0x00,0x00,0x00,0x00,0x00,0x00,0x28,
  0xEA,0x25,0x00,0x00,0x34,0xD8,0x14,0x00,0x00,0x00,0x00,0x00,0x00,0x19,0x10,0x08,
  0x79,0x6E,0x00,0x09,0xCB,0x32,0x08,0x11,0x13,0x00,0x00,0x00,0x00,0xE0,0xFF,0xFF,
  0xFF,0xFF,0xFF,0xFF,0xFF,0xFF,0xFF,0xFF,0xB4,0x00,0x00,0x00,0x00,0x17,0x10,0x08,
  0x05,0x02,0xBD,0x44,0x03,0x06,0x09,0x12,0x13,0x00,0x00,0x00,0x00,0x00,0x00,0x00,
  0x00,0x00,0xBD,0x3E,0x00,0x00,0x00,0x00,0x00,0x00,0x00,0x00,0x10,0x0D,0x05,0x00,
  0x00,0x00,0xCC,0x2A,0x00,0x00,0x02,0x05,0x0E,0x0E,0x00,0x00,0xA4,0xFF,0xFF,0xFF,
  0xFF,0xFF,0xFF,0xFF,0xFF,0xFF,0xFF,0xFF,0xFF,0x88,0x00,0x00,0x13,0x11,0x07,0x02,
  0x01,0x37,0xFC,0xC6,0x02,0x02,0x05,0x09,0x13,0x10,0x00,0x00,0x00,0x00,0x00,0x00,
  0x00,0xA0,0x7C,0xC5,0x6D,0x00,0x00,0x00,0x00,0x00,0x00,0x00,0x00,0x00,0x00,0x00,
  0x57,0xE6,0x0F,0x27,0xE9,0x59,0x00,0x00,0x00,0x00,0x00,0x00,0x00,0x00,0x01,0x65,
  0xEC,0x33,0x00,0x00,0x33,0xEA,0x97,0x12,0x00,0x00,0x00,0x00,0x08,0x57,0xCB,0xCE,
  0x2B,0x00,0x00,0x00,0x00,0x19,0xB4,0xF1,0x9C,0x3A,0x00,0x00,0x46,0xD0,0x5F,0x05,
  0x00,0x00,0x00,0x00,0x00,0x00,0x00,0x42,0xB4,0x30,0x00,0x00,0x00,0x00,0x00,0x00,
  0x00,0x00,0x52,0x95,0x03,0x00,0x00,0x00,0x00,0x00,0x00,0x00,0x8F,0x3B,0x00,0x00,
  0x00,0x05,0xCF,0xFE,0xFC,0xFC,0xFE,0x49,0x00,0x00,0x00,0x00,0x3C,0xD9,0x7A,0x01,
  0x00,0x89,0x57,0x00,0x00,0x4D,0xB5,0x00,0x00,0x00,0x00,0x00,0x00,0x0F,0xC1,0x50,
  0x7A,0xA6,0x0A,0x01,0x06,0xD1,0x29,0x0B,0x18,0x00,0x00,0x00,0x00,0x00,0x05,0x29,
  0xA2,0xEC,0xFF,0xFF,0xFF,0xFF,0xFF,0xFF,0xBA,0x00,0x00,0x00,0x00,0x00,0x00,0x00,
  0x00,0x00,0x00,0x00,0xE4,0x1C,0x00,0x4C,0xB0,0x00,0x00,0x00,0x00,0x00,0x00,0x0D,
  0x19,0x0D,0x06,0x02,0xE4,0x1C,0x00,0x4C,0xB0,0x07,0x05,0x00,0x00,0x00,0x99,0x69,
  0xFF,0xFF,0xFF,0xFF,0xFF,0xFF,0xFF,0xFF,0xFF,0xFF,0x58,0x00,0x00,0x37,0xD9,0x0D,
  0x1E,0x1D,0x0A,0x03,0xE4,0x1C,0x00,0x4C,0xB0,0x07,0x06,0x00,0x00,0xA6,0x63,0x00,
  0x50,0xFF,0xFF,0xFF,0xFF,0xFF,0xFF,0xFF,0xB7,0x00,0x00,0x00,0x2D,0xE0,0x06,0x00,
  0x09,0x13,0x08,0x02,0xE4,0x1D,0x04,0x0B,0x13,0x00,0x00,0x02,0xC3,0x72,0x00,0x00,
  0x00,0x00,0x00,0x00,0xE4,0x1C,0x00,0x00,0x00,0x00,0x00,0x17,0x9D,0x0D,0x00,0x00,
  0x00,0x08,0x02,0x0A,0xF3,0x14,0x00,0x00,0x00,0x00,0x00,0x00,0x00,0x00,0x00,0x00,
  0x00,0x0F,0xF3,0xF5,0xCD,0x00,0x00,0x00,0x00,0x00,0x00,0x00,0x00,0x00,0x00,0x00,
  0x00,0x00,0x35,0x2B,0x04,0x00,0x00,0x00,0x00,0x00,0x00,0x00,0x00,0x00,0x00,0x00,
  0x00,0x00,0x54,0xB3,0x29,0xB0,0x0C,0x00,0x00,0x00,0x00,0x03,0x9C,0x21,0x00,0x00,
  0x00,0x00,0xB1,0x5E,0x00,0x93,0xB3,0x02,0x00,0x00,0x00,0x00,0x6F,0xE5,0x27,0x00,
  0x00,0x31,0xC3,0x00,0x00,0x03,0x86,0x0B,0x00,0x00,0x00,0x00,0x00,0x6D,0xE4,0x1A,
  0x03,0xCA,0xFF,0xFF,0xFF,0xFF,0xFF,0xFF,0xFF,0x98,0x00,0x00,0x00,0x00,0x4D,0x02,
  0x78,0xFC,0x80,0x00,0x00,0xC4,0x4C,0x00,0x04,0x06,0x00,0x00,0x00,0x00,0x00,0x55,
  0xEA,0x96,0x80,0x00,0x00,0xC4,0x4C,0x00,0x00,0x00,0x00,0x00,0x00,0x00,0x00,0x35,
  0x42,0x7C,0xFF,0xFF,0xFF,0xFF,0xFF,0xFF,0xFF,0x1C,0x00,0x00,0x00,0x00,0x2D,0x11,
  0x00,0x7C,0x80,0x00,0x00,0xC4,0x4C,0x00,0x00,0x00,0x00,0x00,0x00,0x00,0xBD,0x83,
  0x00,0x7C,0x80,0x00,0x00,0xC4,0x4C,0x00,0x00,0x00,0x00,0x00,0x00,0x51,0xD9,0x09,
  0x00,0x7C,0xFF,0xFF,0xFF,0xFF,0xFF,0xFF,0xFF,0x20,0x00,0x00,0x1D,0xE8,0x3C,0x00,
  0x00,0x7C,0x80,0x00,0x00,0xC4,0x4C,0x00,0x06,0x01,0x00,0x00,0xC0,0x99,0x00,0x00,
  0x00,0x81,0x80,0x00,0x00,0xC4,0x4C,0x00,0x00,0x00,0x00,0x00,0x1F,0x12,0x00,0x00,
  0x00,0x8A,0xFF,0xFF,0xFF,0xFF,0xFF,0xFF,0xFF,0xFF,0x18,0x00,0x00,0x00,0x00,0x00,
  0x00,0x9D,0x80,0x00,0x00,0x00,0x01,0x03,0x07,0x0C,0x01,0x00,0x00,0x00,0x00,0x00,
  0x00,0x00,0x00,0x00,0x00,0x00,0x00,0x00,0x00,0x00,0x00,0x00,0x00,0x00,0x00,0x00,
  0x00,0x00,0xAD,0xAD,0x00,0x00,0x00,0x00,0x00,0x00,0x00,0x00,0x00,0x3F,0x74,0x00,
  0x00,0x00,0x9F,0x74,0x00,0x00,0x00,0x8A,0x2F,0x00,0x00,0x00,0x00,0x5C,0xA4,0x00,
  0x00,0x00,0x9C,0x74,0x00,0x00,0x00,0xDD,0x2D,0x00,0x00,0x00,0x00,0x58,0x98,0x00,
  0x00,0x00,0x9C,0x74,0x00,0x00,0x00,0xD8,0x2C,0x00,0x00,0x00,0x00,0x58,0x98,0x00,
  0x00,0x00,0x9C,0x74,0x00,0x00,0x00,0xD8,0x2C,0x00,0x00,0x00,0x00,0x5A,0x98,0x00,
  0x00,0x00,0x9C,0x74,0x00,0x00,0x00,0xD8,0x2C,0x00,0x00,0x00,0x00,0x4A,0xCA,0xE1,
  0xF3,0xFC,0xFF,0xFF,0xFF,0xFF,0xFF,0xFF,0x33,0x00,0x00,0x00,0x00,0x00,0x00,0x00,
  0x00,0x00,0x9C,0x74,0x03,0x0A,0x13,0x1D,0x08,0x00,0x00,0x00,0x1E,0xBD,0x11,0x00,
  0x00,0x00,0x9C,0x74,0x00,0x00,0x00,0x26,0xB8,0x09,0x00,0x00,0x1C,0xDC,0x00,0x00,
  0x00,0x00,0x9C,0x74,0x00,0x00,0x00,0x23,0xE4,0x00,0x00,0x00,0x1C,0xDC,0x00,0x00,
  0x00,0x00,0x9C,0x74,0x00,0x00,0x00,0x20,0xE4,0x00,0x00,0x00,0x1C,0xDC,0x00,0x00,
  0x00,0x00,0x9C,0x74,0x00,0x00,0x00,0x20,0xE4,0x00,0x00,0x00,0x1E,0xFF,0xFF,0xFF,
  0xFF,0xFF,0xFF,0xFF,0xFF,0xFF,0xFF,0xFF,0xE4,0x00,0x00,0x00,0x29,0xDC,0x00,0x00,
  0x00,0x00,0x00,0x00,0x00,0x00,0x00,0x20,0xEB,0x00,0x00,0x00,0x00,0x00,0x00,0x00,
  0x00,0x00,0x00,0x00,0x00,0x00,0x00,0x00,0x00,0x00,0x00,0x00,0x00,0x00,0x00,0x00,
  0x00,0x00,0x6F,0xBF,0x00,0x00,0x00,0x00,0x00,0x00,0x00,0x00,0x00,0x12,0x17,0x09,
  0x02,0x00,0x63,0xA0,0x01,0x05,0x0B,0x16,0x17,0x00,0x00,0x00,0x00,0x78,0xFF,0xFF,
  0xFF,0xFF,0xFF,0xFF,0xFF,0xFF,0xFF,0xFF,0xA0,0x00,0x00,0x00,0x00,0x12,0x18,0x0D,
  0x06,0x03,0x60,0xA0,0x04,0x08,0x10,0x19,0x18,0x00,0x00,0x00,0x00,0x00,0x00,0x00,
  0x00,0x00,0x60,0xA0,0x00,0x00,0x00,0x00,0x00,0x00,0x00,0x00,0x00,0x00,0x00,0x00,
  0x00,0x00,0x60,0xA0,0x00,0x00,0x00,0x00,0x00,0x00,0x00,0x28,0xFF,0xFF,0xFF,0xFF,
  0xFF,0xFF,0xFF,0xFF,0xFF,0xFF,0xFF,0xFF,0xFF,0xFF,0x28,0x00,0x00,0x00,0x00,0x00,
  0x00,0x00,0x60,0xA0,0x00,0x00,0x00,0x00,0x00,0x00,0x00,0x00,0x00,0x22,0x82,0x0A,
  0x00,0x00,0x60,0xA0,0x00,0x00,0x00,0x50,0x41,0x00,0x00,0x00,0x00,0x2B,0xD5,0x00,
  0x00,0x00,0x60,0xA0,0x00,0x00,0x00,0x9C,0x63,0x00,0x00,0x00,0x00,0x28,0xD4,0x00,
  0x00,0x00,0x60,0xA0,0x00,0x00,0x00,0x94,0x60,0x00,0x00,0x00,0x00,0x28,0xD4,0x00,
  0x00,0x00,0x60,0xA0,0x00,0x00,0x00,0x94,0x60,0x00,0x00,0x00,0x00,0x29,0xD5,0x0B,
  0x10,0x15,0x70,0xAD,0x27,0x2B,0x30,0xA9,0x60,0x00,0x00,0x00,0x00,0x34,0xFF,0xFF,
  0xFF,0xFA,0xEF,0xE4,0xD9,0xCE,0xC2,0xE3,0x60,0x00,0x00,0x00,0x00,0x0F,0x24,0x12,
  0x05,0x00,0x00,0x00,0x00,0x00,0x00,0x9B,0x6A,0x00,0x00,0x00,0x00,0x00,0x00,0x01,
  0x31,0x14,0xFF,0xFF,0xFF,0xD5,0x00,0x00,0x00,0x00,0x00,0x00,0x00,0x00,0x00,0x4C,
  0xE5,0x29,0x00,0x00,0x05,0xE3,0x30,0x00,0x00,0x00,0x00,0x00,0x00,0x00,0x00,0xBD,
  0x43,0x00,0x00,0x00,0x00,0x72,0xAA,0x00,0x00,0x00,0x00,0x00,0x00,0x00,0x48,0xB1,
  0x00,0x00,0x00,0x00,0x00,0x0A,0xD8,0x49,0x00,0x00,0x00,0x00,0x00,0x0E,0xC9,0x1C,
  0x00,0x00,0x00,0x00,0x00,0x00,0x29,0xE1,0x3F,0x00,0x00,0x00,0x06,0xB7,0xB1,0xFF,
  0xFF,0xFF,0xFF,0xFF,0xFF,0xFF,0xFF,0x9A,0xF0,0x8F,0x09,0x08,0xC3,0xA5,0x00,0x00,
  0x12,0xD3,0x00,0x00,0x00,0x00,0x9F,0x57,0x48,0xAA,0x01,0x00,0x2F,0x0A,0x00,0x00,
  0x27,0xB4,0x00,0x00,0x00,0x00,0xB4,0x42,0x00,0x02,0x00,0x00,0x00,0x00,0x00,0x00,
  0x5A,0x83,0x00,0x00,0x00,0x00,0xCA,0x2D,0x00,0x00,0x00,0x00,0x00,0x00,0x00,0x00,
  0xB9,0x23,0x00,0x00,0x00,0x00,0xDF,0x18,0x00,0x00,0x00,0x00,0x00,0x00,0x00,0x73,
  0x7B,0x00,0x00,0x00,0x00,0x00,0xF3,0x04,0x00,0x00,0x00,0x00,0x00,0x09,0x8F,0x86,
  0x00,0x00,0x00,0x00,0x00,0x44,0xE2,0x00,0x00,0x00,0x00,0x00,0x29,0xB9,0x4A,0x00,
  0x00,0x00,0x02,0xB9,0xE2,0xC1,0x42,0x00,0x00,0x00,0x00,0x00,0x00,0x00,0x00,0x00,
  0x00,0x00,0x00,0x00,0x00,0x00,0x00,0x00,0x00,0x00,0x00,0x00,0x10,0x0D,0x05,0x01,
  0x00,0x00,0x03,0x0B,0x14,0x00,0x00,0x00,0x91,0xA8,0x00,0x00,0xA4,0xFF,0xFF,0xFF,
  0xFF,0xFF,0xFF,0xFF,0xD4,0x00,0x00,0x00,0x84,0x88,0x00,0x00,0x12,0x0F,0x06,0xBE,
  0x7F,0x07,0x17,0x0D,0x16,0x4F,0xB8,0x00,0x7D,0x88,0x00,0x00,0x00,0x00,0x6D,0xA5,
  0x03,0x4A,0xCB,0x0E,0x00,0x44,0xA8,0x00,0x7C,0x88,0x00,0x00,0x00,0x41,0xBA,0x05,
  0x02,0x0E,0x80,0xBE,0x04,0x40,0xA8,0x00,0x7C,0x88,0x00,0x00,0x6D,0xF8,0xEA,0xD7,
  0xCC,0xB9,0xA4,0xBB,0x8D,0x40,0xA8,0x00,0x7C,0x88,0x00,0x00,0x0F,0x18,0x01,0x0B,
  0x3F,0x00,0x00,0x0A,0x36,0x40,0xA8,0x00,0x7C,0x88,0x00,0x00,0x00,0x00,0x00,0x01,
  0xFD,0x21,0x00,0x00,0x00,0x40,0xA8,0x00,0x7C,0x88,0x00,0x00,0x02,0x17,0x07,0x02,
  0xF6,0x05,0x07,0x18,0x00,0x45,0xAD,0x00,0x7C,0x88,0x00,0x00,0x10,0xFF,0xFF,0xFF,
  0xFF,0xFF,0xFF,0xFF,0x04,0x51,0xBB,0x00,0x7C,0x88,0x00,0x00,0x02,0x19,0x0A,0x04,
  0xF4,0x07,0x0A,0x1A,0x00,0x0B,0x18,0x00,0x7C,0x88,0x00,0x00,0x00,0x00,0x00,0x10,
  0xF5,0x6B,0x95,0xC6,0x87,0x00,0x00,0x00,0x7C,0x88,0x00,0x00,0xA6,0xEA,0xEE,0xC3,
  0x97,0x70,0x4D,0x32,0x0E,0x00,0x29,0x34,0xAC,0x80,0x00,0x00,0x36,0x30,0x02,0x00,
  0x00,0x00,0x00,0x00,0x00,0x00,0x47,0xE9,0xB0,0x21,0x00,0x00,0x00,0x00,0x00,0x00,
  0x00,0x00,0x00,0x00,0x00,0x00,0x00,0x00,0x00,0x00,0x00,0x00,0x00,0x00,0x96,0x5F,
  0x8E,0xA6,0x00,0x00,0x00,0x00,0x00,0x00,0x79,0xBA,0x00,0x00,0x00,0x0E,0xE4,0x30,
  0x81,0x7C,0x00,0x00,0x00,0x01,0x05,0x00,0x6D,0xA0,0x00,0x00,0x00,0x77,0xEB,0xDE,
  0xFB,0xFF,0xFF,0xFF,0xF0,0x0C,0xFA,0x10,0x66,0xA0,0x00,0x00,0x22,0xEA,0x0C,0x00,
  0x7C,0x7C,0x00,0x00,0x00,0x00,0xEF,0x00,0x64,0xA0,0x00,0x00,0x70,0x8A,0x06,0x00,
  0x7C,0x7C,0x04,0x0B,0x1A,0x09,0xEC,0x00,0x64,0xA0,0x00,0x00,0x7C,0xFF,0xFF,0xFF,
  0xFF,0xFF,0xFF,0xFF,0xFF,0x40,0xEC,0x00,0x64,0xA0,0x00,0x00,0x11,0x16,0x0A,0x03,
  0x7C,0x7C,0x04,0x0C,0x1B,0x09,0xEC,0x00,0x64,0xA0,0x00,0x00,0x00,0x00,0x00,0x00,
  0x7C,0x7C,0x00,0x00,0x00,0x00,0xED,0x00,0x64,0xA0,0x00,0x00,0x00,0x80,0xFF,0xFF,
  0xFF,0xFF,0xFF,0xFF,0xA0,0x03,0xF5,0x00,0x64,0xA0,0x00,0x00,0x00,0x80,0x7C,0x00,
  0x7C,0x7C,0x00,0x54,0xA0,0x0F,0xFE,0x03,0x64,0xA0,0x00,0x00,0x00,0x80,0x7C,0x00,
  0x7C,0x7C,0x00,0x54,0xA0,0x01,0x0C,0x00,0x64,0xA0,0x00,0x00,0x00,0x81,0x7C,0x00,
  0x7C,0x7C,0x0A,0x6F,0x9E,0x00,0x00,0x00,0x64,0xA0,0x00,0x00,0x00,0x8C,0x7C,0x00,
  0x7D,0x7C,0xB6,0xEE,0x4C,0x00,0x00,0x00,0x64,0xA0,0x00,0x00,0x00,0x40,0x32,0x00,
  0x85,0x7F,0x12,0x04,0x00,0x00,0x22,0x34,0xA0,0x94,0x00,0x00,0x00,0x00,0x00,0x00,
  0x96,0x90,0x00,0x00,0x00,0x00,0x23,0xF3,0xC3,0x29,0x00,0x00,0x00,0x00,0x00,0x8F,
  0x46,0x00,0x00,0x00,0x00,0x36,0xC0,0x18,0x00,0x00,0x00,0x05,0x1C,0x0D,0x03,0x1D,
  0xD5,0x47,0x00,0x00,0x2B,0xC1,0x26,0x06,0x0E,0x1B,0x05,0x24,0xFF,0xFF,0xFF,0xFF,
  0xFF,0xFF,0xFF,0xFF,0xFF,0xFF,0xFF,0xFF,0xFF,0xFF,0x24,0x05,0x1E,0x10,0x08,0x05,
  0x03,0x01,0x00,0x00,0x01,0x03,0x05,0x08,0x10,0x1C,0x05,0x00,0x00,0xC7,0xFF,0xFF,
  0xFF,0xFF,0xC7,0x00,0x10,0x02,0x00,0x7E,0x83,0x00,0x00,0x00,0x00,0xC0,0x34,0x00,
  0x00,0x30,0xC4,0x00,0x7E,0x98,0x00,0x80,0x74,0x00,0x00,0x00,0x00,0xC0,0x34,0x00,
  0x00,0x30,0xC4,0x00,0x74,0x7C,0x00,0x79,0x74,0x00,0x00,0x00,0x00,0xC0,0xFF,0xFF,
  0xFF,0xFF,0xC4,0x00,0x74,0x7C,0x00,0x78,0x74,0x00,0x00,0x00,0x00,0xC0,0x34,0x00,
  0x00,0x30,0xC4,0x00,0x74,0x7C,0x00,0x78,0x74,0x00,0x00,0x00,0x00,0xC0,0x34,0x00,
  0x00,0x30,0xC4,0x00,0x77,0x7D,0x00,0x78,0x74,0x00,0x00,0x00,0x00,0xC0,0xFF,0xFF,
  0xFF,0xFF,0xC4,0x00,0x86,0x8A,0x00,0x78,0x74,0x00,0x00,0x00,0x00,0xC0,0x34,0x00,
  0x00,0x30,0xC4,0x00,0x08,0x09,0x00,0x78,0x74,0x00,0x00,0x00,0x00,0xC8,0x34,0x00,
  0x11,0x48,0xC3,0x00,0x00,0x1C,0x19,0x9E,0x6E,0x00,0x00,0x00,0x00,0xDD,0x34,0x00,
  0x97,0xE0,0x67,0x00,0x00,0x5F,0xEF,0xC4,0x23,0x00,0x00,0x00,0x00,0x00,0x00,0x00,
  0x00,0x00,0x00,0x00,0x00,0x00,0x00,0x00,0x00,0x00,0x00,0x00,0x00,0x00,0x00,0x01,
  0x0E,0x27,0x48,0x77,0x66,0x00,0x00,0x00,0x45,0xE1,0x02,0x00,0x00,0x9D,0xEA,0xDB,
  0xD9,0xE1,0xA7,0x8B,0x7C,0x05,0x00,0x00,0x39,0xC0,0x00,0x00,0x00,0x00,0x00,0x00,
  0x50,0x8C,0x00,0x00,0x00,0x00,0x5B,0x4A,0x32,0xC0,0x00,0x00,0x00,0x00,0x00,0x00,
  0x50,0x8C,0x00,0x00,0x00,0x00,0x8D,0x5D,0x30,0xC0,0x00,0x00,0xB8,0xFF,0xFF,0xFF,
  0xFF,0xFF,0xFF,0xFF,0xFF,0xF8,0x88,0x5C,0x30,0xC0,0x00,0x00,0x08,0x03,0x34,0x99,
  0x50,0x8C,0x64,0x6E,0x16,0x1D,0x88,0x5C,0x30,0xC0,0x00,0x00,0x90,0xFF,0xFF,0x98,
  0x50,0x8C,0x6C,0xBB,0xDB,0x6F,0x88,0x5C,0x30,0xC0,0x00,0x00,0x08,0x05,0x2C,0x98,
  0x50,0x8C,0x6C,0x9B,0x0C,0x00,0x88,0x5C,0x30,0xC0,0x00,0x02,0x83,0xA8,0xBE,0x98,
  0x50,0x8C,0x68,0x9D,0x4B,0x4B,0x8B,0x5D,0x30,0xC0,0x00,0x00,0x45,0x15,0x2D,0x7B,
  0xAE,0xD7,0x39,0x70,0x7B,0x39,0x92,0x64,0x30,0xC0,0x00,0x00,0x00,0x00,0x01,0x93,
  0xA9,0xAA,0xC8,0x54,0x00,0x00,0x4A,0x35,0x30,0xC0,0x00,0x00,0x00,0x0E,0xAA,0x72,
  0x50,0x8C,0x14,0xD1,0x7E,0x00,0x00,0x00,0x30,0xC0,0x00,0x00,0x42,0xDB,0x6D,0x00,
  0x53,0x8D,0x00,0x1A,0xD1,0x25,0x00,0x00,0x30,0xC0,0x00,0x04,0x9F,0x4C,0x00,0x00,
  0x5C,0x94,0x00,0x00,0x02,0x00,0x0F,0x35,0x7E,0xB7,0x00,0x00,0x00,0x00,0x00,0x00,
  0x6E,0xA3,0x00,0x00,0x00,0x00,0x06,0xE8,0xCC,0x46,0x00,0x00,0x00,0x00,0x00,0x00,
  0x00,0x00,0x00,0x00,0x00,0x66,0xBB,0x01,0x00,0x00,0x00,0x00,0x04,0x13,0x05,0x01,
  0x02,0x09,0x13,0x00,0x00,0x61,0x96,0x00,0x00,0x00,0x00,0x00,0x24,0xFF,0xFF,0xFF,
  0xFF,0xFF,0xC9,0x19,0x08,0x61,0x8D,0x03,0x0A,0x1A,0x00,0x00,0x04,0x16,0x06,0x01,
  0x03,0x0A,0x1D,0xFF,0xFF,0xFF,0xFF,0xFF,0xFF,0xF6,0x00,0x00,0x16,0x0A,0x04,0x00,
  0x03,0x07,0x14,0x1C,0x08,0x6D,0x80,0x00,0x13,0xE1,0x00,0x00,0xE8,0xFF,0xFF,0xFF,
  0xFF,0xFF,0xFF,0x38,0x00,0x82,0x6A,0x00,0x29,0xCC,0x00,0x00,0x14,0x08,0x46,0xDE,
  0x14,0x06,0x11,0x06,0x00,0xA5,0x46,0x00,0x3E,0xB8,0x00,0x00,0x00,0x00,0xA2,0x77,
  0x00,0x09,0x00,0x00,0x00,0xD3,0x18,0x00,0x54,0xA3,0x00,0x00,0x00,0x10,0xE0,0x0A,
  0x09,0xCD,0x0A,0x00,0x18,0xD7,0x00,0x00,0x69,0x8E,0x00,0x00,0x00,0x79,0x84,0x00,
  0x00,0x73,0x83,0x00,0x78,0x83,0x00,0x00,0x7F,0x7A,0x00,0x00,0x37,0xE6,0x99,0xA9,
  0xBE,0xB4,0xE3,0x29,0xE0,0x1B,0x00,0x00,0x94,0x65,0x00,0x00,0x8E,0x86,0x4C,0x1B,
  0x00,0x00,0x41,0xBD,0x7C,0x00,0x00,0x00,0xAE,0x4E,0x00,0x00,0x00,0x00,0x00,0x00,
  0x00,0x07,0xA7,0xC5,0x08,0x14,0x5B,0x68,0xED,0x21,0x00,0x00,0x00,0x00,0x00,0x00,
  0x00,0x40,0xBC,0x0E,0x00,0x02,0xCD,0xB6,0x54,0x00,0x00,0x00,0x00,0x00,0x00,0x01,
  0xB9,0x41,0x00,0xAF,0x3F,0x00,0x00,0x00,0x00,0x00,0x00,0x00,0x00,0x00,0x00,0x4B,
  0xDA,0x0A,0x00,0xE5,0x23,0x00,0x00,0x00,0x00,0x00,0x00,0x00,0x00,0x00,0x01,0xC8,
  0x48,0x00,0x00,0xE4,0x20,0x00,0x00,0x00,0x00,0x00,0x00,0x00,0x00,0x00,0x65,0xBC,
  0x00,0x00,0x00,0xE4,0x20,0x00,0x00,0x00,0x5D,0x2B,0x00,0x00,0x00,0x20,0xF1,0x90,
  0x00,0x00,0x00,0xE4,0x20,0x00,0x00,0x51,0xF8,0x80,0x00,0x00,0x0C,0xCE,0xD5,0x90,
  0x00,0x00,0x00,0xE4,0x20,0x00,0x51,0xED,0x44,0x00,0x00,0x14,0xC9,0xAA,0x70,0x90,
  0x00,0x00,0x00,0xE4,0x20,0x69,0xE1,0x31,0x00,0x00,0x00,0x00,0x53,0x09,0x70,0x90,
  0x00,0x00,0x00,0xE4,0xB3,0xC0,0x17,0x00,0x00,0x00,0x00,0x00,0x00,0x00,0x70,0x90,
  0x00,0x00,0x00,0xE4,0x89,0x03,0x00,0x00,0x00,0x00,0x00,0x00,0x00,0x00,0x70,0x90,
  0x00,0x00,0x00,0xE4,0x20,0x00,0x00,0x00,0x00,0x00,0x00,0x00,0x00,0x00,0x70,0x90,
  0x00,0x00,0x00,0xE4,0x20,0x00,0x00,0x00,0x00,0x00,0x00,0x00,0x00,0x00,0x70,0x90,
  0x00,0x00,0x00,0xE4,0x20,0x00,0x00,0x00,0x00,0x6A,0x15,0x00,0x00,0x00,0x76,0x90,
  0x00,0x00,0x00,0xD9,0x5E,0x0B,0x00,0x08,0x53,0xFB,0x20,0x00,0x00,0x00,0x7F,0x90,
  0x00,0x00,0x00,0x66,0xDB,0xF7,0xFE,0xF9,0xD4,0x5C,0x00,0x00,0x00,0x00,0x92,0x90,
  0x00,0x00,0x00,0x00,0x00,0x00,0x00,0x00,0x00,0x00,0x00,0x00,0x00,0x00,0x00,0x00,
  0x00,0x00,0x00,0x00,0x00,0x00,0x00,0x00,0x00,0x00,0x00,0x00,0x00,0x00,0x00,0x00,
  0x00,0x00,0xA5,0xAE,0x00,0x00,0x00,0x00,0x00,0x00,0x00,0x00,0x00,0x00,0x00,0x00,
  0x00,0x00,0x85,0x88,0x00,0x00,0x00,0x00,0x00,0x00,0x00,0x00,0x00,0x00,0x00,0x00,
  0x00,0x00,0x80,0x88,0x00,0x00,0x00,0x00,0x00,0x00,0x00,0x00,0x00,0x00,0x00,0x00,
  0x00,0x00,0x80,0x88,0x00,0x00,0x00,0x00,0x00,0x00,0x00,0x00,0x1C,0x15,0x0B,0x05,
  0x02,0x00,0x80,0x88,0x02,0x05,0x09,0x0E,0x16,0x1C,0x00,0x00,0xD4,0xFF,0xFF,0xFF,
  0xFF,0xFF,0xFF,0xFF,0xFF,0xFF,0xFF,0xFF,0xFF,0xD4,0x00,0x00,0x1A,0x15,0x0C,0x07,
  0x03,0x02,0x80,0x88,0x02,0x03,0x07,0x0C,0x14,0x19,0x00,0x00,0x00,0x00,0x00,0x00,
  0x00,0x00,0x80,0x88,0x00,0x00,0x00,0x00,0x00,0x00,0x00,0x00,0x00,0x00,0x00,0x00,
  0x00,0x00,0x80,0x88,0x00,0x00,0x00,0x00,0x00,0x00,0x00,0x00,0x00,0x00,0x00,0x00,
  0x00,0x00,0x80,0x88,0x00,0x00,0x00,0x00,0x00,0x00,0x00,0x00,0x00,0x00,0x00,0x00,
  0x00,0x00,0x80,0x88,0x00,0x00,0x00,0x00,0x00,0x00,0x00,0x00,0x00,0x00,0x00,0x00,
  0x00,0x00,0x80,0x88,0x00,0x00,0x00,0x00,0x00,0x00,0x00,0x00,0x00,0x00,0x00,0x00,
  0x00,0x00,0x84,0x89,0x00,0x00,0x00,0x00,0x00,0x00,0x00,0x00,0x00,0x00,0x00,0x00,
  0x00,0x00,0x8C,0x92,0x00,0x00,0x00,0x00,0x00,0x00,0x00,0x00,0x00,0x00,0x00,0x00,
  0x00,0x00,0x9C,0xA0,0x00,0x00,0x00,0x00,0x00,0x00,0x00,0x00,0x00,0x00,0x16,0xC4,
  0x33,0x00,0x00,0x00,0x00,0x74,0x95,0x06,0x00,0x00,0x00,0x00,0x00,0x00,0x00,0x54,
  0xE4,0x70,0x00,0x00,0x25,0xEA,0x47,0x00,0x00,0x00,0x00,0x00,0x00,0x0A,0x0A,0x04,
  0x22,0x81,0x00,0x11,0xD1,0x4B,0x05,0x0A,0x08,0x00,0x00,0x00,0x00,0x8D,0xFF,0xFF,
  0xFF,0xFF,0xFF,0xFF,0xFF,0xFF,0xFF,0xFF,0x73,0x00,0x00,0x00,0x00,0x80,0x74,0x00,
  0x00,0x00,0x8C,0x74,0x00,0x00,0x00,0x88,0x6C,0x00,0x00,0x00,0x00,0x80,0xFF,0xFF,
  0xFF,0xFF,0xFF,0xFF,0xFF,0xFF,0xFF,0xFF,0x6C,0x00,0x00,0x00,0x00,0x80,0x74,0x00,
  0x00,0x00,0x8C,0x74,0x00,0x00,0x00,0x88,0x6C,0x00,0x00,0x00,0x00,0x80,0x74,0x00,
  0x00,0x00,0x8C,0x74,0x00,0x00,0x00,0x88,0x6C,0x00,0x00,0x00,0x00,0x8B,0xFF,0xFF,
  0xFF,0xFF,0xFF,0xFF,0xFF,0xFF,0xFF,0xFF,0x76,0x00,0x00,0x07,0x15,0x22,0x1E,0x11,
  0x06,0x03,0x8C,0x74,0x02,0x05,0x0D,0x19,0x1A,0x13,0x06,0x3C,0xFF,0xFF,0xFF,0xFF,
  0xFF,0xFF,0xFF,0xFF,0xFF,0xFF,0xFF,0xFF,0xFF,0xFF,0x3C,0x08,0x19,0x0C,0x06,0x03,
  0x00,0x00,0x8C,0x74,0x00,0x00,0x03,0x06,0x0C,0x19,0x08,0x00,0x00,0x00,0x00,0x00,
  0x00,0x00,0x90,0x77,0x00,0x00,0x00,0x00,0x00,0x00,0x00,0x00,0x00,0x00,0x00,0x00,
  0x00,0x00,0x98,0x7F,0x00,0x00,0x00,0x00,0x00,0x00,0x00,0x00,0x00,0x00,0x00,0x00,
  0x00,0x00,0xA8,0x8F,0x00,0x00,0x00,0x00,0x00,0x00,0x00,0x00,0x00,0x02,0x0F,0x2F,
  0x5F,0xA3,0xBA,0x03,0x00,0x00,0x00,0x00,0x00,0x00,0x00,0x00,0x00,0x8F,0xFA,0xD4,
  0xA9,0x83,0x72,0x46,0xF8,0xFD,0xFF,0xFD,0xF9,0x57,0x00,0x00,0x00,0x88,0x78,0x00,
  0x00,0x00,0x00,0x1E,0xE8,0x00,0x00,0x00,0xB4,0x4D,0x00,0x00,0x00,0x88,0x78,0x00,
  0x00,0x00,0x00,0x1C,0xE8,0x00,0x00,0x00,0xB4,0x4C,0x00,0x00,0x00,0x88,0x78,0x00,
  0x02,0x0A,0x10,0x1C,0xE8,0x00,0x00,0x00,0xB4,0x4C,0x00,0x00,0x00,0x88,0xFF,0xFF,
  0xFF,0xFF,0xB8,0x1C,0xE8,0x00,0x00,0x00,0xB4,0x4C,0x00,0x00,0x00,0x88,0x78,0x03,
  0x0A,0x12,0x15,0x1C,0xE8,0x00,0x00,0x00,0xB4,0x4C,0x00,0x00,0x00,0x88,0x78,0x00,
  0x00,0x00,0x00,0x1C,0xE8,0x00,0x00,0x00,0xB4,0x4C,0x00,0x00,0x00,0x88,0x78,0x00,
  0x00,0x03,0x30,0x1C,0xE8,0x00,0x00,0x00,0xB4,0x4C,0x00,0x00,0x00,0x88,0x78,0x00,
  0x40,0xD0,0xA2,0x1C,0xE8,0x00,0x00,0x00,0xB6,0x4C,0x00,0x00,0x00,0x88,0xA7,0xBD,
  0xE2,0x58,0x00,0x1C,0xE8,0x00,0x57,0x75,0xF0,0x3D,0x00,0x00,0x1E,0xC6,0xF6,0x81,
  0x09,0x00,0x00,0x1C,0xE8,0x00,0x4F,0xA2,0x67,0x01,0x00,0x00,0x0A,0xA4,0x20,0x00,
  0x00,0x00,0x00,0x21,0xE8,0x00,0x00,0x00,0x00,0x00,0x00,0x00,0x00,0x00,0x00,0x00,
  0x00,0x00,0x00,0x28,0xE8,0x00,0x00,0x00,0x00,0x00,0x00,0x00,0x00,0x00,0x00,0x00,
  0x00,0x00,0x00,0x35,0xE8,0x00,0x00,0x00,0x00,0x00,0x00,0x00,0x00,0x32,0xFF,0xFF,
  0xFF,0xFF,0xFF,0xFF,0xFF,0xFF,0xFF,0xFF,0xFF,0xEC,0x00,0x00,0x00,0x23,0xF1,0x00,
  0x00,0x00,0x00,0x00,0x00,0x00,0x00,0x00,0x00,0x00,0x00,0x00,0x00,0x18,0xF6,0x00,
  0x00,0x00,0x00,0x00,0x00,0x00,0x00,0x00,0x00,0x00,0x00,0x00,0x00,0x0E,0xFA,0x00,
  0x00,0x00,0x00,0x00,0x00,0x00,0x00,0x00,0x00,0x00,0x00,0x00,0x00,0x09,0xFB,0x00,
  0x00,0x00,0x00,0x00,0x00,0x00,0x00,0x00,0x00,0x00,0x00,0x00,0x00,0x07,0xFB,0x00,
  0x00,0x00,0x00,0x00,0x00,0x00,0x00,0x00,0x00,0x00,0x00,0x00,0x00,0x0D,0xF6,0x00,
  0x00,0x00,0x00,0x00,0x00,0x00,0x00,0x00,0x00,0x00,0x00,0x00,0x00,0x1D,0xE8,0x00,
  0x00,0x00,0x00,0x00,0x00,0x00,0x00,0x00,0x00,0x00,0x00,0x00,0x00,0x3D,0xCF,0x00,
  0x00,0x00,0x00,0x00,0x00,0x00,0x00,0x00,0x00,0x00,0x00,0x00,0x00,0x75,0xA1,0x00,
  0x00,0x00,0x00,0x00,0x00,0x00,0x00,0x00,0x00,0x00,0x00,0x00,0x00,0xC4,0x61,0x00,
  0x00,0x00,0x00,0x00,0x00,0x00,0x00,0x00,0x00,0x00,0x00,0x00,0x37,0xF6,0x10,0x00,
  0x00,0x00,0x00,0x00,0x00,0x00,0x00,0x00,0x00,0x00,0x00,0x00,0x8F,0x95,0x00,0x00,
  0x00,0x00,0x00,0x00,0x00,0x00,0x00,0x00,0x00,0x00,0x00,0x00,0x00,0x66,0xFF,0xFF,
  0xFF,0xFF,0xFF,0xFF,0xFF,0xFF,0xFF,0xFF,0xFF,0xFC,0x00,0x00,0x00,0x62,0x98,0x00,
  0x00,0x00,0x00,0x1A,0x29,0x01,0x00,0x00,0x00,0x00,0x00,0x00,0x00,0x5E,0x9B,0x00,
  0x00,0x00,0x00,0x64,0xC6,0x00,0x00,0x00,0x00,0x00,0x00,0x00,0x00,0x5C,0x9C,0x00,
  0x00,0x00,0x00,0x5A,0xA4,0x00,0x00,0x00,0x00,0x00,0x00,0x00,0x00,0x5E,0x9A,0x00,
  0x00,0x00,0x00,0x58,0xA4,0x00,0x00,0x00,0x00,0x00,0x00,0x00,0x00,0x62,0x96,0x07,
  0x1E,0x0D,0x05,0x58,0xA4,0x03,0x09,0x17,0x17,0x00,0x00,0x00,0x00,0x6B,0x8B,0x30,
  0xFF,0xFF,0xFF,0xFF,0xFF,0xFF,0xFF,0xFF,0x9C,0x00,0x00,0x00,0x00,0x7C,0x75,0x07,
  0x1F,0x10,0x05,0x58,0xA4,0x0A,0x76,0x1D,0x18,0x00,0x00,0x00,0x00,0x98,0x59,0x00,
  0x00,0x00,0x00,0x58,0xA4,0x01,0xA3,0x8D,0x00,0x00,0x00,0x00,0x00,0xC8,0x2A,0x00,
  0x00,0x00,0x00,0x58,0xA4,0x00,0x07,0xCC,0x5A,0x00,0x00,0x00,0x10,0xE1,0x02,0x00,
  0x00,0x00,0x00,0x58,0xA4,0x00,0x00,0x27,0x66,0x00,0x00,0x00,0x72,0x94,0x6D,0xA8,
  0x5E,0x2C,0x0F,0x5A,0xA4,0x0A,0x1B,0x3D,0x77,0xC5,0x26,0x06,0xD3,0x29,0x6E,0xAD,
  0x68,0x37,0x16,0x08,0x03,0x0E,0x23,0x48,0x7E,0xC9,0x26,0x00,0x00,0x00,0xB7,0xFA,
  0xF8,0xF8,0xFA,0xFD,0xFF,0xFF,0xFE,0xF7,0xB2,0x07,0x00,0x00,0x00,0x00,0xAE,0x61,
  0x04,0x02,0x00,0x00,0x00,0x00,0x00,0x00,0x00,0x00,0x00,0x00,0x00,0x00,0xA6,0x60,
  0x00,0x00,0x00,0x00,0x00,0x00,0x00,0x00,0x00,0x00,0x00,0x00,0x00,0x00,0xA3,0x60,
  0x00,0x00,0x00,0x00,0x00,0x00,0x00,0x00,0x00,0x00,0x00,0x00,0x00,0x00,0xA3,0xFF,
  0xFF,0xFF,0xFF,0xFF,0xFE,0xFD,0xFD,0xFF,0x39,0x00,0x00,0x00,0x00,0x00,0xB1,0x57,
  0x73,0x8C,0x00,0x00,0x00,0x00,0x29,0xD6,0x00,0x00,0x00,0x00,0x00,0x00,0xC1,0x48,
  0x14,0xD7,0x04,0x00,0x00,0x00,0x91,0x5B,0x00,0x00,0x00,0x00,0x00,0x00,0xEA,0x2E,
  0x00,0x8E,0x5F,0x00,0x00,0x21,0xC1,0x02,0x00,0x00,0x00,0x00,0x00,0x1E,0xF7,0x04,
  0x00,0x10,0xCF,0x13,0x06,0xB8,0x23,0x00,0x00,0x00,0x00,0x00,0x00,0x73,0xBB,0x00,
  0x00,0x00,0x40,0xBE,0xA5,0x3D,0x00,0x00,0x00,0x00,0x00,0x00,0x04,0xD9,0x5A,0x00,
  0x00,0x0C,0x7F,0xCB,0xD6,0x99,0x21,0x00,0x00,0x00,0x00,0x00,0x86,0xDB,0x0C,0x48,
  0x99,0xE8,0x81,0x05,0x06,0x78,0xF1,0xC9,0x93,0x52,0x00,0x00,0x4D,0x44,0x20,0xCE,
  0x83,0x19,0x00,0x00,0x00,0x00,0x0D,0x60,0xAF,0x59,0x00,0x00,0x00,0x00,0x1F,0x3B,
  0x02,0x00,0x81,0x9D,0x03,0x43,0x04,0x00,0x00,0x00,0x00,0x00,0x00,0x00,0x6E,0xC3,
  0x06,0x00,0xBC,0x68,0x02,0xAE,0xB4,0x09,0x00,0x00,0x00,0x00,0x00,0x00,0xA8,0x46,
  0x00,0x03,0xED,0x15,0x00,0x02,0xA3,0xB9,0x00,0x00,0x00,0x00,0x00,0x1F,0xD7,0x02,
  0x00,0x36,0xCA,0x00,0x00,0x00,0x07,0x49,0x16,0x23,0x00,0x00,0x00,0x9A,0xFF,0xFF,
  0xFF,0xFF,0xFF,0xFF,0xFF,0xFF,0xFF,0xFF,0xFF,0xC9,0x00,0x00,0x00,0x03,0x03,0x00,
  0x02,0xD8,0x36,0x00,0x00,0x00,0x01,0x06,0x0E,0x17,0x00,0x00,0x00,0x00,0x00,0x00,
  0x57,0xDA,0x00,0x00,0x00,0x00,0x00,0x00,0x00,0x00,0x00,0x00,0x00,0x00,0x00,0x11,
  0xDD,0xFF,0xFF,0xFF,0xFF,0xFF,0xFF,0xFD,0x31,0x00,0x00,0x00,0x00,0x00,0x03,0xAF,
  0x66,0x62,0x01,0x00,0x00,0x00,0x58,0x93,0x00,0x00,0x00,0x00,0x00,0x04,0xA9,0xA1,
  0x00,0x0D,0x50,0x00,0x00,0x0B,0xAB,0x08,0x00,0x00,0x00,0x00,0x28,0xC7,0xA1,0x05,
  0x00,0x00,0x18,0x3F,0x0B,0x83,0x11,0x00,0x00,0x00,0x00,0x03,0xA6,0x7E,0x00,0x00,
  0x00,0x0F,0x7A,0xDF,0x98,0xA0,0x29,0x00,0x00,0x00,0x00,0x00,0x00,0x00,0x08,0x4A,
  0xA0,0xED,0x98,0x18,0x00,0x56,0xD8,0xD5,0x9A,0x6B,0x03,0x00,0x00,0x00,0x44,0xDB,
  0x83,0x1A,0x00,0x00,0x00,0x00,0x00,0x3C,0x8B,0x68,0x00,0x08,0xFF,0xFF,0xFF,0xFF,
  0xFF,0xFF,0xFF,0xC0,0xFF,0xFF,0xFF,0xFF,0xFF,0x4B,0x00,0x01,0x0E,0xCC,0x28,0x00,
  0x00,0xB8,0x48,0x05,0xCF,0x00,0x00,0x00,0xE1,0x1C,0x00,0x00,0x00,0xCC,0x28,0x00,
  0x00,0xB8,0x40,0x00,0xCB,0x01,0x00,0x05,0xE8,0x00,0x00,0x00,0x00,0xCC,0xFF,0xFF,
  0xFF,0xFF,0x40,0x00,0xAE,0x1E,0x00,0x2A,0xB5,0x00,0x00,0x00,0x00,0xCC,0x28,0x00,
  0x00,0xB8,0x40,0x00,0x80,0x4A,0x00,0x61,0x7A,0x00,0x00,0x00,0x00,0xCC,0x28,0x00,
  0x00,0xB8,0x40,0x00,0x4E,0x7E,0x00,0xA6,0x39,0x00,0x00,0x00,0x00,0xCC,0xFF,0xFF,
  0xFF,0xFF,0x40,0x00,0x10,0xBE,0x08,0xD9,0x02,0x00,0x00,0x00,0x00,0xCC,0x28,0x00,
  0x00,0xB8,0x40,0x00,0x00,0xBE,0x77,0x91,0x00,0x00,0x00,0x00,0x00,0xCC,0x28,0x00,
  0x00,0xB8,0x40,0x00,0x00,0x5A,0xFC,0x24,0x00,0x00,0x00,0x00,0x00,0xCC,0x86,0x9B,
  0xCA,0xF9,0x40,0x00,0x00,0x96,0xFE,0x7E,0x00,0x00,0x00,0x25,0xAF,0xF2,0xEF,0xB6,
  0x7F,0xD1,0x40,0x00,0x5F,0xDA,0x35,0xE9,0x7B,0x00,0x00,0x05,0x6F,0x2F,0x02,0x00,
  0x00,0xB9,0x41,0x71,0xE5,0x27,0x00,0x31,0xEA,0xB5,0x12,0x00,0x00,0x00,0x00,0x00,
  0x00,0xBE,0x90,0xD8,0x25,0x00,0x00,0x00,0x20,0x8E,0x03,0x00,0x00,0x00,0x00,0x00,
  0x00,0xCC,0x56,0x06,0x00,0x00,0x00,0x00,0x00,0x00,0x00,0x00,0x00,0x00,0x00,0x00,
  0x00,0x00,0xC1,0x62,0x00,0x00,0x00,0x00,0x00,0x00,0x00,0x00,0x00,0x00,0x00,0x00,
  0x00,0x17,0xFD,0x2B,0x00,0x00,0x00,0x00,0x00,0x00,0x00,0x00,0x0C,0x0E,0x07,0x04,
  0x01,0x55,0xB6,0x00,0x00,0x00,0x02,0x04,0x09,0x16,0x00,0x00,0x78,0xFF,0xFF,0xFF,
  0xFF,0xFF,0xFF,0xFF,0xFF,0xFF,0xFF,0xFF,0xFF,0xFF,0x04,0x00,0x0B,0x11,0x0B,0x06,
  0x07,0xE6,0x1F,0x01,0x03,0x04,0x05,0x08,0x0C,0x19,0x00,0x00,0x00,0x00,0x00,0x00,
  0x56,0xBD,0x00,0x00,0x00,0x00,0x00,0x00,0x00,0x00,0x00,0x00,0x00,0x00,0x00,0x03,
  0xCE,0x43,0x00,0x00,0x00,0x00,0x00,0x00,0x00,0x00,0x00,0x00,0x00,0x00,0x00,0x6C,
  0xFF,0xFF,0xFF,0xFF,0xFF,0xFF,0xFF,0xFF,0x3D,0x00,0x00,0x00,0x00,0x00,0x31,0xF1,
  0xE0,0x00,0x00,0x00,0x00,0x00,0x00,0xC8,0x3C,0x00,0x00,0x00,0x00,0x23,0xE6,0x78,
  0xE0,0x00,0x00,0x00,0x00,0x00,0x00,0xC8,0x3C,0x00,0x00,0x00,0x4F,0xEF,0x7D,0x20,
  0xE0,0x00,0x00,0x00,0x00,0x00,0x00,0xC8,0x3C,0x00,0x00,0x00,0x44,0x74,0x00,0x20,
  0xE0,0x00,0x00,0x00,0x00,0x00,0x00,0xC8,0x3C,0x00,0x00,0x00,0x00,0x00,0x00,0x21,
  0xFF,0xFF,0xFF,0xFF,0xFF,0xFF,0xFF,0xFF,0x3C,0x00,0x00,0x00,0x00,0x00,0x00,0x2D,
  0xE0,0x00,0x00,0x00,0x00,0x00,0x00,0xC4,0x45,0x00,0x00,0x00,0x00,0x00,0x5D,0xFF,
  0xFF,0xFF,0xFF,0xFF,0xFF,0xFF,0xFF,0x75,0x00,0x00,0x00,0x00,0x00,0x00,0x50,0xA8,
  0x00,0x00,0x00,0x00,0x00,0x00,0x88,0x70,0x00,0x00,0x00,0x00,0x00,0x00,0x50,0xA8,
  0x00,0x00,0x00,0x00,0x00,0x00,0x88,0x70,0x00,0x00,0x00,0x00,0x00,0x00,0x5D,0xFF,
  0xFF,0xFF,0xFF,0xFF,0xFF,0xFF,0xFF,0x74,0x00,0x00,0x00,0x01,0x19,0x10,0x08,0x04,
  0x01,0x00,0x00,0x00,0x00,0x00,0x02,0x07,0x0C,0x17,0x01,0x10,0xFF,0xFF,0xFF,0xFF,
  0xFF,0xFF,0xFF,0xFF,0xFF,0xFF,0xFF,0xFF,0xFF,0xFF,0x10,0x01,0x16,0x0E,0x08,0x03,
  0xBF,0x40,0x01,0x01,0x03,0x05,0x06,0x09,0x10,0x1B,0x02,0x00,0x00,0x00,0x00,0x0A,
  0xE7,0x04,0x00,0x00,0x00,0x00,0x04,0x0F,0x00,0x00,0x00,0x00,0x00,0x00,0x00,0x59,
  0xFF,0xFF,0xFF,0xFF,0xFF,0xFF,0xFF,0xB0,0x00,0x00,0x00,0x00,0x00,0x00,0x00,0x0D,
  0x04,0x00,0x00,0x00,0x00,0x00,0x74,0x8D,0x00,0x00,0x00,0x00,0x00,0x00,0x00,0x00,
  0x00,0x00,0x00,0x00,0x00,0x00,0x94,0x69,0x00,0x00,0x00,0x00,0x00,0x00,0x00,0x00,
  0x00,0x00,0x00,0x00,0x00,0x0E,0xD9,0x30,0x00,0x00,0x00,0x00,0x00,0x00,0x00,0x00,
  0x00,0x00,0x88,0xE4,0xCE,0xB9,0x63,0x00,0x00,0x00,0x00,0x00,0x00,0x00,0x00,0x00,
  0x00,0x00,0x0D,0x1D,0x3B,0x65,0x9D,0xDC,0x2C,0x00,0x00,0x00,0x00,0x05,0xFC,0xF6,
  0xE7,0xDE,0xCF,0xBB,0xA5,0x8F,0x79,0x6B,0x47,0x00,0x00,0x00,0x00,0x00,0xF2,0x0C,
  0x00,0x00,0x00,0x00,0x00,0x00,0x00,0x00,0x00,0x00,0x00,0x00,0x00,0x00,0xEC,0x0C,
  0x00,0x00,0x00,0x00,0x00,0x00,0x00,0x00,0x00,0x00,0x00,0x00,0x00,0x00,0xEC,0x0C,
  0x00,0x00,0x00,0x00,0x00,0x00,0x00,0x00,0x00,0x00,0x00,0x00,0x00,0x00,0xF0,0xFF,
  0xFF,0xFF,0xFF,0xFF,0xFF,0xFF,0xFF,0xFF,0xFF,0xFF,0x10,0x00,0x00,0x00,0xF6,0x07,
  0x00,0x00,0x00,0x00,0x00,0x00,0x00,0x00,0x00,0x00,0x00,0x00,0x00,0x05,0xFD,0x01,
  0xAE,0xF5,0xFA,0xFE,0xFF,0xFE,0xFA,0xF2,0x4B,0x00,0x00,0x00,0x00,0x1B,0xED,0x00,
  0xB8,0x40,0x00,0x00,0x00,0x00,0x00,0xB4,0x50,0x00,0x00,0x00,0x00,0x3E,0xCA,0x00,
  0xB8,0x40,0x00,0x00,0x00,0x00,0x00,0xB4,0x50,0x00,0x00,0x00,0x00,0x7C,0xA1,0x00,
  0xB8,0x40,0x00,0x00,0x00,0x00,0x00,0xB4,0x50,0x00,0x00,0x00,0x00,0xD9,0x5C,0x00,
  0xB8,0x40,0x00,0x00,0x00,0x00,0x00,0xB4,0x50,0x00,0x00,0x00,0x63,0xF3,0x0F,0x00,
  0xB9,0xFF,0xFF,0xFF,0xFF,0xFF,0xFF,0xFF,0x50,0x00,0x00,0x00,0x8E,0x78,0x00,0x00,
  0xC2,0x40,0x00,0x00,0x00,0x00,0x00,0xB4,0x53,0x00,0x00,0x00,0x00,0x00,0x00,0x00,
  0x00,0x00,0x00,0x00,0x00,0x00,0x00,0x40,0x21,0x00,0x00,0x00,0x00,0x00,0x00,0x00,
  0x00,0x00,0xB2,0x8C,0x01,0x00,0x00,0x00,0x00,0x00,0x00,0x00,0x00,0x00,0x00,0x00,
  0x00,0x57,0xB0,0x04,0x00,0x00,0x00,0x00,0x00,0x00,0x00,0x00,0x00,0xDB,0xFA,0xFF,
  0xFF,0xFF,0xFF,0xFF,0xFF,0xFE,0xF9,0xF0,0xD0,0x02,0x00,0x00,0x00,0xEE,0x24,0x00,
  0x00,0x00,0x00,0x00,0x00,0x00,0x00,0x1C,0xF3,0x00,0x00,0x00,0x00,0xE6,0x24,0x00,
  0x00,0x00,0x00,0x00,0x00,0x00,0x00,0x1C,0xF0,0x00,0x00,0x00,0x00,0xE4,0x24,0x00,
  0xC5,0xFF,0xFF,0xFF,0xFF,0xFF,0x05,0x1C,0xF0,0x00,0x00,0x00,0x00,0xE4,0x24,0x00,
  0xBA,0x34,0x00,0x00,0x00,0xF6,0x00,0x1C,0xF0,0x00,0x00,0x00,0x00,0xE4,0x24,0x00,
  0xB6,0x34,0x00,0x00,0x00,0xF1,0x00,0x1C,0xF0,0x00,0x00,0x00,0x00,0xE4,0x24,0x00,
  0xB4,0x34,0x00,0x00,0x00,0xF0,0x00,0x1C,0xF0,0x00,0x00,0x00,0x00,0xE4,0x24,0x00,
  0xB7,0x34,0x00,0x00,0x00,0xF2,0x00,0x1C,0xF0,0x00,0x00,0x00,0x00,0xE5,0x24,0x00,
  0xC3,0xFF,0xFF,0xFF,0xFF,0xFE,0x03,0x1C,0xF0,0x00,0x00,0x00,0x00,0xE9,0x24,0x00,
  0x00,0x00,0x00,0x00,0x00,0x00,0x00,0x1C,0xF0,0x00,0x00,0x00,0x00,0xF3,0x24,0x00,
  0x00,0x00,0x00,0x00,0x00,0x2C,0x1B,0x54,0xED,0x00,0x00,0x00,0x05,0xFF,0x24,0x00,
  0x00,0x00,0x00,0x00,0x00,0x8E,0xF7,0xDE,0x80,0x00,0x00,0x00,0x00,0x00,0x00,0x00,
  0x00,0x00,0x68,0x8E,0x00,0x00,0x00,0x00,0x00,0x00,0x00,0x00,0x00,0x00,0x00,0x00,
  0x00,0x00,0x04,0xBE,0x53,0x00,0x00,0x00,0x00,0x00,0x00,0x00,0x00,0x00,0x20,0xFF,
  0xFF,0xFF,0xFF,0xFF,0xFF,0xFF,0xFF,0xFF,0xFF,0x02,0x00,0x00,0x00,0x00,0x16,0xE0,
  0x00,0x00,0x00,0x00,0x00,0x00,0x00,0x00,0xEA,0x00,0x00,0x00,0x00,0x00,0x14,0xE0,
  0x00,0x00,0x00,0x00,0x00,0x00,0x00,0x00,0xE8,0x00,0x00,0x00,0x00,0x00,0x15,0xE0,
  0x00,0x00,0x00,0x00,0x00,0x00,0x00,0x00,0xEA,0x00,0x00,0x00,0x00,0x00,0x1A,0xFF,
  0xFF,0xFF,0xFF,0xFF,0xFF,0xFF,0xFF,0xFF,0xFF,0x02,0x00,0x00,0x00,0x00,0x25,0xD7,
  0x00,0x00,0x00,0x00,0x00,0x00,0x00,0x00,0x00,0x00,0x00,0x00,0x00,0x00,0x3A,0xC6,
  0x40,0xFF,0xFF,0xFF,0xFF,0xFF,0xFF,0xFF,0xFF,0x4B,0x00,0x00,0x00,0x00,0x5D,0xA3,
  0x38,0xBC,0x00,0x00,0x00,0x00,0x00,0x00,0xBC,0x44,0x00,0x00,0x00,0x00,0x9D,0x70,
  0x38,0xBC,0x00,0x00,0x00,0x00,0x00,0x00,0xBC,0x44,0x00,0x00,0x00,0x0F,0xED,0x1D,
  0x38,0xBC,0x00,0x00,0x00,0x00,0x00,0x00,0xBC,0x44,0x00,0x00,0x00,0x93,0xAE,0x00,
  0x38,0xFF,0xFF,0xFF,0xFF,0xFF,0xFF,0xFF,0xFF,0x44,0x00,0x00,0x20,0xD1,0x1C,0x00,
  0x3D,0xBC,0x00,0x00,0x00,0x00,0x00,0x00,0xBC,0x52,0x00,0x00,0x00,0x00,0x00,0x00,
  0x13,0x2F,0x00,0x00,0x00,0x00,0x00,0x00,0x0B,0x06,0x00,0x00,0x00,0x00,0x00,0x00,
  0x00,0x00,0x00,0x00,0x00,0x00,0x00,0x00,0x00,0x00,0x00,0x00,0x00,0x00,0x00,0x2B,
  0x00,0x00,0x54,0xDB,0x09,0x00,0x00,0x00,0x00,0x00,0x00,0x00,0x00,0x00,0x0D,0xF2,
  0x33,0x00,0x4A,0xB4,0x00,0x00,0x00,0x00,0x00,0x00,0x00,0x00,0x00,0x00,0x6D,0x9C,
  0x00,0x00,0x48,0xB4,0x00,0x03,0x09,0x13,0x09,0x00,0x00,0x00,0x00,0x10,0xE9,0xFF,
  0xFF,0xFF,0xFF,0xFF,0xFF,0xFF,0xFF,0xFF,0x54,0x00,0x00,0x00,0x00,0xA9,0xA3,0x00,
  0x00,0x00,0x48,0xB4,0x03,0x07,0x0D,0x16,0x09,0x00,0x00,0x00,0x22,0x8B,0x19,0x05,
  0x00,0x00,0x48,0xB4,0x00,0x00,0x03,0x0B,0x17,0x1C,0x00,0x00,0xD0,0xFF,0xFF,0xFF,
  0xFF,0xFF,0xFF,0xFF,0xFF,0xFF,0xFF,0xFF,0xFF,0xD0,0x00,0x00,0x1B,0x15,0x0D,0x07,
  0x04,0x03,0x00,0x01,0x03,0x04,0x07,0x0D,0x15,0x1B,0x00,0x00,0x00,0x00,0x00,0x00,
  0x00,0x00,0x00,0x00,0x00,0x00,0x00,0x00,0x00,0x00,0x00,0x00,0x00,0x00,0x73,0xFF,
  0xFF,0xFF,0xFF,0xFF,0xFF,0xFF,0xFF,0xB1,0x00,0x00,0x00,0x00,0x00,0x00,0x64,0x94,
  0x00,0x00,0x00,0x00,0x00,0x00,0x50,0xA8,0x00,0x00,0x00,0x00,0x00,0x00,0x64,0x94,
  0x00,0x00,0x00,0x00,0x00,0x00,0x50,0xA8,0x00,0x00,0x00,0x00,0x00,0x00,0x66,0xFF,
  0xFF,0xFF,0xFF,0xFF,0xFF,0xFF,0xFF,0xAA,0x00,0x00,0x00,0x00,0x00,0x00,0x75,0x94,
  0x00,0x00,0x00,0x00,0x00,0x00,0x50,0xBD,0x00,0x00,0x00,0x00,0x00,0xF0,0xFF,0xFF,
  0xFF,0xE3,0x00,0x2C,0xFF,0xFF,0xFF,0xFF,0xBA,0x00,0x00,0x00,0x00,0xE7,0x08,0x00,
  0x0C,0xDC,0x00,0x23,0xD0,0x00,0x00,0x40,0xB0,0x00,0x00,0x00,0x00,0xE8,0x08,0x00,
  0x0C,0xDE,0x00,0x25,0xD0,0x00,0x00,0x40,0xB1,0x00,0x00,0x00,0x00,0xF1,0xFF,0xFF,
  0xFF,0xE6,0x00,0x2E,0xFF,0xFF,0xFF,0xFF,0xBA,0x00,0x00,0x00,0x00,0x0E,0x05,0x01,
  0x06,0x0F,0xB5,0x44,0x00,0x69,0x1A,0x00,0x00,0x00,0x00,0x00,0x1D,0x14,0x0C,0x07,
  0x03,0x1C,0xD8,0x08,0x0C,0x5C,0xD3,0x15,0x06,0x12,0x00,0x00,0xE8,0xFF,0xFF,0xFF,
  0xFF,0xFF,0xFF,0xFF,0xFF,0xFF,0xFF,0xFF,0xFF,0xC8,0x00,0x00,0x1E,0x16,0x0E,0x15,
  0x88,0xA4,0x09,0x29,0xBD,0x7B,0x1B,0x10,0x17,0x1A,0x00,0x00,0x1A,0x55,0x8B,0x91,
  0x39,0x00,0x00,0x05,0x0B,0x58,0xC7,0xC3,0x87,0x6E,0x27,0x2F,0xDD,0xEC,0xFF,0xFF,
  0xFF,0xFF,0x26,0x43,0xFF,0xFF,0xF9,0xF8,0xD8,0x88,0x0D,0x00,0x00,0xB6,0x44,0x00,
  0x00,0xD4,0x19,0x3C,0xB8,0x00,0x00,0x48,0xAB,0x00,0x00,0x00,0x00,0xB4,0x44,0x00,
  0x00,0xD4,0x18,0x3C,0xB8,0x00,0x00,0x48,0xA8,0x00,0x00,0x00,0x00,0xB6,0xFF,0xFF,
  0xFF,0xFF,0x18,0x3E,0xFF,0xFF,0xFF,0xFF,0xB1,0x00,0x00,0x00,0x00,0xC4,0x44,0x00,
  0x00,0xD4,0x25,0x4D,0xB8,0x00,0x00,0x1F,0x55,0x00,0x00,0x00,0x00,0xEB,0xFF,0xFF,
  0xFF,0xFF,0xFF,0xFF,0xFF,0xFF,0xFF,0xFF,0xE4,0x00,0x00,0x00,0x00,0xE1,0x20,0x00,
  0x00,0x00,0x00,0x00,0x00,0x00,0x00,0x1C,0xE0,0x00,0x00,0x00,0x00,0xE0,0x20,0x00,
  0x00,0x00,0x00,0x00,0x00,0x00,0x00,0x1C,0xE0,0x00,0x00,0x00,0x00,0xE0,0x20,0x00,
  0xE1,0xFF,0xFF,0xFF,0xFF,0xF9,0x02,0x1C,0xE0,0x00,0x00,0x00,0x00,0xE0,0x20,0x00,
  0xD4,0x20,0x00,0x00,0x18,0xDF,0x00,0x1C,0xE0,0x00,0x00,0x00,0x00,0xE0,0x20,0x00,
  0xCE,0x20,0x00,0x00,0x18,0xD6,0x00,0x1C,0xE0,0x00,0x00,0x00,0x00,0xE0,0x20,0x00,
  0xCF,0x20,0x00,0x00,0x18,0xD4,0x00,0x1C,0xE0,0x00,0x00,0x00,0x00,0xE0,0x20,0x00,
  0xD4,0x20,0x00,0x00,0x18,0xD9,0x00,0x1C,0xE0,0x00,0x00,0x00,0x00,0xE0,0x20,0x00,
  0xE1,0xFF,0xFF,0xFC,0xF2,0xC1,0x00,0x1C,0xE0,0x00,0x00,0x00,0x00,0xE0,0x20,0x00,
  0x00,0x00,0x00,0x00,0x00,0x00,0x00,0x1C,0xE0,0x00,0x00,0x00,0x00,0xE0,0x20,0x00,
  0x00,0x00,0x00,0x00,0x00,0x00,0x00,0x1C,0xE0,0x00,0x00,0x00,0x00,0xE1,0xFF,0xFF,
  0xFF,0xFF,0xFF,0xFF,0xFF,0xFF,0xFF,0xFF,0xE0,0x00,0x00,0x00,0x00,0xED,0x20,0x00,
  0x00,0x00,0x00,0x00,0x00,0x00,0x00,0x1C,0xE7,0x00,0x00,0x00,0x00,0x00,0x00,0x00,
  0x00,0x00,0x00,0x00,0x00,0x00,0x00,0x04,0x2A,0x00,0x00,0x00,0x00,0x20,0x81,0x0F,
  0x00,0x00,0x00,0x03,0xC7,0x1D,0x00,0x00,0x00,0x00,0x00,0x00,0x00,0x2A,0xDB,0x00,
  0x00,0x13,0x05,0x02,0x86,0x80,0x03,0x07,0x12,0x06,0x00,0x00,0x00,0x24,0xD8,0x00,
  0x04,0xFF,0xFF,0xFF,0xFF,0xFF,0xFF,0xFF,0xFF,0x38,0x00,0x00,0x00,0x22,0xD8,0x00,
  0x08,0x27,0x47,0xB7,0x18,0x05,0xAA,0x6C,0x1C,0x1E,0x00,0x00,0x16,0x23,0xD8,0x08,
  0x4A,0xFF,0xFF,0xFF,0xFF,0xFF,0xFF,0xFF,0xFF,0xF8,0x00,0x04,0xFF,0xFF,0xFF,0xFF,
  0x84,0x13,0x07,0x03,0x01,0x00,0x02,0x08,0x12,0x24,0x00,0x00,0x16,0x24,0xD8,0x06,
  0x0C,0x5B,0xEC,0xF9,0xFD,0xFE,0xFB,0xF4,0xB6,0x00,0x00,0x00,0x00,0x20,0xD8,0x00,
  0x00,0x62,0x80,0x00,0x00,0x00,0x00,0x20,0xC5,0x00,0x00,0x00,0x00,0x20,0xD8,0x00,
  0x00,0x60,0xFF,0xFF,0xFF,0xFF,0xFF,0xFF,0xC4,0x00,0x00,0x00,0x00,0x20,0xDD,0x1E,
  0x14,0x69,0xFF,0xFF,0xFF,0xFF,0xFF,0xFF,0xCE,0x00,0x00,0x00,0x00,0x2B,0xFF,0xFF,
  0xE4,0x00,0x00,0x9E,0x4C,0x28,0xB8,0x00,0x00,0x00,0x00,0x2B,0xD9,0xE8,0x99,0x54,
  0x11,0x00,0x03,0xD8,0x2E,0x28,0xB8,0x00,0x00,0x00,0x00,0x01,0x4F,0x04,0x00,0x00,
  0x00,0x2D,0xB0,0xDB,0x01,0x26,0xC5,0x03,0x0D,0x91,0x24,0x00,0x00,0x00,0x00,0x73,
  0xED,0xFF,0xE5,0x32,0x00,0x0C,0xDD,0xFD,0xF3,0xAB,0x08,0x00,0x00,0x00,0x00,0x26,
  0xD3,0x73,0x0D,0x00,0x00,0x00,0x00,0x00,0x00,0x00,0x00,0x00,0x00,0x00,0x00,0x00,
  0x00,0x00,0x53,0xC9,0x00,0x00,0x00,0x00,0x00,0x00,0x00,0x00,0x1B,0x13,0x0A,0x04,
  0x00,0x00,0x49,0xAC,0x00,0x01,0x04,0x09,0x13,0x20,0x02,0x00,0xD8,0xFF,0xFF,0xFF,
  0xFF,0xFF,0xFF,0xFF,0xFF,0xFF,0xFF,0xFF,0xFF,0xFF,0x10,0x00,0x20,0x2D,0x25,0x13,
  0x08,0x02,0x48,0xAC,0x02,0x05,0x0E,0x1E,0x36,0x25,0x02,0x00,0x00,0x8C,0xFF,0xFF,
  0xFF,0xFF,0xFF,0xFF,0xFF,0xFF,0xFF,0xFF,0xFC,0x00,0x00,0x00,0x00,0x1D,0x2C,0x18,
  0x0C,0x04,0x02,0x00,0x02,0x05,0x0C,0x14,0x20,0x00,0x00,0x00,0x00,0x3E,0xFF,0xFF,
  0xFF,0xFF,0xFF,0xFF,0xFE,0xFB,0xF7,0xEB,0x74,0x00,0x00,0x00,0x00,0x2E,0xC8,0x00,
  0x00,0x00,0x58,0xA0,0x00,0x00,0x00,0x68,0x7D,0x00,0x00,0x00,0x00,0x29,0xC8,0x00,
  0x00,0x00,0x58,0xA0,0x00,0x00,0x00,0x68,0x7F,0x00,0x00,0x00,0x00,0x2E,0xFF,0xFF,
  0xFF,0xFF,0xFF,0xFF,0xFF,0xFF,0xFF,0xFF,0x8A,0x00,0x00,0x00,0x00,0x3B,0xAD,0x00,
  0x00,0x00,0x00,0x00,0x00,0x00,0x00,0x00,0x00,0x00,0x00,0x00,0x00,0x60,0x8C,0x00,
  0x00,0x00,0x00,0x00,0x00,0x00,0x00,0x00,0x00,0x00,0x00,0x00,0x00,0xAB,0x48,0x00,
  0x00,0x00,0x00,0x00,0x00,0x00,0x00,0x00,0x00,0x00,0x00,0x00,0x40,0xD5,0x02,0x00,
  0x00,0x00,0x00,0x00,0x00,0x00,0x00,0x00,0x00,0x00,0x00,0x01,0xA8,0x3E,0x00,0x00,
  0x00,0x00,0x00,0x00,0x00,0x00,0x00,0x00,0x00,0x00,0x00,0x00,0x00,0x00,0x07,0xC2,
  0x32,0x00,0x00,0x00,0x00,0x00,0x00,0x00,0x00,0x00,0x00,0x00,0x00,0x00,0x88,0xFF,
  0xFF,0xFF,0xFF,0xFF,0xFF,0xFF,0xFF,0xFF,0xFF,0x78,0x00,0x00,0x00,0x5F,0xAA,0x0E,
  0x06,0x02,0x00,0x00,0x00,0x00,0x00,0x00,0x00,0x00,0x00,0x01,0x78,0xD0,0x98,0xFF,
  0xFF,0xFF,0xFF,0xFF,0xFF,0xFF,0xFF,0xFF,0x2F,0x00,0x00,0x09,0x83,0x1D,0x82,0x7C,
  0x00,0x00,0x00,0x00,0x00,0x00,0x00,0xE0,0x21,0x00,0x00,0x00,0x00,0x00,0x80,0xFF,
  0xFF,0xFF,0xFF,0xFF,0xFF,0xFF,0xFF,0xFF,0x20,0x00,0x00,0x00,0x00,0x00,0x81,0x7C,
  0x00,0x00,0x00,0x00,0x00,0x00,0x00,0xE0,0x20,0x00,0x00,0x00,0x00,0x00,0x8D,0xFF,
  0xFF,0xFF,0xFF,0xFF,0xFF,0xFF,0xFF,0xFF,0x2A,0x00,0x00,0x00,0x00,0x00,0x0E,0x2A,
  0xC4,0x0A,0x00,0x00,0x00,0x07,0x13,0x28,0x07,0x00,0x00,0x00,0x00,0x00,0x08,0xC8,
  0xFF,0xFF,0xFF,0xFF,0xFF,0xFF,0xFF,0x73,0x00,0x00,0x00,0x00,0x00,0x0C,0xB8,0x7D,
  0x8C,0x10,0x00,0x00,0x00,0x6D,0xBE,0x02,0x00,0x00,0x00,0x00,0x14,0xD8,0x9A,0x01,
  0x7B,0xD6,0x39,0x00,0x5A,0xCD,0x15,0x00,0x00,0x00,0x00,0x00,0x00,0x3A,0x01,0x00,
  0x00,0x3E,0xCE,0x6A,0xC0,0x18,0x00,0x00,0x00,0x00,0x00,0x00,0x0F,0x22,0x31,0x15,
  0x12,0x11,0x05,0x00,0x00,0x1E,0x28,0x2E,0x39,0x39,0x02,0x00,0x5F,0x97,0x0D,0x00,
  0x00,0x00,0x00,0x00,0x00,0x00,0x00,0x00,0x00,0x00,0x00,0x00,0x00,0x90,0xFF,0xFF,
  0xFF,0xFF,0xFF,0xFF,0xFF,0xFF,0xFF,0xFF,0xCC,0x00,0x00,0x00,0x00,0x0F,0x11,0x08,
  0x03,0x01,0x5B,0x99,0x01,0x04,0x07,0x0E,0x15,0x00,0x00,0x00,0x00,0x00,0x00,0x00,
  0x00,0x00,0x5F,0x96,0x00,0x00,0x00,0x00,0x00,0x00,0x00,0x00,0x00,0x00,0x00,0x00,
  0x00,0x00,0x6E,0x8A,0x00,0x00,0x00,0x00,0x00,0x00,0x00,0x00,0x11,0x0D,0x07,0x02,
  0x00,0x00,0x92,0x6E,0x00,0x00,0x02,0x07,0x0D,0x15,0x00,0x00,0xB4,0xFF,0xFF,0xFF,
  0xFF,0xFF,0xFF,0xFF,0xFF,0xFF,0xFF,0xFF,0xFF,0xD8,0x00,0x00,0x13,0x11,0x08,0x06,
  0x03,0x0F,0xF5,0xE9,0x17,0x02,0x04,0x07,0x0F,0x16,0x00,0x00,0x00,0x00,0x00,0x00,
  0x00,0x65,0xC5,0x8B,0x8C,0x00,0x00,0x00,0x00,0x00,0x00,0x00,0x00,0x00,0x00,0x00,
  0x06,0xD3,0x62,0x1D,0xED,0x33,0x00,0x00,0x00,0x00,0x00,0x00,0x00,0x00,0x00,0x00,
  0x8B,0xCC,0x04,0x00,0x6A,0xDE,0x10,0x00,0x00,0x00,0x00,0x00,0x00,0x00,0x00,0x68,
  0xF3,0x2B,0x00,0x00,0x01,0xAA,0xCB,0x15,0x00,0x00,0x00,0x00,0x00,0x05,0x8B,0xF0,
  0x3B,0x00,0x00,0x00,0x00,0x07,0xB0,0xD9,0x2A,0x00,0x00,0x00,0x4A,0xD9,0xDE,0x2F,
  0x00,0x00,0x00,0x00,0x00,0x00,0x03,0x91,0xF8,0x84,0x00,0x01,0x89,0x9A,0x0E,0x00,
  0x00,0x00,0x00,0x00,0x00,0x00,0x00,0x00,0x56,0x3A,0x00,0x00,0x00,0x00,0x00,0x00,
  0x00,0x82,0x65,0x00,0x00,0x00,0x00,0x00,0x00,0x00,0x00,0x00,0x00,0x00,0x00,0x00,
  0x00,0x34,0xEA,0x38,0x00,0x00,0x00,0x00,0x00,0x00,0x00,0x00,0x74,0xFF,0xFF,0xFF,
  0xFF,0xFF,0xFF,0xFF,0xFF,0xFF,0xFF,0xFF,0xFF,0x30,0x00,0x00,0x74,0x84,0x00,0x00,
  0x00,0x00,0x00,0x00,0x00,0x00,0x00,0x00,0xD4,0x30,0x00,0x00,0x74,0x84,0x00,0x00,
  0x00,0x00,0x00,0x00,0x00,0x00,0x00,0x00,0xD4,0x30,0x00,0x00,0x00,0x00,0x24,0xFF,
  0xFF,0xFF,0xFF,0xFF,0xFF,0xFF,0xE2,0x24,0x00,0x00,0x00,0x00,0x00,0x00,0x00,0x00,
  0x00,0x00,0x00,0x34,0x9B,0x61,0x02,0x00,0x00,0x00,0x00,0x00,0x1E,0x12,0x0A,0x05,
  0x02,0x00,0x62,0xBB,0x0F,0x01,0x05,0x0A,0x12,0x1E,0x00,0x00,0xF4,0xFF,0xFF,0xFF,
  0xFF,0xFF,0xFF,0xFF,0xFF,0xFF,0xFF,0xFF,0xFF,0xF4,0x00,0x00,0x1F,0x13,0x0A,0x06,
  0x02,0x01,0x74,0x90,0x01,0x02,0x06,0x0A,0x13,0x1F,0x00,0x00,0x00,0x00,0x00,0x00,
  0x00,0x00,0x74,0x90,0x00,0x00,0x00,0x00,0x00,0x00,0x00,0x00,0x00,0x00,0x00,0x00,
  0x00,0x00,0x74,0x90,0x00,0x00,0x00,0x00,0x00,0x00,0x00,0x00,0x00,0x00,0x00,0x00,
  0x14,0x00,0x93,0x8F,0x00,0x00,0x00,0x00,0x00,0x00,0x00,0x00,0x00,0x00,0x00,0x00,
  0xA2,0xFD,0xFE,0x58,0x00,0x00,0x00,0x00,0x00,0x00,0x00,0x00,0x00,0x00,0x00,0x00,
  0x16,0x2A,0x14,0x00,0x00,0x00,0x00,0x00,0x00,0x00,0x00,0x00,0x00,0x00,0x00,0x00,
  0x00,0x1F,0xE0,0x2F,0x00,0x00,0x00,0x00,0x00,0x00,0x00,0x00,0x10,0x16,0x0F,0x09,
  0x04,0x65,0xB2,0x00,0x02,0x04,0x08,0x0C,0x10,0x19,0x04,0x00,0x90,0xFF,0xFF,0xFF,
  0xFF,0xFF,0xFF,0xFF,0xFF,0xFF,0xFF,0xFF,0xFF,0xFF,0x28,0x00,0x0E,0x12,0x0B,0x06,
  0x2C,0xE1,0x07,0x01,0x03,0x04,0x05,0x08,0x0F,0x19,0x04,0x00,0x00,0x00,0x00,0x00,
  0xAF,0x6C,0x00,0x00,0x00,0x00,0x00,0x00,0x00,0x00,0x00,0x00,0x00,0x00,0x00,0x62,
  0xC8,0x45,0xFF,0xFF,0xFF,0xFF,0xFF,0xFF,0xF0,0x00,0x00,0x00,0x00,0x00,0x3D,0xEB,
  0x21,0x00,0x00,0x00,0x00,0x00,0x71,0xBD,0x1D,0x00,0x00,0x00,0x00,0x4B,0xF6,0xD0,
  0x00,0x00,0x00,0x00,0x00,0xAC,0x9C,0x06,0x00,0x00,0x00,0x0A,0x8F,0xF5,0x79,0xD0,
  0x0E,0x0D,0x04,0x01,0x00,0xF0,0x08,0x01,0x05,0x12,0x09,0x0D,0xAC,0x36,0x28,0xD0,
  0x8C,0xFF,0xFF,0xFF,0xFF,0xFF,0xFF,0xFF,0xFF,0xFF,0x58,0x00,0x00,0x00,0x28,0xD0,
  0x0F,0x0F,0x08,0x03,0x01,0xF0,0x09,0x04,0x09,0x14,0x0A,0x00,0x00,0x00,0x28,0xD0,
  0x00,0x00,0x00,0x00,0x00,0xF0,0x08,0x00,0x00,0x00,0x00,0x00,0x00,0x00,0x2A,0xD1,
  0x00,0x00,0x00,0x00,0x00,0xF0,0x08,0x00,0x00,0x00,0x00,0x00,0x00,0x00,0x31,0xD9,
  0x00,0x00,0x00,0x43,0x4B,0xF9,0x04,0x00,0x00,0x00,0x00,0x00,0x00,0x00,0x42,0xEA,
  0x00,0x00,0x00,0x7D,0xC2,0x6C,0x00,0x00,0x00,0x00,0x00,0x00,0x00,0x00,0x00,0x00,
  0x00,0x77,0x79,0x00,0x00,0x00,0x00,0x00,0x00,0x00,0x00,0x00,0x00,0x00,0x00,0x00,
  0x00,0x14,0xDB,0x26,0x00,0x00,0x00,0x00,0x00,0x00,0x00,0x00,0x60,0xFF,0xFF,0xFF,
  0xFF,0xFF,0xFF,0xFF,0xFF,0xFF,0xFF,0xFF,0xBC,0x00,0x00,0x00,0x60,0x98,0x00,0x00,
  0x00,0x00,0x00,0x00,0x00,0x00,0x00,0x44,0xBC,0x00,0x00,0x00,0x60,0x98,0x0A,0x14,
  0x07,0x02,0x00,0x00,0x04,0x0C,0x0F,0x44,0xBC,0x00,0x00,0x00,0x00,0x00,0x58,0xFF,
  0xFF,0xFF,0xFF,0xFF,0xFF,0xFF,0xA0,0x00,0x00,0x00,0x00,0x00,0x03,0x16,0x15,0x18,
  0x09,0x02,0x00,0x01,0x06,0x14,0x1B,0x11,0x0F,0x00,0x00,0x00,0x1C,0xFF,0xFF,0xFF,
  0xFF,0xFF,0xFF,0xFF,0xFF,0xFF,0xFF,0xFF,0x8C,0x00,0x00,0x00,0x00,0x00,0x00,0x00,
  0x71,0x7F,0x00,0x0C,0xEC,0x00,0x00,0x00,0x00,0x00,0x00,0x00,0x00,0x00,0x00,0x00,
  0x82,0x6B,0x00,0x0C,0xEC,0x00,0x00,0x00,0x00,0x00,0x00,0x00,0x00,0x00,0x00,0x00,
  0xB6,0x40,0x00,0x0C,0xEC,0x00,0x00,0x00,0x00,0x00,0x00,0x00,0x00,0x00,0x00,0x42,
  0xF0,0x0C,0x00,0x0C,0xEC,0x00,0x00,0x00,0x00,0x00,0x00,0x00,0x00,0x11,0x7E,0xF7,
  0x7A,0x00,0x00,0x08,0xFC,0x33,0x05,0x04,0x56,0x98,0x00,0x00,0x88,0xF6,0xFA,0x7C,
  0x00,0x00,0x00,0x00,0xB2,0xFA,0xFF,0xFC,0xE1,0x5A,0x00,0x00,0x4C,0xAC,0x29,0x00,
  0x00,0x00,0x00,0x00,0x00,0x00,0x02,0x00,0x00,0x00,0x00,0x00,0x00,0x00,0x00,0x00,
  0x00,0x24,0xD0,0x16,0x00,0x00,0x00,0x00,0x00,0x00,0x00,0x00,0x0A,0x19,0x0B,0x04,
  0x00,0x00,0x91,0x9A,0x01,0x03,0x07,0x0D,0x18,0x10,0x00,0x00,0x4C,0xFF,0xFF,0xFF,
  0xFF,0xFF,0xFF,0xFF,0xFF,0xFF,0xFF,0xFF,0xFF,0x74,0x00,0x00,0x4C,0xA4,0x00,0x00,
  0x00,0x00,0x00,0x00,0x00,0x00,0x00,0x00,0x84,0x74,0x00,0x00,0x4C,0xA4,0x00,0x00,
  0x00,0x00,0x00,0x00,0x00,0x00,0x00,0x00,0x84,0x74,0x00,0x00,0x00,0x00,0x80,0xFF,
  0xFF,0xFF,0xFF,0xFF,0xFF,0xFF,0xFF,0xD4,0x00,0x00,0x00,0x00,0x00,0x00,0x00,0x00,
  0x00,0x00,0x44,0xB4,0x00,0x00,0x00,0x00,0x00,0x00,0x00,0x00,0x00,0x00,0x00,0x57,
  0x1E,0x00,0x44,0xB4,0x00,0x00,0x00,0x00,0x00,0x00,0x00,0x00,0x00,0x00,0x0B,0xF7,
  0x26,0x00,0x44,0xB4,0x00,0x00,0x00,0x00,0x00,0x00,0x00,0x00,0x00,0x00,0x3F,0xAD,
  0x00,0x00,0x44,0xFF,0xFF,0xFF,0xFF,0xFF,0xF8,0x00,0x00,0x00,0x00,0x00,0xA6,0xBB,
  0x03,0x00,0x44,0xB4,0x00,0x00,0x00,0x00,0x00,0x00,0x00,0x00,0x00,0x30,0xAA,0x7A,
  0xB8,0x1C,0x44,0xB4,0x00,0x00,0x00,0x00,0x00,0x00,0x00,0x00,0x12,0xC2,0x19,0x00,
  0x76,0xF2,0xD0,0xB4,0x00,0x00,0x00,0x00,0x00,0x00,0x00,0x11,0xBC,0x2E,0x00,0x00,
  0x00,0x1A,0x77,0xB7,0xC9,0xCD,0xD1,0xD8,0xE2,0xF1,0x32,0x00,0x00,0x00,0x00,0x00,
  0x00,0x00,0x00,0x00,0x00,0x00,0x01,0x03,0x03,0x01,0x00,0x00,0x00,0x00,0x00,0x00,
  0x00,0x11,0xCC,0x14,0x00,0x00,0x00,0x00,0x00,0x00,0x00,0x00,0x00,0x00,0x00,0x00,
  0x00,0x00,0x7A,0xA0,0x00,0x00,0x00,0x00,0x00,0x00,0x00,0x00,0x28,0xFF,0xFF,0xFF,
  0xFF,0xFF,0xFF,0xFF,0xFF,0xFF,0xFF,0xFF,0xFF,0x5C,0x00,0x00,0x28,0xCC,0x00,0x00,
  0x38,0x2B,0x00,0x00,0x49,0x78,0x06,0x00,0xA4,0x5C,0x00,0x00,0x28,0xCC,0x00,0x5D,
  0xCB,0x46,0x03,0x01,0x0B,0x87,0xD0,0x37,0xA4,0x5C,0x00,0x00,0x00,0x43,0xC1,0x8B,
  0x08,0x00,0x74,0xB0,0x03,0x00,0x34,0xDB,0x6B,0x00,0x00,0x00,0x00,0x48,0x40,0x00,
  0x00,0x71,0x7E,0x68,0x62,0x00,0x00,0x14,0x2C,0x00,0x00,0x00,0x00,0x00,0x00,0x15,
  0xA6,0x60,0x00,0x00,0x5F,0xA3,0x1B,0x00,0x00,0x00,0x00,0x00,0x00,0x0C,0x6F,0xBE,
  0x30,0x00,0x00,0x00,0x00,0x2C,0xC7,0xA3,0x4C,0x0E,0x00,0x02,0x95,0xE4,0x73,0xFD,
  0xFF,0xFF,0xFF,0xFF,0xFF,0xFF,0xFB,0x58,0xCB,0xC6,0x02,0x00,0x2D,0x0F,0x00,0xF8,
  0x08,0x00,0x00,0x00,0x00,0x10,0xF8,0x00,0x00,0x09,0x00,0x00,0x00,0x00,0x00,0xF8,
  0x08,0x00,0x00,0x00,0x00,0x10,0xF8,0x00,0x00,0x00,0x00,0x00,0x00,0x00,0x00,0xF8,
  0xFF,0xFF,0xFF,0xFF,0xFF,0xFF,0xF8,0x00,0x00,0x00,0x00,0x00,0x00,0x00,0x06,0xFE,
  0x08,0x00,0x00,0x00,0x00,0x10,0xFC,0x01,0x00,0x00,0x00,0x00,0x00,0x00,0x00,0x00,
  0x00,0x00,0x00,0x00,0x00,0x00,0x0C,0x00,0x00,0x00,0x00,0x00,0x00,0x00,0x00,0x00,
  0x00,0x00,0x00,0x00,0x00,0x00,0x00,0x00,0x00,0x00,0x00,0x00,0x00,0x00,0x00,0x00,
  0x00,0x00,0x7E,0xDC,0x07,0x00,0x00,0x00,0x00,0x00,0x00,0x00,0x00,0x00,0x00,0x00,
  0x00,0x00,0x72,0xA6,0x00,0x00,0x00,0x00,0x00,0x00,0x00,0x00,0x00,0x00,0x00,0x00,
  0x00,0x00,0x6D,0xA4,0x00,0x00,0x00,0x00,0x00,0x00,0x00,0x00,0x00,0x00,0x00,0x00,
  0x00,0x00,0x6C,0xA4,0x00,0x00,0x02,0x00,0x00,0x00,0x00,0x00,0x00,0x00,0x29,0xA4,
  0x1D,0x00,0x6C,0xA4,0x00,0x30,0xBF,0x02,0x00,0x00,0x00,0x00,0x00,0x00,0x6A,0xBF,
  0x00,0x00,0x6C,0xA4,0x00,0x00,0xB8,0x6C,0x00,0x00,0x00,0x00,0x00,0x00,0xB3,0x59,
  0x00,0x00,0x6C,0xA4,0x00,0x00,0x24,0xEA,0x18,0x00,0x00,0x00,0x00,0x19,0xE8,0x08,
  0x00,0x00,0x6C,0xA4,0x00,0x00,0x00,0x8B,0xA4,0x00,0x00,0x00,0x00,0x88,0x83,0x00,
  0x00,0x00,0x6C,0xA4,0x00,0x00,0x00,0x11,0xEE,0x3B,0x00,0x00,0x1F,0xEC,0x16,0x00,
  0x00,0x00,0x6C,0xA4,0x00,0x00,0x00,0x00,0x7B,0xC9,0x00,0x08,0xC8,0x85,0x00,0x00,
  0x00,0x00,0x6C,0xA4,0x00,0x00,0x00,0x00,0x0E,0xEE,0x43,0x24,0xA8,0x0C,0x00,0x00,
  0x00,0x00,0x6C,0xA4,0x00,0x00,0x00,0x00,0x00,0x24,0x00,0x00,0x00,0x00,0x00,0x00,
  0x00,0x00,0x6C,0xA4,0x00,0x00,0x00,0x00,0x00,0x00,0x00,0x00,0x00,0x00,0x00,0x00,
  0x3E,0x4D,0xAE,0xA0,0x00,0x00,0x00,0x00,0x00,0x00,0x00,0x00,0x00,0x00,0x00,0x00,
  0x57,0xF1,0xCB,0x3E,0x00,0x00,0x00,0x00,0x00,0x00,0x00,0x00,0x00,0x00,0x91,0x5D,
  0x00,0x00,0x00,0x00,0x09,0xA9,0x1E,0x00,0x00,0x00,0x00,0x00,0x00,0x00,0x1D,0xE2,
  0x40,0x00,0x00,0x00,0x00,0xF8,0x0E,0xB7,0x1B,0x00,0x00,0x44,0xFF,0xFF,0xFF,0xFF,
  0xFF,0xFF,0xFF,0xA4,0x00,0xEC,0x03,0x4C,0xD1,0x0E,0x00,0x00,0x04,0x0B,0x01,0x00,
  0x00,0x06,0x09,0x00,0x00,0xE9,0x00,0x00,0x75,0x2A,0x00,0x00,0x2A,0xFF,0xFF,0xFF,
  0xFF,0xFF,0x75,0xF0,0xFF,0xFF,0xFF,0xFF,0xFF,0xFF,0x10,0x00,0x23,0xD4,0x00,0x00,
  0x00,0x88,0x74,0x00,0x03,0xE6,0x00,0x00,0x00,0x00,0x00,0x00,0x21,0xD4,0x00,0x00,
  0x00,0x88,0x74,0x00,0x16,0xD8,0x00,0x00,0x00,0x00,0x00,0x00,0x23,0xD4,0x00,0x00,
  0x00,0x88,0x74,0x00,0x35,0xC2,0x82,0x78,0x00,0x00,0x00,0x00,0x2A,0xFF,0xFF,0xFF,
  0xFF,0xFF,0x76,0x00,0x5D,0xA4,0x8B,0x5E,0x00,0x00,0x00,0x00,0x00,0x22,0x00,0xC4,
  0x41,0x8F,0x01,0x00,0x9A,0x77,0x88,0x5C,0x00,0x00,0x00,0x00,0x0A,0xE6,0x3E,0xC4,
  0x30,0xA5,0x7D,0x09,0xED,0x3A,0x88,0x5C,0x00,0x00,0x00,0x00,0x8D,0x80,0x00,0xC4,
  0x30,0x10,0xB2,0x85,0xDC,0x02,0x88,0x5C,0x00,0x00,0x00,0x35,0xC6,0x04,0x00,0xD0,
  0x2F,0x00,0x5D,0xFC,0x58,0x00,0x84,0x7A,0x04,0x6B,0x2E,0x00,0x03,0x51,0xE7,0xC6,
  0x0E,0x65,0xFF,0xB9,0x01,0x00,0x4D,0xF4,0xFA,0xCF,0x1F,0x00,0x00,0x00,0x00,0x00,
  0x00,0x0A,0xAC,0x0E,0x00,0x00,0x00,0x00,0x00,0x00,0x00,0x00,0x00,0xCB,0xFF,0xFF,
  0xFF,0xFF,0xFF,0xFF,0xFF,0xFF,0xFF,0xFF,0xD8,0x00,0x00,0x00,0x00,0xBF,0x44,0x00,
  0x00,0x00,0x00,0x00,0x00,0x00,0x00,0x24,0xD4,0x00,0x00,0x00,0x00,0xB8,0xFF,0xFF,
  0xFF,0xFF,0xFF,0xFF,0xFF,0xFF,0xFF,0xFF,0xDA,0x00,0x00,0x00,0x00,0xB3,0x43,0x00,
  0x00,0x12,0x00,0x00,0x00,0x01,0xBF,0x62,0x0B,0x00,0x00,0x00,0x00,0xB0,0x42,0x12,
  0x0B,0x7E,0x98,0x12,0x00,0x72,0x88,0x02,0x0C,0x0D,0x00,0x00,0x00,0xB0,0x40,0xB8,
  0xFF,0xFF,0xFF,0xFF,0xFF,0xFF,0xFF,0xFF,0xFF,0x88,0x00,0x00,0x00,0xB5,0x38,0x14,
  0x0A,0x2A,0xC0,0x00,0x00,0x10,0xD4,0x06,0x11,0x10,0x00,0x00,0x00,0xBD,0x3C,0x0F,
  0x03,0x28,0xC0,0x00,0x00,0x10,0xD4,0x00,0x04,0x10,0x05,0x00,0x00,0xCD,0x92,0xFF,
  0xFF,0xFF,0xFF,0xFF,0xFF,0xFF,0xFF,0xFF,0xFF,0xFF,0x30,0x00,0x00,0xE8,0x15,0x11,
  0x06,0x37,0xB2,0x00,0x00,0x10,0xD4,0x02,0x07,0x14,0x05,0x00,0x12,0xE1,0x00,0x00,
  0x00,0x60,0x90,0x00,0x00,0x12,0xD4,0x00,0x00,0x00,0x00,0x00,0x57,0xB0,0x00,0x00,
  0x09,0xCF,0x3C,0x00,0x00,0x18,0xD8,0x00,0x00,0x00,0x00,0x00,0xC8,0x68,0x00,0x12,
  0xB9,0xA5,0x00,0x00,0x00,0x27,0xE6,0x00,0x00,0x00,0x00,0x09,0x7F,0x11,0x00,0x5F,
  0xA5,0x08,0x00,0x00,0x00,0x03,0x12,0x00,0x00,0x00,0x00,0x00,0x00,0xB4,0xFF,0xFF,
  0xFF,0xFF,0xFF,0xFF,0xFF,0xFF,0xFF,0xFF,0xFC,0x00,0x00,0x00,0x00,0x00,0x00,0x00,
  0x00,0x00,0x5C,0xB8,0x00,0x00,0x00,0x00,0x00,0x00,0x00,0x00,0x00,0x00,0x00,0x00,
  0x00,0x00,0x5C,0xB8,0x00,0x00,0x00,0x00,0x00,0x00,0x00,0x00,0x00,0x00,0x00,0x00,
  0x00,0x00,0x5C,0xB8,0x00,0x00,0x00,0x00,0x00,0x00,0x00,0x00,0x00,0x00,0x00,0x00,
  0x00,0x00,0x5C,0xB8,0x00,0x00,0x00,0x00,0x00,0x00,0x00,0x00,0x00,0x00,0x00,0x00,
  0x00,0x00,0x5C,0xB8,0x00,0x00,0x00,0x00,0x00,0x00,0x00,0x00,0x00,0x00,0x00,0x00,
  0x00,0x00,0x5C,0xB8,0x00,0x00,0x00,0x00,0x00,0x00,0x00,0x00,0x00,0x00,0x00,0x00,
  0x00,0x00,0x5C,0xB8,0x00,0x00,0x00,0x00,0x00,0x00,0x00,0x00,0x00,0x00,0x00,0x00,
  0x00,0x00,0x5C,0xB8,0x00,0x00,0x00,0x00,0x00,0x00,0x00,0x00,0x15,0x0C,0x06,0x02,
  0x00,0x00,0x5C,0xB8,0x00,0x00,0x01,0x06,0x0E,0x16,0x00,0x00,0xE4,0xFF,0xFF,0xFF,
  0xFF,0xFF,0xFF,0xFF,0xFF,0xFF,0xFF,0xFF,0xFF,0xE0,0x00,0x00,0x00,0x00,0x00,0x00,
  0x00,0x42,0xD2,0x1D,0x00,0x00,0x00,0x00,0x00,0x00,0x00,0x00,0x00,0x00,0x00,0x00,
  0x00,0x71,0x96,0x00,0x00,0x00,0x00,0x00,0x00,0x00,0x00,0x00,0x6E,0xF1,0xE3,0xDB,
  0xD6,0xEE,0xE3,0xD4,0xD4,0xD4,0xD4,0xDC,0xEC,0x90,0x00,0x00,0x10,0x1D,0x12,0x0A,
  0x0B,0xDE,0x03,0x00,0x00,0x00,0x04,0x0C,0x18,0x14,0x00,0x00,0x00,0x00,0x00,0x00,
  0x49,0x9B,0x00,0x00,0x00,0x00,0x00,0x00,0x00,0x00,0x00,0x00,0x00,0x00,0x00,0x00,
  0xAA,0x3F,0x00,0x00,0x00,0x00,0x00,0x00,0x00,0x00,0x00,0x00,0x00,0x00,0x00,0x23,
  0xCE,0x00,0x00,0x00,0x00,0x00,0x00,0x09,0x0A,0x00,0x00,0x00,0x00,0x00,0x00,0xAB,
  0xFF,0xFF,0xFF,0xFF,0xFF,0xFF,0xFF,0xFF,0x6C,0x00,0x00,0x00,0x00,0x00,0x5C,0xD0,
  0x06,0x00,0x00,0x58,0xA4,0x00,0x03,0x0B,0x0B,0x00,0x00,0x00,0x00,0x39,0xF0,0x2C,
  0x00,0x00,0x00,0x58,0xA4,0x00,0x00,0x00,0x00,0x00,0x00,0x00,0x45,0xF0,0x5F,0x00,
  0x00,0x00,0x00,0x58,0xA4,0x00,0x00,0x00,0x00,0x00,0x00,0x04,0x9E,0x78,0x00,0x00,
  0x00,0x00,0x00,0x58,0xA4,0x00,0x00,0x00,0x00,0x00,0x00,0x00,0x00,0x00,0x1A,0x0D,
  0x07,0x01,0x00,0x58,0xA4,0x00,0x00,0x05,0x0C,0x17,0x06,0x00,0x00,0x00,0xF8,0xFF,
  0xFF,0xFF,0xFF,0xFF,0xFF,0xFF,0xFF,0xFF,0xFF,0xFF,0x30,0x00,0x60,0xFF,0xFF,0xFF,
  0xFF,0xFF,0xFF,0xFF,0xFF,0xFF,0xFF,0x92,0x00,0x00,0x00,0x00,0x0E,0x1D,0x15,0x10,
  0x0B,0x07,0x04,0x03,0x01,0x01,0x80,0x88,0x00,0x00,0x00,0x00,0x00,0x00,0x00,0x00,
  0x00,0x00,0x00,0x00,0x00,0x00,0x80,0x88,0x00,0x00,0x00,0x00,0x03,0x0E,0x00,0x00,
  0x00,0x00,0x00,0x00,0x00,0x00,0x80,0x88,0x00,0x00,0x00,0x00,0x0F,0xFF,0x21,0x00,
  0x00,0x00,0x00,0x00,0x00,0x00,0x80,0x88,0x00,0x00,0x00,0x00,0x06,0xFF,0xFF,0xFF,
  0xFF,0xFF,0xFF,0xFF,0xFF,0xFF,0xFF,0x88,0x00,0x00,0x00,0x00,0x04,0xFF,0x04,0x00,
  0x00,0x00,0x00,0x00,0x00,0x00,0x80,0x8A,0x00,0x00,0x00,0x00,0x04,0xFF,0x04,0x00,
  0x00,0x00,0x00,0x00,0x00,0x00,0x52,0x62,0x00,0x00,0x00,0x00,0x04,0xFF,0x04,0x00,
  0x00,0x00,0x00,0x00,0x00,0x00,0x00,0x00,0x00,0x00,0x00,0x00,0x04,0xFF,0x04,0x00,
  0x00,0x00,0x00,0x00,0x00,0x00,0x00,0x00,0x01,0x00,0x00,0x00,0x04,0xFF,0x04,0x00,
  0x00,0x00,0x00,0x00,0x00,0x00,0x00,0x00,0xC6,0x31,0x00,0x00,0x00,0xFB,0x3F,0x01,
  0x00,0x00,0x00,0x00,0x00,0x05,0x20,0x86,0xE6,0x08,0x00,0x00,0x00,0x95,0xF4,0xFD,
  0xF5,0xF0,0xF1,0xF5,0xFB,0xFF,0xF1,0xB9,0x32,0x00,0x00,0x00,0x00,0x00,0x00,0x03,
  0x07,0x0B,0x0C,0x0C,0x0A,0x04,0x00,0x00,0x00,0x00,0x00,0x00,0x00,0x00,0x00,0x00,
  0x00,0x00,0x00,0x00,0x00,0x00,0x00,0x00,0x00,0x00,0x00,0x00,0x00,0x00,0x1C,0x18,
  0x00,0x00,0x77,0xA8,0x00,0x00,0x22,0x0B,0x00,0x00,0x00,0x00,0x00,0x00,0x72,0xD2,
  0x0F,0x00,0x78,0x80,0x00,0x01,0xC0,0x93,0x00,0x00,0x00,0x00,0x00,0x00,0x00,0x69,
  0xA7,0x00,0x78,0x80,0x00,0x76,0x9D,0x00,0x00,0x00,0x00,0x00,0xA8,0xFF,0xFF,0xFF,
  0xFF,0xFF,0xFF,0xFF,0xFF,0xFF,0xFF,0xFF,0xFF,0xA4,0x00,0x00,0xA8,0x40,0x0D,0x0F,
  0x06,0x00,0x00,0x00,0x00,0x06,0x10,0x0C,0x4C,0xA4,0x00,0x00,0xA8,0x40,0x72,0xFF,
  0xFF,0xFF,0xFF,0xFF,0xFF,0xFF,0xFF,0x5C,0x4C,0xA4,0x00,0x00,0x00,0x00,0x66,0x7C,
  0x00,0x00,0x00,0x00,0x00,0x00,0x90,0x51,0x00,0x00,0x00,0x00,0x00,0x00,0x70,0xFF,
  0xFF,0xFF,0xFF,0xFF,0xFF,0xFF,0xFF,0x58,0x00,0x00,0x00,0x00,0x00,0x00,0x0E,0x13,
  0x0A,0x03,0x84,0x74,0x03,0x07,0x10,0x0A,0x00,0x00,0x00,0x00,0x00,0x13,0x14,0x0A,
  0x05,0x02,0x84,0x74,0x00,0x02,0x08,0x0E,0x18,0x00,0x00,0x00,0x00,0xA2,0xFF,0xFF,
  0xFF,0xFF,0xFF,0xFF,0xFF,0xFF,0xFF,0xFF,0xE6,0x00,0x00,0x00,0x00,0x98,0x58,0x00,
  0x00,0x00,0x84,0x74,0x00,0x00,0x00,0x10,0xE0,0x00,0x00,0x00,0x00,0x99,0x58,0x00,
  0x00,0x00,0x84,0x74,0x00,0x06,0x06,0x30,0xDA,0x00,0x00,0x00,0x00,0xA7,0x58,0x00,
  0x00,0x00,0x85,0x74,0x00,0x12,0xF6,0xF4,0x77,0x00,0x00,0x00,0x00,0x00,0x00,0x00,
  0x00,0x00,0x94,0x7D,0x00,0x00,0x18,0x03,0x00,0x00,0x00,0x00,0x17,0x13,0x09,0x03,
  0xCC,0x39,0x00,0x00,0x10,0xED,0x05,0x01,0x0A,0x1C,0x03,0x00,0xB8,0xFF,0xFF,0xFF,
  0xFF,0xFF,0xFF,0xFF,0xFF,0xFF,0xFF,0xFF,0xFF,0xFF,0x14,0x00,0x12,0x0D,0x06,0x03,
  0xC0,0x28,0x00,0x00,0x04,0xE4,0x02,0x05,0x0A,0x17,0x02,0x00,0x00,0x00,0x90,0xFF,
  0xFF,0xFF,0xFF,0xFF,0xFF,0xFF,0xFF,0xB0,0x00,0x00,0x00,0x00,0x00,0x00,0x83,0xFF,
  0xFF,0xFF,0xFF,0xFF,0xFF,0xFF,0xFF,0xAC,0x00,0x00,0x00,0x00,0x00,0x00,0x81,0x58,
  0x00,0x00,0x00,0x00,0x00,0x00,0x34,0xAC,0x00,0x00,0x00,0x00,0x10,0x10,0x95,0xFF,
  0xFF,0xFF,0xFF,0xFF,0xFF,0xFF,0xFF,0xBB,0x10,0x18,0x00,0x00,0xA0,0xFF,0xFF,0xFF,
  0xFF,0xFF,0xFF,0xFF,0xFF,0xFF,0xFF,0xFF,0xFF,0xEC,0x00,0x00,0x00,0x00,0x00,0x53,
  0xD4,0x18,0x1A,0x24,0x00,0x7D,0x9A,0x03,0x00,0x00,0x00,0x00,0x00,0x2A,0xA3,0xCD,
  0x1C,0x00,0x60,0x9E,0x00,0x01,0x95,0xC5,0x36,0x00,0x00,0x18,0xC1,0xEC,0x79,0xFF,
  0xFF,0xFF,0xFF,0xFF,0xFF,0xFF,0xFF,0x9C,0xDB,0xCE,0x17,0x00,0x49,0x09,0x04,0xE4,
  0x00,0x00,0x5C,0x8C,0x00,0x00,0x94,0x50,0x01,0x31,0x00,0x00,0x00,0x00,0x06,0xE4,
  0x00,0x00,0x5C,0x8C,0x00,0x00,0x9B,0x4F,0x00,0x00,0x00,0x00,0x00,0x00,0x13,0xE4,
  0x00,0x00,0x5E,0x8D,0x03,0xC8,0xD1,0x22,0x00,0x00,0x00,0x00,0x00,0x00,0x00,0x00,
  0x00,0x00,0x6A,0x99,0x00,0x00,0x00,0x00,0x00,0x00,0x00,0x00,0x00,0x00,0x4F,0x8E,
  0x05,0x00,0x00,0x00,0x00,0x20,0xC5,0x2E,0x00,0x00,0x00,0x00,0x00,0x00,0x0E,0xB1,
  0xBD,0x0B,0x00,0x00,0x03,0xBE,0x81,0x00,0x00,0x00,0x00,0x00,0x0A,0x16,0x0C,0x0B,
  0xB5,0x60,0x00,0x00,0x8E,0x8D,0x04,0x09,0x12,0x11,0x00,0x00,0x50,0xFF,0xFF,0xFF,
  0xFF,0xFF,0xFF,0xFF,0xFF,0xFF,0xFF,0xFF,0xFF,0x90,0x00,0x00,0x0A,0x16,0x09,0x31,
  0xCC,0x00,0x00,0x00,0x00,0xE8,0x19,0x06,0x12,0x11,0x00,0x00,0x00,0x00,0x00,0x30,
  0xCC,0x00,0x00,0x00,0x00,0xE8,0x18,0x00,0x00,0x00,0x00,0x00,0x00,0x00,0x00,0x30,
  0xCC,0x00,0x00,0x00,0x00,0xE8,0x18,0x00,0x00,0x00,0x00,0x04,0x1C,0x0E,0x06,0x31,
  0xCC,0x00,0x00,0x00,0x00,0xE8,0x18,0x02,0x0C,0x1C,0x04,0x20,0xFF,0xFF,0xFF,0xFF,
  0xFF,0xFF,0xFF,0xFF,0xFF,0xFF,0xFF,0xFF,0xFF,0xFF,0x20,0x03,0x1A,0x0F,0x06,0x40,
  0xBE,0x00,0x00,0x00,0x00,0xE8,0x18,0x01,0x08,0x15,0x03,0x00,0x00,0x00,0x00,0x61,
  0xA3,0x00,0x00,0x00,0x00,0xE8,0x18,0x00,0x00,0x00,0x00,0x00,0x00,0x00,0x00,0xBB,
  0x5C,0x00,0x00,0x00,0x00,0xE8,0x18,0x00,0x00,0x00,0x00,0x00,0x00,0x00,0x5F,0xE0,
  0x0A,0x00,0x00,0x00,0x00,0xEC,0x1B,0x00,0x00,0x00,0x00,0x00,0x03,0x7C,0xF6,0x3A,
  0x00,0x00,0x00,0x00,0x00,0xF3,0x23,0x00,0x00,0x00,0x00,0x00,0x16,0xB7,0x46,0x00,
  0x00,0x00,0x00,0x00,0x02,0xFE,0x33,0x00,0x00,0x00,0x00,0x00,0x00,0x00,0x00,0x00,
  0x00,0x00,0xAC,0x40,0x00,0x00,0x00,0x00,0x00,0x00,0x00,0x00,0x00,0x08,0x07,0x02,
  0x00,0x00,0x37,0xD4,0x04,0x00,0x00,0x00,0x00,0x00,0x00,0x00,0x00,0x68,0xFF,0xFF,
  0xFF,0xFF,0xFF,0xFF,0xFF,0xFF,0xFF,0xFF,0xFF,0xC8,0x00,0x00,0x00,0x5C,0x98,0x00,
  0x00,0x00,0x00,0x47,0xA1,0x00,0x00,0x00,0x00,0x00,0x00,0x00,0x00,0x52,0x9B,0x00,
  0x00,0x00,0x00,0x48,0xAA,0x00,0x00,0x00,0x00,0x00,0x00,0x00,0x00,0x51,0x9A,0xB8,
  0xFF,0xFF,0xFF,0xFF,0xFF,0xFF,0xFF,0xFF,0xFF,0x68,0x00,0x00,0x00,0x54,0x95,0x00,
  0x00,0x00,0x8A,0x92,0xB2,0xC3,0x07,0x00,0x00,0x00,0x00,0x00,0x00,0x63,0x87,0x00,
  0x00,0x13,0xCB,0x46,0xA8,0x65,0x7D,0x00,0x00,0x00,0x00,0x00,0x00,0x7E,0x73,0x00,
  0x00,0xA3,0x4F,0x44,0xA8,0x02,0xBF,0x3B,0x00,0x00,0x00,0x00,0x00,0xA6,0x4F,0x00,
  0x5E,0xB3,0x00,0x44,0xA8,0x00,0x24,0xDA,0x29,0x00,0x00,0x00,0x01,0xE2,0x12,0x54,
  0xE2,0x15,0x00,0x44,0xA8,0x00,0x00,0x49,0xE4,0x37,0x00,0x00,0x4B,0xC7,0x6C,0xF1,
  0x34,0x00,0x00,0x46,0xAA,0x00,0x00,0x00,0x5E,0xED,0x16,0x0C,0xDF,0x53,0x13,0x3D,
  0x00,0x00,0x00,0x4E,0xB1,0x00,0x00,0x00,0x00,0x1A,0x00,0x0D,0x5C,0x01,0x00,0x00,
  0x00,0x00,0x00,0x5C,0xC2,0x00,0x00,0x00,0x00,0x00,0x00,0x00,0x00,0x00,0x00,0x00,
  0x00,0x00,0x7F,0x75,0x00,0x00,0x00,0x00,0x00,0x00,0x00,0x00,0x00,0x14,0x0B,0x05,
  0x02,0x00,0x32,0xED,0x10,0x00,0x02,0x06,0x0E,0x12,0x00,0x00,0x00,0xD4,0xFF,0xFF,
  0xFF,0xFF,0xFF,0xFF,0xFF,0xFF,0xFF,0xFF,0xFF,0xAC,0x00,0x00,0x00,0xC7,0x3E,0x00,
  0x00,0x00,0x00,0x00,0x00,0x00,0x00,0x00,0x00,0x00,0x00,0x00,0x00,0xBC,0x4C,0x0E,
  0x03,0xE2,0x18,0x00,0x00,0x26,0xD9,0x05,0x11,0x07,0x00,0x00,0x00,0xB6,0x96,0xFF,
  0xFF,0xFF,0xFF,0xFF,0xFF,0xFF,0xFF,0xFF,0xFF,0x44,0x00,0x00,0x00,0xB0,0x51,0x12,
  0x05,0xD8,0x26,0x60,0xA3,0xE4,0xD0,0x07,0x13,0x07,0x00,0x00,0x00,0xB1,0x47,0x0D,
  0x0B,0x02,0x00,0x00,0x02,0x05,0x0A,0x16,0x01,0x00,0x00,0x00,0x00,0xB5,0x41,0x80,
  0xFF,0xFF,0xFF,0xFF,0xFF,0xFF,0xFF,0xC6,0x00,0x00,0x00,0x00,0x00,0xC2,0x35,0x00,
  0x01,0xCD,0x4B,0x00,0x00,0x0B,0xD2,0x44,0x00,0x00,0x00,0x00,0x00,0xDB,0x25,0x00,
  0x00,0x3C,0xEB,0x2D,0x07,0xB2,0xA2,0x00,0x00,0x00,0x00,0x00,0x07,0xF7,0x07,0x00,
  0x00,0x00,0x7A,0xF3,0xCC,0xC9,0x09,0x00,0x00,0x00,0x00,0x00,0x40,0xD6,0x00,0x00,
  0x00,0x00,0x2C,0xE5,0xFF,0x71,0x0B,0x00,0x00,0x00,0x00,0x00,0xA9,0x92,0x2F,0x64,
  0x74,0x96,0x99,0x54,0x33,0x84,0xAC,0x98,0x83,0x5B,0x00,0x01,0xAA,0x3A,0x00,0x00,
  0x00,0x00,0x00,0x00,0x00,0x00,0x00,0x00,0x00,0x00,0x00,0x00,0x00,0x00,0x00,0x00,
  0x00,0x00,0x00,0x00,0x00,0x01,0x2D,0x7E,0xB4,0x00,0x00,0x00,0xF4,0xFF,0xFF,0xFF,
  0xAA,0x05,0xB9,0xB7,0xB2,0xEE,0xFF,0xF0,0xDF,0x30,0x00,0x00,0x00,0x00,0x03,0xD6,
  0x2B,0x00,0x00,0x00,0x00,0xD4,0x18,0x00,0x00,0x00,0x00,0x00,0x00,0x00,0x65,0xA7,
  0x00,0x00,0x43,0x18,0x00,0xD4,0x18,0x00,0x00,0x00,0x00,0x00,0x00,0x0D,0xE1,0x29,
  0x00,0x00,0xE7,0x14,0x00,0xD4,0x18,0x00,0x00,0x00,0x00,0x00,0x38,0xC5,0xA4,0x00,
  0x2B,0x00,0xDD,0x00,0x00,0xD4,0xFF,0xFF,0xFF,0x00,0x00,0x00,0x5C,0xE8,0xFE,0xFF,
  0xD9,0x00,0xDD,0x00,0x00,0xD4,0x18,0x00,0x00,0x00,0x00,0x00,0x00,0x00,0x00,0x45,
  0xAD,0x00,0xDE,0x00,0x00,0xD4,0x18,0x00,0x00,0x00,0x00,0x00,0x2E,0x42,0x00,0x76,
  0x75,0x00,0xDF,0x00,0x00,0xD4,0x18,0x00,0x00,0x00,0x00,0x00,0x1F,0xD1,0x07,0xCD,
  0x2D,0x00,0xDD,0x33,0x02,0xD4,0x19,0x09,0x18,0x03,0x00,0x00,0x00,0x77,0xC2,0xD1,
  0x00,0x00,0x7D,0xEA,0xFD,0xFF,0xFF,0xFF,0xFF,0x18,0x00,0x00,0x00,0x11,0xF2,0xAF,
  0x0B,0x00,0x00,0x00,0x00,0x00,0x03,0x09,0x15,0x02,0x00,0x00,0x0D,0xBF,0x73,0x53,
  0xBF,0x6D,0x1F,0x00,0x00,0x00,0x00,0x00,0x00,0x00,0x00,0x0F,0xBD,0x6B,0x00,0x00,
  0x04,0x4A,0x93,0xB5,0xBA,0xC0,0xC7,0xD1,0xDE,0xE2,0x0F,0x00,0x00,0xB0,0xFF,0xFF,
  0xFF,0xFF,0xFF,0xFF,0xFF,0xFF,0xFF,0xFF,0xBC,0x00,0x00,0x00,0x00,0x00,0x00,0x00,
  0x86,0x75,0x00,0x00,0x00,0xDC,0x20,0x00,0x00,0x00,0x00,0x00,0x00,0x00,0x00,0x00,
  0x81,0x75,0x00,0x00,0x00,0xDC,0x20,0x00,0x00,0x00,0x00,0x00,0x00,0x00,0x00,0x00,
  0x81,0x72,0x00,0x00,0x00,0xDC,0x20,0x00,0x00,0x00,0x00,0x00,0x00,0x00,0x00,0x00,
  0x82,0x6F,0x00,0x00,0x00,0xDC,0x20,0x00,0x00,0x00,0x00,0x03,0x1B,0x0E,0x06,0x02,
  0x89,0x6A,0x00,0x00,0x00,0xDC,0x20,0x01,0x07,0x15,0x02,0x18,0xFF,0xFF,0xFF,0xFF,
  0xFF,0xFF,0xFF,0xFF,0xFF,0xFF,0xFF,0xFF,0xFF,0xFF,0x18,0x00,0x00,0x00,0x00,0x00,
  0xB3,0x4C,0x00,0x00,0x00,0xDC,0x20,0x00,0x00,0x00,0x00,0x00,0x00,0x00,0x00,0x00,
  0xDF,0x26,0x00,0x00,0x00,0xDC,0x20,0x00,0x00,0x00,0x00,0x00,0x00,0x00,0x00,0x29,
  0xE2,0x01,0x00,0x00,0x00,0xDC,0x20,0x00,0x00,0x00,0x00,0x00,0x00,0x00,0x00,0x9C,
  0x81,0x00,0x00,0x00,0x00,0xDC,0x20,0x00,0x00,0x00,0x00,0x00,0x00,0x00,0x5D,0xE0,
  0x11,0x00,0x00,0x00,0x00,0xE2,0x26,0x00,0x00,0x00,0x00,0x00,0x01,0x6F,0xEF,0x37,
  0x00,0x00,0x00,0x00,0x00,0xF5,0x38,0x00,0x00,0x00,0x00,0x00,0x22,0xBF,0x39,0x00,
  0x00,0x00,0x00,0x00,0x00,0x00,0x00,0x00,0x00,0x00,0x00,0x00,0x58,0xFF,0xFF,0xFF,
  0xFF,0xFF,0xA6,0xB6,0xFF,0xFF,0xFF,0xFF,0xFF,0x87,0x00,0x00,0x00,0x00,0x00,0x00,
  0x00,0x68,0x95,0x00,0x00,0x00,0x00,0x00,0x86,0x78,0x00,0x00,0x00,0x00,0x00,0x00,
  0x00,0x68,0x94,0x00,0x00,0x00,0x00,0x00,0x87,0x77,0x00,0x00,0x00,0xBD,0xFD,0xFC,
  0xFC,0xFF,0xA6,0x17,0xFF,0xFC,0xFC,0xFC,0xFF,0x87,0x00,0x00,0x00,0xB5,0x3C,0x00,
  0x00,0x00,0x03,0x10,0xDC,0x00,0x00,0x00,0x00,0x03,0x00,0x00,0x00,0xB8,0x3C,0x00,
  0x01,0x15,0x40,0x17,0xDC,0x00,0x00,0x00,0x00,0x00,0x00,0x00,0x00,0xE9,0xFF,0xFF,
  0xFF,0xFF,0xAA,0x25,0xFF,0xFB,0xFB,0xFD,0xFF,0xF4,0x00,0x00,0x09,0xB9,0xCC,0x65,
  0x02,0x44,0xA0,0x07,0xB9,0x75,0x19,0x00,0x14,0xDE,0x00,0x00,0x00,0x00,0x1D,0x6A,
  0x20,0x8F,0x9B,0x00,0x0B,0x58,0xB0,0x17,0x70,0xD2,0x00,0x00,0x0C,0x41,0x82,0xA0,
  0x65,0x62,0x98,0x00,0x1A,0x5D,0xA0,0x7F,0x46,0xC8,0x00,0x00,0xB7,0xB4,0x40,0x00,
  0x00,0x75,0x8C,0x62,0xEC,0x7B,0x0F,0x00,0x49,0xB9,0x00,0x00,0x05,0x00,0x00,0x00,
  0x0F,0xCC,0x59,0x05,0x0B,0x00,0x00,0x11,0xBD,0x8B,0x00,0x00,0x00,0x00,0xA6,0xCE,
  0xB3,0x64,0x00,0x00,0x00,0x96,0xE6,0xD4,0x94,0x0F,0x00,0x37,0xF7,0xEF,0xEC,0xF8,
  0x60,0x17,0xF7,0xEF,0xED,0xEC,0xEF,0xF6,0x36,0x00,0x00,0x00,0x00,0x00,0x00,0xA3,
  0x4B,0x11,0xD8,0x00,0x00,0x00,0x00,0xB8,0x30,0x00,0x00,0x00,0x00,0x00,0x00,0xAF,
  0x38,0x12,0xD8,0x00,0x00,0x00,0x00,0xB8,0x30,0x00,0x00,0x00,0x08,0x00,0x00,0xBA,
  0x34,0x17,0xFF,0xFF,0xFF,0xFF,0xFF,0xFF,0x35,0x00,0x00,0x00,0xD3,0xFC,0xF9,0xFF,
  0x31,0x00,0x00,0x00,0x60,0x8C,0x00,0x00,0x00,0x00,0x00,0x00,0xDE,0x0E,0x01,0x09,
  0x04,0xA2,0xFF,0xFF,0xFF,0xFF,0xFF,0xFF,0xE4,0x00,0x00,0x00,0xEA,0x00,0x00,0x00,
  0x00,0xA0,0x44,0x00,0x60,0x8C,0x00,0x04,0xE4,0x00,0x00,0x17,0xFF,0xFF,0xFF,0xFF,
  0x44,0xA0,0x44,0x00,0x60,0x8C,0x00,0x04,0xE4,0x00,0x00,0x00,0x00,0x00,0x00,0xC9,
  0x2B,0xA0,0xFF,0xFF,0xFF,0xFF,0xFF,0xFF,0xE4,0x00,0x00,0x00,0x00,0x00,0x00,0xD9,
  0x1A,0xA2,0x44,0x00,0x60,0x8C,0x00,0x32,0xE2,0x00,0x00,0x00,0x00,0x00,0x00,0xEA,
  0x09,0x02,0x01,0x00,0x60,0x8C,0x00,0x28,0xE0,0x11,0x00,0x00,0x22,0x2B,0x64,0xEC,
  0x1F,0x6D,0x78,0x8A,0xC0,0xE1,0xB9,0xB8,0xBF,0x9A,0x00,0x00,0x79,0xE8,0xBF,0x4C,
  0x1A,0x99,0x72,0x4B,0x23,0x04,0x00,0x00,0x09,0xC6,0x0D,0x00,0x00,0x00,0x00,0x00,
  0x00,0x00,0x00,0x00,0x00,0x00,0x00,0x00,0x00,0x00,0x00,0x00,0x00,0x00,0x00,0x86,
  0x4B,0x00,0x00,0x00,0x4E,0xD6,0x04,0x00,0x00,0x00,0x00,0x00,0x00,0x00,0x3F,0xE4,
  0x2F,0x18,0x10,0x05,0x43,0xB8,0x03,0x09,0x1B,0x07,0x00,0x00,0x00,0x34,0xDA,0x2C,
  0x00,0xB4,0xFF,0xFF,0xFF,0xFF,0xFF,0xFF,0xFF,0x30,0x00,0x00,0x56,0xDF,0x32,0x0B,
  0x00,0x1C,0x15,0x08,0x41,0xB8,0x04,0x0E,0x21,0x08,0x00,0x00,0x7A,0x2C,0x0C,0xDE,
  0x33,0x23,0x0D,0x04,0x40,0xB8,0x01,0x06,0x12,0x23,0x00,0x00,0x00,0x00,0x9D,0x76,
  0x10,0xFF,0xFF,0xFF,0xFF,0xFF,0xFF,0xFF,0xFF,0xE8,0x00,0x00,0x00,0x69,0xFF,0x18,
  0x03,0x2C,0x1B,0x0F,0x06,0x01,0xA3,0xB1,0x1A,0x29,0x00,0x00,0x6C,0xC7,0xEC,0x18,
  0x09,0x03,0x00,0x00,0x00,0x00,0x91,0x78,0x00,0x00,0x00,0x13,0xB0,0x18,0xE8,0x18,
  0x94,0xFF,0xFF,0xFF,0xFF,0xFF,0xFF,0xFF,0xFF,0xFF,0x50,0x00,0x00,0x00,0xE8,0x18,
  0x00,0x03,0x2B,0x00,0x00,0x00,0x90,0x78,0x04,0x0B,0x06,0x00,0x00,0x00,0xE8,0x18,
  0x00,0x23,0xDE,0x33,0x00,0x00,0x90,0x78,0x00,0x00,0x00,0x00,0x00,0x00,0xE8,0x18,
  0x00,0x00,0x38,0xDE,0x17,0x00,0x90,0x78,0x00,0x00,0x00,0x00,0x00,0x00,0xE9,0x18,
  0x00,0x00,0x00,0x3F,0x04,0x00,0x90,0x78,0x00,0x00,0x00,0x00,0x00,0x00,0xF0,0x18,
  0x00,0x00,0x00,0x00,0x13,0x22,0xBB,0x70,0x00,0x00,0x00,0x00,0x00,0x03,0xFE,0x18,
  0x00,0x00,0x00,0x00,0x28,0xFB,0xD1,0x23,0x00,0x00,0x00,0x00,0x00,0x00,0x00,0x00,
  0x00,0x00,0xC3,0x69,0x00,0x00,0x00,0x00,0x00,0x00,0x00,0x00,0x00,0x00,0x00,0x00,
  0x00,0x17,0xEF,0x10,0x00,0x00,0x00,0x00,0x00,0x00,0x00,0x00,0x9C,0xFF,0xFF,0xFF,
  0xFF,0xFF,0xFF,0xFF,0xFF,0xFF,0xFF,0xFF,0xFF,0xFF,0x08,0x00,0x00,0x00,0x00,0x00,
  0x06,0xD7,0x3E,0x0E,0xCA,0x16,0x00,0x00,0x00,0x00,0x00,0x00,0x00,0x00,0x00,0x00,
  0x8A,0x9C,0x00,0x00,0x4A,0xBD,0x09,0x00,0x00,0x00,0x00,0x00,0x00,0x00,0x00,0x74,
  0xC4,0x16,0x58,0x00,0x00,0x6D,0xC0,0x0F,0x00,0x00,0x00,0x00,0x00,0x0D,0xA4,0xC2,
  0x11,0x09,0xAB,0x9C,0x04,0x00,0x6E,0xDC,0x3C,0x00,0x00,0x0E,0x7A,0xE9,0x9C,0x07,
  0x00,0x00,0x02,0xA5,0x6A,0x00,0x00,0x4F,0xEE,0xAE,0x19,0x09,0x9D,0x40,0x00,0x1C,
  0x6E,0x06,0x28,0x0C,0x01,0x00,0x00,0x00,0x21,0x85,0x01,0x00,0x00,0x19,0x0D,0x30,
  0xD7,0x00,0x68,0xD0,0x29,0x00,0x00,0x3D,0x00,0x00,0x00,0x00,0x00,0x9E,0x71,0x30,
  0xCC,0x00,0x00,0x42,0xD5,0x07,0x04,0xB6,0x8D,0x00,0x00,0x00,0x38,0xDE,0x0A,0x30,
  0xCC,0x00,0x00,0x00,0x08,0x00,0x1F,0x06,0xB9,0x82,0x00,0x0E,0xE3,0x41,0x00,0x2F,
  0xE1,0x0E,0x00,0x00,0x01,0x3A,0xF4,0x06,0x13,0x87,0x02,0x00,0x23,0x00,0x00,0x12,
  0xDF,0xFE,0xF6,0xF5,0xFD,0xF0,0x67,0x00,0x00,0x00,0x00,0x00,0x00,0x00,0x00,0x00,
  0x00,0x05,0x0D,0x0F,0x09,0x00,0x00,0x00,0x00,0x00,0x00,0x00,0x00,0x50,0xD1,0x06,
  0x00,0x00,0x43,0xD7,0x14,0x00,0x00,0x00,0x00,0x00,0x00,0x00,0x00,0x3F,0xB9,0x00,
  0x06,0x07,0x65,0xA4,0x00,0x00,0x00,0x00,0x00,0x00,0x00,0x00,0x00,0x38,0xB8,0x00,
  0x58,0xFF,0xFF,0xFF,0xFF,0xFF,0xFF,0xFF,0xFF,0xFF,0x10,0x00,0x5B,0x38,0xBB,0xB5,
  0x06,0x00,0xB3,0x3F,0x00,0x00,0x00,0x02,0x07,0x10,0x01,0x0A,0xF3,0x38,0xB8,0x88,
  0x6E,0x00,0xE3,0x0B,0x00,0xAE,0x4C,0x00,0x00,0x00,0x00,0x1E,0xD9,0x38,0xB8,0x1C,
  0xD7,0x23,0xC9,0x00,0x00,0xDE,0x24,0x00,0x04,0x00,0x00,0x4C,0xB6,0x38,0xB8,0x00,
  0x18,0x7A,0x7A,0xA3,0x2D,0xDA,0x0C,0x05,0xD9,0x2F,0x00,0x30,0x4B,0x38,0xB8,0x00,
  0x04,0xD9,0x2A,0xE2,0x06,0xE7,0x05,0x67,0xA0,0x00,0x00,0x00,0x00,0x38,0xB8,0x00,
  0x67,0xB7,0x68,0xA0,0x08,0xFB,0x32,0xDE,0x15,0x00,0x00,0x00,0x00,0x38,0xB8,0x26,
  0xF1,0x3E,0x15,0x1C,0x37,0xFF,0x6B,0x20,0x00,0x00,0x00,0x00,0x00,0x38,0xB8,0x2A,
  0x84,0x00,0x00,0x00,0x81,0x8E,0xD5,0x08,0x00,0x00,0x00,0x00,0x00,0x38,0xB8,0x00,
  0x00,0x00,0x00,0x20,0xE4,0x17,0x97,0x91,0x00,0x00,0x00,0x00,0x00,0x3A,0xBA,0x00,
  0x00,0x00,0x27,0xDA,0x62,0x00,0x0E,0xD5,0x92,0x05,0x00,0x00,0x00,0x44,0xC4,0x00,
  0x10,0x7F,0xF3,0x6C,0x00,0x00,0x00,0x1B,0xD8,0xD4,0x24,0x00,0x00,0x56,0xD6,0x00,
  0x49,0xC5,0x36,0x00,0x00,0x00,0x00,0x00,0x12,0x81,0x03,0x00,0x00,0x00,0x00,0x00,
  0x00,0x00,0x00,0x03,0xEA,0x26,0xA2,0x5A,0x00,0x00,0x00,0x00,0x00,0x0E,0x06,0x02,
  0x00,0x00,0x00,0x00,0xF2,0x03,0x1A,0xC7,0x14,0x00,0x00,0x00,0x00,0xCA,0xFF,0xFF,
  0xFF,0xFF,0xFF,0xFF,0xFF,0xFF,0xFF,0xFF,0xFF,0x2C,0x00,0x00,0x00,0xC1,0x2E,0x00,
  0x00,0x00,0x00,0x00,0xBB,0x2B,0x00,0x00,0x00,0x00,0x00,0x00,0x00,0xC0,0x4A,0xFF,
  0xFF,0xFF,0xFF,0xC0,0x87,0x5D,0x00,0x76,0x4E,0x00,0x00,0x00,0x00,0xC6,0x1F,0x00,
  0x00,0x00,0x00,0x00,0x4D,0xAE,0x10,0xE1,0x27,0x00,0x00,0x00,0x00,0xD8,0x08,0xD8,
  0xFF,0xFF,0xFF,0x73,0x04,0xE1,0xAE,0x65,0x00,0x00,0x00,0x00,0x0C,0xE1,0x00,0xCE,
  0x14,0x00,0x78,0x69,0x00,0x95,0xCE,0x00,0x00,0x00,0x00,0x00,0x50,0xAF,0x00,0xDB,
  0xFF,0xFF,0xFF,0x71,0x42,0xD3,0xD8,0x44,0x02,0xAF,0x03,0x02,0xCC,0x5E,0x00,0x05,
  0x00,0x00,0x3D,0x56,0xDF,0x24,0x2B,0xDE,0xB6,0xB8,0x00,0x03,0x52,0x3D,0x6C,0x4F,
  0xC4,0x0E,0xC6,0xCC,0x2D,0x00,0x00,0x72,0x67,0x1A,0x00,0x00,0x00,0x97,0x60,0x4C,
  0xA8,0x00,0x08,0xB3,0x47,0x00,0x1C,0xAF,0xBC,0x09,0x00,0x00,0x34,0xDC,0x07,0x4B,
  0xAC,0x00,0x00,0x01,0x00,0x30,0xD9,0x05,0xB2,0xB3,0x03,0x00,0x77,0x51,0x00,0x27,
  0xF0,0xBF,0xAD,0xB0,0xC6,0xEB,0x63,0x00,0x0D,0x72,0x01,0x00,0x00,0x00,0x00,0x00,
  0x0B,0x26,0x2D,0x2A,0x1E,0x03,0x00,0x00,0x00,0x00,0x00,0x00,0x00,0x00,0x00,0x00,
  0x00,0x00,0x00,0x64,0xDB,0x01,0xA9,0x36,0x00,0x00,0x00,0x00,0x00,0x00,0x00,0x00,
  0x00,0x00,0x00,0x48,0xC1,0x00,0x47,0xEA,0x37,0x00,0x00,0x00,0x00,0x19,0x11,0x07,
  0x03,0x00,0x00,0x35,0xC6,0x00,0x01,0x50,0x2F,0x11,0x00,0x00,0x00,0xC7,0xFF,0xFF,
  0xFF,0xFF,0xFF,0xFF,0xFF,0xFF,0xFF,0xFF,0xFF,0x90,0x00,0x00,0x00,0xC0,0x3D,0x00,
  0x00,0x00,0x00,0x11,0xE6,0x00,0x00,0x03,0x00,0x00,0x00,0x00,0x00,0xBA,0x3F,0x00,
  0x02,0x0A,0x0E,0x00,0xED,0x03,0x00,0x9D,0x84,0x00,0x00,0x00,0x00,0xB9,0xFF,0xFF,
  0xFF,0xFF,0x6D,0x00,0xD2,0x23,0x04,0xEA,0x33,0x00,0x00,0x00,0x00,0xBB,0x3C,0x00,
  0x00,0x85,0x5E,0x00,0xA7,0x58,0x53,0xB2,0x00,0x00,0x00,0x00,0x00,0xC4,0x35,0x00,
  0x00,0x97,0x50,0x00,0x65,0x99,0xCE,0x3A,0x00,0x00,0x00,0x00,0x00,0xD7,0x27,0x00,
  0x00,0xA9,0x41,0x00,0x22,0xFB,0xAF,0x00,0x00,0x00,0x00,0x00,0x01,0xF4,0x0B,0x00,
  0x00,0xBB,0x32,0x00,0x35,0xFD,0x4F,0x00,0x00,0x00,0x00,0x00,0x2B,0xE5,0x04,0x55,
  0x46,0xE6,0x15,0x22,0xE6,0xAA,0xBE,0x00,0x00,0x0D,0x00,0x00,0x8C,0xA7,0x00,0xA4,
  0xBE,0x69,0x1E,0xDA,0x6A,0x05,0xD1,0x64,0x09,0xE3,0x0D,0x08,0xE2,0x4E,0x00,0x00,
  0x00,0x46,0xE7,0x7A,0x00,0x00,0x27,0xE8,0xB2,0xC9,0x00,0x00,0x13,0x03,0x00,0x00,
  0x00,0x31,0x64,0x00,0x00,0x00,0x00,0x2C,0xBC,0x41,0x00,0x00,0x00,0x00,0x02,0x08,
  0x10,0x1A,0x28,0x39,0x4F,0x6A,0x8B,0xB6,0xD2,0x02,0x00,0x00,0x00,0x00,0xDD,0xFF,
  0xFF,0xFF,0xFF,0xFF,0xFF,0xFF,0xFF,0xFE,0xFA,0x4E,0x00,0x00,0x00,0x00,0xD4,0x25,
  0x03,0x01,0x00,0x00,0x00,0x00,0x00,0x04,0x10,0x0C,0x00,0x00,0x00,0x00,0xCF,0xFF,
  0xFF,0xFF,0xFF,0xFF,0xFF,0xFF,0xFF,0xFF,0xFF,0x40,0x00,0x00,0x00,0x00,0xCE,0x24,
  0x00,0x00,0x00,0x00,0x00,0x00,0x00,0x00,0xC0,0x39,0x00,0x00,0x00,0x00,0xCF,0xFF,
  0xFF,0xFF,0xFF,0xFF,0xFF,0xFF,0xFF,0xFF,0xFF,0x41,0x00,0x00,0x00,0x00,0xD0,0x29,
  0x00,0x00,0x00,0x00,0x00,0x00,0x00,0x00,0x00,0x00,0x00,0x00,0x00,0x00,0xD8,0x75,
  0xFF,0xFF,0xFF,0xFF,0x49,0xFC,0xFF,0xFF,0xFF,0xD4,0x00,0x00,0x00,0x00,0xEA,0x18,
  0x87,0x0F,0x00,0xA8,0x40,0x66,0x2D,0x00,0x18,0xCC,0x00,0x00,0x00,0x14,0xE7,0x00,
  0x55,0xD3,0x22,0xA8,0x40,0x2C,0xC4,0x65,0x1F,0xCC,0x00,0x00,0x00,0x4D,0xB6,0x02,
  0x37,0xB3,0x95,0xA8,0x40,0x09,0x69,0xDD,0x4E,0xCC,0x00,0x00,0x00,0xB0,0x60,0x9D,
  0xB6,0x3D,0x00,0xA8,0x4C,0xD6,0x7F,0x0D,0x18,0xCC,0x00,0x00,0x40,0xE6,0x0B,0x06,
  0x00,0x00,0x01,0xBC,0x3E,0x08,0x09,0x0F,0x4B,0xC4,0x00,0x00,0x66,0x5F,0x00,0x00,
  0x00,0xC7,0xE1,0xB0,0x0E,0x00,0x21,0xF1,0xCB,0x4E,0x00,0x00,0x00,0x22,0x2D,0x21,
  0x1C,0x1F,0x2B,0x3F,0x59,0x78,0xA3,0xDD,0x30,0x00,0x00,0x00,0x00,0x4A,0xFA,0xF1,
  0xE7,0xD7,0xD7,0xD4,0x63,0x48,0x2E,0x17,0x05,0x00,0x00,0x00,0x00,0x00,0x00,0x00,
  0x00,0x00,0x48,0xB0,0x00,0x00,0x00,0x00,0x00,0x00,0x00,0x00,0x00,0x07,0x17,0x0B,
  0x04,0x01,0x48,0xB0,0x02,0x07,0x0E,0x18,0x06,0x00,0x00,0x00,0x00,0x3C,0xFF,0xFF,
  0xFF,0xFF,0xFF,0xFF,0xFF,0xFF,0xFF,0xFF,0x34,0x00,0x00,0x00,0x00,0x07,0x18,0x0C,
  0x05,0x01,0x48,0xB0,0x03,0x07,0x0E,0x19,0x06,0x00,0x00,0x05,0x17,0x0E,0x08,0x04,
  0x00,0x00,0x48,0xB0,0x00,0x00,0x03,0x08,0x0D,0x17,0x05,0x30,0xFF,0xFF,0xFF,0xFF,
  0xFF,0xFF,0xFF,0xFF,0xFF,0xFF,0xFF,0xFF,0xFF,0xFF,0x30,0x07,0x20,0x15,0x0E,0x09,
  0x04,0x03,0x48,0xB0,0x02,0x03,0x08,0x0D,0x14,0x20,0x07,0x00,0x00,0x00,0x00,0x00,
  0x00,0x00,0x48,0xB0,0x00,0x00,0x00,0x00,0x00,0x00,0x00,0x00,0x00,0x00,0x00,0x00,
  0x00,0x00,0x48,0xB0,0x00,0x00,0x00,0x00,0x00,0x00,0x00,0x00,0x00,0x00,0x00,0x00,
  0x1F,0x09,0x74,0xAC,0x00,0x00,0x00,0x00,0x00,0x00,0x00,0x00,0x00,0x00,0x00,0x00,
  0x97,0xF9,0xDB,0x4C,0x00,0x00,0x00,0x00,0x00,0x00,0x00,0x00,0x00,0x00,0x99,0x84,
  0x00,0x00,0x00,0x00,0x00,0x00,0x00,0x00,0x00,0x00,0x00,0x00,0x00,0x00,0x93,0x64,
  0x00,0x0F,0x0D,0x03,0x00,0x00,0x00,0x00,0x05,0x10,0x0C,0x00,0x15,0x03,0x8D,0x64,
  0x07,0x9C,0xFF,0xFF,0xFF,0xFF,0xFF,0xFF,0xFF,0xFF,0x6C,0x04,0xFF,0xFF,0xFF,0xFF,
  0xFF,0xAF,0x0D,0x05,0x00,0x00,0x4C,0xB4,0x07,0x12,0x0D,0x00,0x14,0x04,0x8C,0x65,
  0x08,0x0F,0x00,0x00,0x00,0x00,0x4C,0xB4,0x00,0x00,0x00,0x00,0x00,0x00,0x8C,0x64,
  0x00,0x17,0x00,0x00,0x00,0x00,0x4C,0xB4,0x00,0x00,0x00,0x00,0x00,0x00,0x8C,0x88,
  0x9A,0xE4,0x04,0x00,0x00,0x00,0x4C,0xB4,0x00,0x00,0x00,0x00,0x0C,0x5B,0xD5,0xD3,
  0x60,0x09,0x00,0x00,0x00,0x00,0x4C,0xB4,0x00,0x00,0x00,0x32,0xF6,0xB4,0xB5,0x64,
  0x00,0x00,0x00,0x00,0x00,0x00,0x4C,0xB4,0x00,0x00,0x00,0x01,0x2B,0x00,0x8C,0x64,
  0x00,0x00,0x00,0x00,0x00,0x00,0x4C,0xB4,0x00,0x00,0x00,0x00,0x00,0x00,0x8C,0x64,
  0x00,0x00,0x00,0x00,0x00,0x00,0x4C,0xB4,0x00,0x00,0x00,0x00,0x00,0x00,0x8C,0x64,
  0x00,0x00,0x00,0x00,0x00,0x00,0x4C,0xB4,0x00,0x00,0x00,0x00,0x12,0x16,0xA5,0x60,
  0x00,0x00,0x00,0x00,0x37,0x3C,0x93,0xAB,0x00,0x00,0x00,0x00,0x2D,0xF5,0xC7,0x1F,
  0x00,0x00,0x00,0x00,0x70,0xDB,0xB5,0x32,0x00,0x00,0x00,0x00,0x00,0x00,0x00,0x00,
  0x00,0x00,0x00,0x00,0x00,0x00,0x00,0x00,0x00,0x00,0x00,0x00,0x00,0x00,0x9F,0xAB,
  0x00,0x00,0x00,0x09,0xFB,0x34,0x00,0x00,0x00,0x00,0x00,0x00,0x00,0x00,0x89,0x78,
  0x00,0x00,0x00,0x00,0xE4,0x0E,0x00,0x00,0x00,0x00,0x00,0x05,0x13,0x04,0x82,0x79,
  0x0B,0x13,0x1A,0x06,0xE2,0x03,0x03,0x13,0x07,0x00,0x00,0x2C,0xFF,0xFF,0xFF,0xFF,
  0xFF,0xAC,0xFF,0xFF,0xFF,0xFF,0xFF,0xFF,0x2B,0x00,0x00,0x05,0x13,0x05,0x80,0x79,
  0x0B,0x14,0x1C,0x09,0xE3,0x00,0x00,0xDA,0x25,0x00,0x00,0x00,0x00,0x00,0x80,0x78,
  0x03,0x10,0x00,0x00,0xE0,0x00,0x00,0xDE,0x1F,0x00,0x00,0x00,0x00,0x00,0x80,0xAA,
  0xC8,0x49,0x11,0x0D,0xD3,0x00,0x00,0xE2,0x19,0x00,0x00,0x00,0x03,0x52,0xD5,0xBE,
  0x21,0x2C,0xD5,0x69,0xB9,0x00,0x00,0xE6,0x13,0x00,0x00,0x3A,0xE3,0xB0,0xA3,0x78,
  0x00,0x00,0x1B,0xCD,0xB8,0x01,0x00,0xEA,0x0D,0x00,0x00,0x07,0x3F,0x00,0x80,0x78,
  0x00,0x00,0x00,0xB8,0xC1,0xAC,0x09,0xED,0x07,0x00,0x00,0x00,0x00,0x00,0x80,0x78,
  0x00,0x00,0x29,0xCA,0x02,0x7E,0x11,0xF0,0x01,0x00,0x00,0x00,0x00,0x00,0x80,0x78,
  0x00,0x04,0xC1,0x3B,0x00,0x00,0x00,0xF0,0x00,0x59,0x34,0x00,0x00,0x00,0x97,0x71,
  0x0D,0xB1,0x6A,0x00,0x00,0x00,0x00,0xF2,0x15,0xAC,0x4E,0x00,0x48,0xDE,0xC9,0x33,
  0xB9,0x55,0x00,0x00,0x00,0x00,0x00,0xAF,0xF9,0xB7,0x03,0x00,0x00,0x00,0x29,0xAB,
  0x13,0x00,0x00,0x00,0x56,0x92,0x03,0x00,0x00,0x00,0x00,0x00,0x00,0x00,0x20,0xD8,
  0x00,0x00,0x08,0x0A,0x07,0xA6,0xA9,0x03,0x00,0x00,0x00,0x00,0x00,0x00,0x16,0xD8,
  0x00,0x00,0x4D,0xFF,0xFF,0xFF,0xFF,0xF9,0xCF,0x75,0x00,0x00,0xAC,0xFF,0xFF,0xFF,
  0xFF,0xFF,0x6F,0xB0,0x00,0x00,0x00,0x00,0x18,0xE8,0x00,0x00,0x13,0x0C,0x17,0xD8,
  0x06,0x14,0x48,0xB0,0x00,0x00,0x00,0x00,0x18,0xE4,0x00,0x00,0x00,0x00,0x14,0xD8,
  0x00,0x00,0x3E,0xB0,0x00,0x00,0x00,0x00,0x18,0xE4,0x00,0x00,0x00,0x00,0x14,0xD8,
  0x00,0x17,0x3C,0xB0,0x00,0x00,0x00,0x00,0x18,0xE4,0x00,0x00,0x00,0x00,0x2C,0xF6,
  0xE0,0xE0,0x48,0xFF,0xFF,0xFF,0xFF,0xFF,0xFF,0xE5,0x00,0x00,0x7F,0xCD,0xE4,0xE7,
  0x34,0x00,0x41,0xA2,0x00,0x00,0x00,0x00,0x18,0xEC,0x00,0x00,0x5F,0x3B,0x15,0xD8,
  0x00,0x00,0x57,0x8F,0x00,0x00,0x00,0x00,0x07,0x48,0x00,0x00,0x00,0x00,0x14,0xD8,
  0x00,0x00,0x82,0x6C,0x00,0x00,0x00,0x00,0x00,0x00,0x00,0x00,0x00,0x00,0x14,0xD8,
  0x00,0x00,0xCD,0x32,0x00,0x00,0x00,0x00,0x00,0x00,0x00,0x00,0x00,0x00,0x14,0xD8,
  0x00,0x4E,0xD0,0x00,0x00,0x00,0x00,0x00,0x00,0x00,0x00,0x00,0x02,0x5A,0x83,0xCC,
  0x24,0xE9,0x4C,0x00,0x00,0x00,0x00,0x00,0x00,0x00,0x00,0x00,0x00,0x85,0xA1,0x37,
  0x6F,0x8E,0x00,0x00,0x00,0x00,0x00,0x00,0x00,0x00,0x00,0x00,0x00,0x00,0x00,0x00,
  0x00,0x00,0x00,0x00,0x00,0x00,0x00,0x00,0x00,0x00,0x00,0x00,0x00,0x04,0xFA,0x47,
  0x00,0x15,0x07,0x02,0x00,0x00,0x00,0x00,0x00,0x00,0x00,0x00,0x00,0x00,0xE9,0x18,
  0x00,0xFC,0xFF,0xFF,0xFF,0xFE,0xF9,0xF2,0xDA,0x1E,0x00,0x0A,0x10,0x05,0xDF,0x1B,
  0x0E,0x1F,0x68,0x6A,0x00,0x00,0x00,0xA8,0x7B,0x00,0x00,0x54,0xFF,0xFF,0xFF,0xFF,
  0xFF,0x70,0x01,0xB7,0x43,0x00,0x71,0xA8,0x01,0x00,0x00,0x0A,0x10,0x06,0xDC,0x1A,
  0x0B,0x0B,0x00,0x0D,0xB9,0xA5,0xAD,0x05,0x00,0x00,0x00,0x00,0x00,0x00,0xDC,0x29,
  0x78,0x00,0x00,0x23,0xBC,0xB9,0xD3,0x6D,0x0E,0x00,0x00,0x00,0x00,0x00,0xDC,0xDB,
  0x9B,0x5F,0xA9,0xD2,0x72,0xC5,0x29,0x8E,0xEA,0xCD,0x3D,0x00,0x13,0x9A,0xFD,0x59,
  0x1C,0xBE,0x62,0x07,0x29,0xD4,0x04,0x0A,0x1F,0x54,0x04,0x38,0xEF,0x6F,0xDC,0x18,
  0x00,0xBC,0xFF,0xFF,0xFF,0xFF,0xFF,0xFF,0xFF,0x2C,0x00,0x00,0x34,0x00,0xDC,0x18,
  0x00,0x16,0x10,0x08,0x26,0xD4,0x03,0x07,0x14,0x05,0x00,0x00,0x00,0x00,0xDC,0x18,
  0x00,0x00,0x00,0x00,0x24,0xD4,0x00,0x00,0x00,0x00,0x00,0x00,0x00,0x00,0xDC,0x18,
  0xC4,0xFF,0xFF,0xFF,0xFF,0xFF,0xFF,0xFF,0xFF,0xFF,0x48,0x00,0x00,0x00,0xE1,0x17,
  0x00,0x00,0x00,0x00,0x24,0xD4,0x00,0x00,0x00,0x00,0x00,0x00,0x85,0xB2,0xF2,0x05,
  0x00,0x00,0x00,0x00,0x24,0xD4,0x00,0x00,0x00,0x00,0x00,0x00,0x44,0x70,0x2B,0x00,
  0x00,0x00,0x00,0x00,0x2C,0xDE,0x00,0x00,0x00,0x00,0x00,0x00,0x00,0x00,0x00,0x00,
  0x00,0x00,0x00,0x00,0x00,0x00,0x00,0x00,0x00,0x00,0x00,0x00,0x00,0x00,0xDC,0x71,
  0x00,0x00,0x00,0x00,0x35,0xE8,0x0C,0x00,0x00,0x00,0x00,0x00,0x00,0x00,0xCA,0x44,
  0x00,0x0B,0x16,0x06,0x2B,0xD0,0x02,0x09,0x1C,0x00,0x00,0x00,0x12,0x04,0xBF,0x45,
  0x0E,0x4C,0xFF,0xFF,0xFF,0xFF,0xFF,0xFF,0xFF,0x00,0x00,0x00,0xEC,0xFF,0xFF,0xFF,
  0xFF,0x13,0x18,0x08,0x29,0xD0,0x02,0x0D,0x20,0x00,0x00,0x00,0x14,0x05,0xBC,0x46,
  0x10,0x1D,0x0F,0x05,0x28,0xD0,0x01,0x06,0x12,0x20,0x00,0x00,0x00,0x00,0xBC,0x44,
  0x00,0xD0,0xFF,0xFF,0xFF,0xFF,0xFF,0xFF,0xFF,0xE0,0x00,0x00,0x00,0x00,0xBC,0x44,
  0x24,0x20,0x17,0x0C,0x04,0x01,0x37,0x46,0x14,0x20,0x00,0x00,0x00,0x3A,0xDE,0xDA,
  0xA7,0x0C,0x02,0x00,0x00,0x00,0x8B,0x7A,0x00,0x00,0x00,0x19,0xD4,0xEC,0xE1,0x62,
  0x14,0xFF,0xFF,0xFF,0xFF,0xFF,0xFF,0xFF,0xFF,0xFF,0x4C,0x00,0xA0,0x1E,0xBC,0x44,
  0x00,0x00,0x10,0x00,0x00,0x00,0x88,0x74,0x04,0x0B,0x06,0x00,0x00,0x00,0xBC,0x44,
  0x00,0x00,0xC0,0x62,0x00,0x00,0x88,0x74,0x00,0x00,0x00,0x00,0x00,0x00,0xBC,0x44,
  0x00,0x00,0x11,0xD3,0x50,0x00,0x88,0x74,0x00,0x00,0x00,0x00,0x00,0x00,0xBD,0x44,
  0x00,0x00,0x00,0x27,0x22,0x00,0x89,0x74,0x00,0x00,0x00,0x00,0x1C,0x29,0xE0,0x3D,
  0x00,0x00,0x00,0x00,0x0F,0x16,0xB4,0x68,0x00,0x00,0x00,0x00,0x58,0xF9,0xC2,0x0C,
  0x00,0x00,0x00,0x00,0x1B,0xFB,0xD1,0x1F,0x00,0x00,0x00,0x00,0x00,0x00,0x00,0x00,
  0x00,0x00,0x00,0x00,0x00,0x00,0x00,0x00,0x00,0x00,0x00,0x00,0x00,0x03,0xF7,0x47,
  0x00,0x00,0x00,0x00,0xA3,0x57,0x00,0x00,0x00,0x00,0x00,0x00,0x00,0x00,0xE5,0x1C,
  0x00,0x00,0x00,0x00,0x2D,0xDF,0x07,0x00,0x00,0x00,0x00,0x00,0x11,0x01,0xDB,0x1F,
  0x0E,0xFF,0xFF,0xFF,0xFF,0xFF,0xFF,0xFF,0xFF,0xE4,0x00,0x00,0xF0,0xFF,0xFF,0xFF,
  0xA0,0xEC,0x00,0x00,0x1B,0x00,0x00,0x00,0x10,0xE4,0x00,0x00,0x13,0x04,0xD8,0x21,
  0x0E,0xE4,0x00,0x00,0xD3,0x8B,0x00,0x00,0x0E,0xC7,0x00,0x00,0x00,0x00,0xD8,0x1C,
  0x00,0x00,0x00,0x0C,0xF5,0x16,0x00,0x00,0x00,0x00,0x00,0x00,0x00,0x00,0xD8,0x28,
  0x5D,0x00,0x00,0x4D,0xB2,0x00,0x00,0x00,0x00,0x00,0x00,0x00,0x06,0x52,0xED,0x9A,
  0x3F,0xF8,0xFF,0xFF,0xFF,0xFF,0xFF,0xFF,0xFF,0xFF,0x30,0x07,0xDE,0xC8,0xEA,0x1C,
  0x00,0x00,0x1F,0xE1,0x0B,0x00,0x00,0x94,0x56,0x0B,0x04,0x00,0x29,0x00,0xD8,0x1C,
  0x00,0x08,0xC6,0x7F,0x00,0x00,0x06,0xCC,0x04,0x00,0x00,0x00,0x00,0x00,0xD8,0x1C,
  0x00,0x04,0x54,0x43,0x11,0x00,0x79,0x42,0x00,0x00,0x00,0x00,0x00,0x00,0xD8,0x1C,
  0x00,0x00,0x00,0x00,0x70,0x9B,0xE3,0x5E,0x05,0x00,0x00,0x00,0x25,0x2A,0xEC,0x15,
  0x20,0x4E,0x86,0xD5,0xCD,0x36,0x2F,0xBB,0xE1,0x6D,0x01,0x00,0x68,0xEF,0x9F,0x00,
  0x47,0xE0,0x9A,0x41,0x00,0x00,0x00,0x00,0x52,0x7D,0x00,0x00,0x00,0x00,0x00,0x00,
  0x00,0x00,0x00,0x00,0x00,0x00,0x00,0x00,0x00,0x00,0x00,0x00,0x00,0x16,0xF0,0x3F,
  0x00,0x00,0x00,0x6B,0x84,0x00,0x00,0x00,0x00,0x00,0x00,0x00,0x00,0x03,0xFE,0x08,
  0x00,0x00,0x03,0xD6,0x4C,0x05,0x12,0x2E,0x1A,0x00,0x00,0x07,0x11,0x03,0xF6,0x0E,
  0x11,0x00,0x6D,0xFF,0xFF,0xFF,0xFF,0xB0,0x02,0x00,0x00,0x34,0xFF,0xFF,0xFF,0xFF,
  0xB4,0x32,0x9F,0x11,0x00,0x33,0x9F,0x0A,0x00,0x00,0x00,0x06,0x10,0x04,0xF4,0x0E,
  0x15,0x71,0xFF,0xFF,0xFF,0xFF,0xFF,0xFF,0xFF,0x10,0x00,0x00,0x00,0x00,0xF4,0x08,
  0x00,0x29,0xD4,0x00,0x00,0xE8,0x00,0x00,0xF4,0x09,0x00,0x00,0x00,0x00,0xF4,0x17,
  0x49,0x28,0xD4,0x00,0x01,0xE7,0x00,0x00,0xF4,0x08,0x00,0x00,0x00,0x21,0xF8,0xDB,
  0x68,0x28,0xD4,0x00,0x09,0xE0,0x00,0x00,0xF4,0x08,0x00,0x23,0xB2,0xE3,0xFC,0x11,
  0x10,0x2C,0xD4,0x00,0x18,0xD2,0x00,0x00,0xF4,0x10,0x0A,0x08,0x74,0x09,0xF4,0x08,
  0xBC,0xFF,0xFF,0xFF,0xFF,0xFF,0xFF,0xFF,0xFF,0xFF,0x68,0x00,0x00,0x00,0xF4,0x08,
  0x16,0x0B,0x04,0x01,0x9E,0xF2,0x4E,0x02,0x05,0x10,0x0E,0x00,0x00,0x00,0xF4,0x08,
  0x00,0x00,0x00,0x41,0xED,0x35,0xDD,0x1A,0x00,0x00,0x00,0x00,0x00,0x00,0xF5,0x08,
  0x00,0x00,0x5F,0xF0,0x4B,0x00,0x6A,0xD5,0x29,0x00,0x00,0x00,0x31,0x56,0xFB,0x08,
  0x58,0xC7,0xE1,0x3C,0x00,0x00,0x00,0x73,0xF6,0x95,0x13,0x00,0x86,0xDB,0x6F,0x0C,
  0xB5,0x82,0x0B,0x00,0x00,0x00,0x00,0x00,0x3A,0x91,0x02,0x00,0x00,0x18,0x3C,0x00,
  0x00,0x00,0x00,0x00,0x00,0x0B,0x4B,0x00,0x00,0x00,0x00,0x00,0x00,0x08,0xFC,0x18,
  0x00,0x00,0x00,0xB1,0x6B,0x00,0xF5,0x1D,0x00,0x00,0x00,0x02,0x12,0x02,0xF0,0x08,
  0x0C,0x00,0x00,0xB2,0x44,0x00,0xF0,0x00,0x03,0x0F,0x00,0x14,0xFF,0xFF,0xFF,0xFF,
  0xB0,0xFF,0xFF,0xFF,0x44,0x00,0xF0,0xFF,0xFF,0xD8,0x00,0x03,0x18,0x04,0xEC,0x0B,
  0x13,0x0A,0x01,0xB0,0x44,0x00,0xF0,0x00,0x05,0x0E,0x00,0x00,0x00,0x00,0xEC,0x00,
  0x00,0x00,0x00,0xB0,0x44,0x00,0xF0,0x00,0x05,0x0B,0x00,0x00,0x00,0x00,0xEC,0x23,
  0x66,0xFF,0xFF,0xFF,0x44,0x00,0xF0,0xFF,0xFF,0x8C,0x00,0x00,0x00,0x03,0xF4,0xB8,
  0x3D,0x12,0x07,0xB2,0x43,0x00,0xF0,0x01,0x06,0x0A,0x00,0x0E,0x74,0xDD,0xF4,0x02,
  0x00,0x00,0x00,0xB9,0x3F,0x00,0xF0,0x00,0x00,0x00,0x00,0x09,0xBD,0x3E,0xEC,0x00,
  0x00,0x18,0x68,0xE8,0x33,0x00,0xF0,0x00,0x01,0x0A,0x08,0x00,0x00,0x00,0xEC,0x06,
  0xD7,0xEC,0x8B,0xF5,0x14,0x00,0xF0,0xFF,0xFF,0xFF,0x50,0x00,0x00,0x00,0xEC,0x00,
  0x5F,0x0C,0x29,0xE1,0x00,0x00,0xF1,0x00,0x01,0x0A,0x08,0x00,0x00,0x00,0xEC,0x00,
  0x00,0x00,0x95,0x95,0x00,0x00,0xF7,0x02,0x00,0x00,0x00,0x00,0x52,0x72,0xE6,0x00,
  0x00,0x39,0xF7,0x27,0x00,0x08,0xFF,0x12,0x00,0x00,0x00,0x00,0x66,0xB3,0x49,0x00,
  0x00,0x72,0x7E,0x00,0x00,0x00,0x00,0x00,0x00,0x00,0x00,0x00,0x00,0x00,0x00,0x00,
  0x00,0x00,0x00,0x00,0x00,0x00,0x00,0x00,0x00,0x00,0x00,0x00,0x00,0x1D,0xFC,0x25,
  0x00,0x00,0x00,0x16,0xBA,0x05,0x00,0x00,0x00,0x00,0x00,0x00,0x00,0x05,0xF8,0x00,
  0x00,0x13,0x0A,0x04,0x9B,0x73,0x01,0x03,0x0C,0x0B,0x00,0x00,0x14,0x03,0xF3,0x04,
  0x10,0xD4,0xFF,0xFF,0xFF,0xFF,0xFF,0xFF,0xFF,0x70,0x00,0x00,0xFC,0xFF,0xFF,0xFF,
  0xC0,0x16,0x89,0x54,0x03,0x01,0x18,0xE3,0x3B,0x0D,0x00,0x00,0x18,0x06,0xF0,0x04,
  0x19,0x14,0x1A,0xCD,0x38,0x04,0xB0,0x3D,0x0C,0x19,0x01,0x00,0x00,0x00,0xF0,0x00,
  0x40,0xFF,0xFF,0xFF,0xFF,0xFF,0xFF,0xFF,0xFF,0xFF,0x0C,0x00,0x00,0x00,0xF0,0x00,
  0x23,0x13,0x07,0x04,0x0A,0x00,0x01,0x05,0x09,0x17,0x01,0x00,0x1B,0x73,0xF8,0xC1,
  0x8E,0x00,0x00,0x4C,0xC1,0x14,0x00,0x00,0x00,0x00,0x00,0x23,0xFE,0xB8,0xF5,0x3E,
  0xB8,0xFF,0xFF,0xFF,0xFF,0xFF,0xFF,0xFF,0xFF,0xFF,0x50,0x00,0x8E,0x07,0xF0,0x00,
  0x00,0x00,0x5A,0x9C,0x1E,0x4A,0x79,0xE2,0x06,0x0C,0x07,0x00,0x00,0x00,0xF0,0x00,
  0x00,0x04,0xD6,0x34,0x00,0x00,0x67,0x83,0x00,0x00,0x00,0x00,0x00,0x00,0xF0,0x00,
  0x00,0x29,0xBE,0xD1,0x85,0x61,0xD4,0x0C,0x00,0x00,0x00,0x00,0x00,0x00,0xF0,0x00,
  0x00,0x00,0x00,0x38,0xDD,0xF1,0xCF,0x4D,0x02,0x00,0x00,0x00,0x31,0x40,0xF0,0x00,
  0x54,0x94,0xC9,0xE3,0x7A,0x0A,0x37,0xB2,0xDC,0x56,0x00,0x00,0x85,0xE8,0x7B,0x00,
  0x4F,0x82,0x3A,0x01,0x00,0x00,0x00,0x00,0x46,0x2E,0x00,0x00,0x00,0x00,0x00,0x00,
  0x00,0x00,0x00,0x00,0x00,0x00,0x00,0x00,0x00,0x00,0x00,0x00,0x00,0x06,0xFB,0x45,
  0x00,0x00,0x00,0x00,0x65,0x85,0x00,0x00,0x00,0x00,0x00,0x00,0x00,0x00,0xEE,0x10,
  0x00,0x16,0x0D,0x03,0x19,0xE4,0x03,0x01,0x0A,0x18,0x00,0x08,0x11,0x03,0xE3,0x14,
  0x15,0xBC,0xFF,0xFF,0xFF,0xFF,0xFF,0xFF,0xFF,0xD8,0x00,0x3C,0xFF,0xFF,0xFF,0xFF,
  0xE8,0xBC,0x2C,0x35,0xA4,0x00,0x6C,0x61,0x18,0xD8,0x00,0x07,0x10,0x04,0xE0,0x13,
  0x11,0xBC,0x2C,0x7D,0x78,0x00,0x84,0x5C,0x18,0xD8,0x00,0x00,0x00,0x00,0xE0,0x10,
  0x05,0x00,0x48,0xDD,0x12,0x00,0x84,0x67,0x00,0x00,0x00,0x00,0x00,0x00,0xE0,0x9D,
  0xBF,0x51,0xDA,0x2E,0x00,0x00,0x5D,0xF8,0xFD,0xBC,0x00,0x00,0x21,0x89,0xF8,0x7D,
  0x0C,0x09,0x18,0x07,0x01,0x00,0x01,0x06,0x13,0x08,0x00,0x27,0xF8,0x90,0xE7,0x10,
  0x00,0x50,0xFF,0xFF,0xFF,0xFF,0xFF,0xFF,0xFF,0x4C,0x00,0x00,0x1E,0x00,0xE0,0x10,
  0x00,0x0A,0x19,0x0C,0x14,0xE4,0x02,0x08,0x17,0x0A,0x00,0x00,0x00,0x00,0xE0,0x10,
  0x00,0x00,0x00,0x00,0x10,0xE4,0x00,0x00,0x00,0x00,0x00,0x00,0x00,0x00,0xE0,0x10,
  0x00,0x00,0x00,0x00,0x10,0xE4,0x00,0x00,0x00,0x00,0x00,0x00,0x00,0x00,0xE1,0x09,
  0x11,0x10,0x06,0x00,0x10,0xE4,0x00,0x02,0x08,0x0F,0x0B,0x00,0x42,0x82,0x95,0x00,
  0xA8,0xFF,0xFF,0xFF,0xFF,0xFF,0xFF,0xFF,0xFF,0xFF,0x68,0x00,0x00,0x00,0x00,0x00,
  0x13,0x16,0x0D,0x07,0x03,0x01,0x03,0x06,0x0B,0x14,0x0B,0x00,0x00,0x00,0x00,0x00,
  0x00,0x00,0x00,0x00,0x00,0x00,0x00,0x00,0x00,0x00,0x00,0x00,0x00,0x19,0xFD,0x3D,
  0x00,0x00,0x00,0x00,0x00,0x00,0x00,0x00,0x00,0x00,0x00,0x00,0x00,0x02,0xFE,0x04,
  0x00,0x0C,0xFF,0xFF,0xFF,0xFF,0xFF,0xFF,0xCB,0x00,0x00,0x09,0x0E,0x03,0xF6,0x06,
  0x10,0x0A,0xF4,0x00,0x00,0x00,0x00,0x34,0xC1,0x00,0x00,0x50,0xFF,0xFF,0xFF,0xFF,
  0xFF,0x34,0xFF,0xFF,0xFF,0xFF,0xFF,0xFF,0xC0,0x00,0x00,0x0A,0x0F,0x04,0xF4,0x07,
  0x10,0x0B,0xF4,0x00,0x00,0x00,0x00,0x34,0xC0,0x00,0x00,0x00,0x00,0x00,0xF4,0x06,
  0x43,0x0E,0xFF,0xFF,0xFF,0xFF,0xFF,0xFF,0xCB,0x00,0x00,0x00,0x00,0x00,0xF4,0xC0,
  0x93,0x14,0x08,0x01,0x00,0x00,0x00,0x02,0x09,0x15,0x00,0x00,0x00,0x1C,0xF8,0x39,
  0x28,0xFF,0xFF,0xFF,0xFF,0xFF,0xFF,0xFF,0xFF,0xF0,0x00,0x15,0x8A,0xEC,0xFD,0x04,
  0x05,0x17,0x12,0x05,0x19,0xD0,0x02,0x05,0x0C,0x19,0x00,0x2D,0xBF,0x23,0xF4,0x04,
  0x00,0x0B,0xEA,0x18,0x18,0xD0,0x00,0x04,0x0E,0x09,0x00,0x00,0x00,0x00,0xF4,0x04,
  0x00,0x45,0xE3,0x07,0x18,0xFF,0xFF,0xFF,0xFF,0x4C,0x00,0x00,0x00,0x00,0xF4,0x04,
  0x00,0xB5,0xE9,0xAB,0x24,0xD0,0x01,0x04,0x0A,0x06,0x00,0x00,0x01,0x26,0xF6,0x01,
  0x73,0xD1,0x0D,0x9C,0xE6,0xD8,0x19,0x0D,0x11,0x1D,0x10,0x02,0xD0,0xE6,0x78,0x29,
  0xC5,0x1B,0x00,0x00,0x26,0x70,0x94,0xA9,0xB6,0xBD,0x30,0x00,0x00,0x00,0x00,0x00,
  0x00,0x00,0x00,0x00,0x00,0x00,0x00,0x00,0x00,0x00,0x00,0x00,0x00,0x00,0xCE,0x7A,
  0x00,0x14,0x05,0x91,0x6F,0x00,0x73,0x89,0x05,0x12,0x04,0x00,0x00,0x00,0xB9,0x48,
  0x08,0xFF,0xFF,0xFF,0xFF,0xFF,0xFF,0xFF,0xFF,0xFF,0x28,0x04,0x15,0x04,0xB2,0x49,
  0x0E,0x1A,0x05,0x88,0x60,0x00,0x6C,0x7C,0x05,0x13,0x04,0x1C,0xFF,0xFF,0xFF,0xFF,
  0xFF,0x2C,0x00,0x00,0x00,0x00,0x00,0x00,0x00,0x00,0x00,0x03,0x14,0x05,0xB0,0x4A,
  0x0E,0x07,0xFE,0xFF,0xFF,0xFF,0xFF,0xFF,0xFF,0x23,0x00,0x00,0x00,0x00,0xB0,0x48,
  0x00,0x00,0xDD,0x00,0x00,0x00,0x00,0x00,0xBC,0x20,0x00,0x00,0x00,0x00,0xB0,0x5C,
  0xA6,0x13,0xF4,0xFF,0xFF,0xFF,0xFF,0xFF,0xFF,0x20,0x00,0x00,0x00,0x00,0xB9,0xE6,
  0x6D,0x06,0xDF,0x00,0x00,0x00,0x00,0x00,0xBC,0x20,0x00,0x0F,0x66,0xCF,0xFD,0x49,
  0x00,0x02,0xFE,0xFF,0xFF,0xFF,0xFF,0xFF,0xFF,0x24,0x00,0x14,0xB7,0x4C,0xB0,0x48,
  0x09,0x15,0x06,0x00,0x1C,0xC7,0x00,0x00,0x07,0x14,0x0A,0x00,0x00,0x00,0xB0,0x48,
  0x40,0xFF,0xFF,0xFF,0xFF,0xFF,0xFF,0xFF,0xFF,0xFF,0x48,0x00,0x00,0x00,0xB0,0x48,
  0x0A,0x1E,0x0C,0x03,0xA8,0x7E,0x81,0x04,0x08,0x19,0x0B,0x00,0x00,0x00,0xB1,0x48,
  0x00,0x00,0x00,0x70,0xB6,0x00,0x87,0x7E,0x02,0x00,0x00,0x00,0x2B,0x50,0xE0,0x3A,
  0x1A,0x60,0xC9,0xB4,0x0E,0x00,0x01,0x85,0xD2,0x65,0x10,0x00,0x29,0xAB,0x71,0x01,
  0x5F,0xCE,0x59,0x00,0x00,0x00,0x00,0x00,0x3C,0x9C,0x09,0x00,0x00,0x00,0x00,0x00,
  0x00,0x00,0x96,0x7F,0x00,0x00,0x00,0x00,0x00,0x00,0x00,0x00,0x0E,0x17,0x0C,0x05,
  0x00,0x00,0x91,0x74,0x00,0x00,0x05,0x0C,0x15,0x13,0x00,0x00,0x74,0xFF,0xFF,0xFF,
  0xFF,0xFF,0xFF,0xFF,0xFF,0xFF,0xFF,0xFF,0xFF,0x98,0x00,0x00,0x10,0x1B,0x0F,0x07,
  0x04,0x02,0x8C,0x74,0x03,0x04,0x07,0x0D,0x17,0x15,0x00,0x00,0x00,0x00,0x00,0x00,
  0x00,0x00,0x8C,0x74,0x02,0x05,0x0B,0x13,0x00,0x00,0x00,0x00,0x00,0x40,0xFF,0xFF,
  0xFF,0xFF,0xFF,0xFF,0xFF,0xFF,0xFF,0xA9,0x00,0x00,0x00,0x00,0x00,0x04,0x0B,0xD3,
  0x24,0x00,0x00,0x00,0x00,0x07,0xDF,0x35,0x00,0x00,0x00,0x00,0x00,0x00,0x00,0x53,
  0xCC,0x08,0x00,0x00,0x00,0x7B,0xB8,0x00,0x00,0x00,0x00,0x00,0x00,0x00,0x00,0x00,
  0xB0,0xAB,0x02,0x00,0x3C,0xF6,0x33,0x00,0x00,0x00,0x00,0x00,0x00,0x00,0x00,0x00,
  0x16,0xE6,0xA6,0x3B,0xF1,0x92,0x00,0x00,0x00,0x00,0x00,0x00,0x00,0x00,0x00,0x00,
  0x00,0x3B,0xF8,0xFE,0xCF,0x0A,0x00,0x00,0x00,0x00,0x00,0x00,0x00,0x00,0x00,0x00,
  0x00,0x11,0xC1,0xFF,0x79,0x02,0x00,0x00,0x00,0x00,0x00,0x00,0x00,0x00,0x00,0x25,
  0x88,0xE8,0x8E,0x39,0xC6,0xD4,0x6C,0x16,0x00,0x00,0x00,0x0D,0x58,0x92,0xD7,0xED,
  0x90,0x1E,0x00,0x00,0x00,0x44,0xAD,0xF6,0xCF,0xA1,0x13,0x04,0xB5,0xAD,0x54,0x07,
  0x00,0x00,0x00,0x00,0x00,0x00,0x00,0x0F,0x54,0x74,0x00,0x00,0x00,0x00,0x00,0x00,
  0x00,0x00,0x00,0x1B,0xDD,0x23,0x00,0x00,0x00,0x00,0x00,0x24,0xFF,0xFF,0xFF,0xFF,
  0xFF,0x14,0x00,0x6F,0xA4,0x00,0x00,0x00,0x00,0x00,0x00,0x00,0x00,0x00,0x00,0x00,
  0xDC,0x14,0x00,0xCA,0x2B,0x00,0x00,0x00,0x0A,0x17,0x00,0x00,0x00,0x00,0x00,0x00,
  0xDC,0x14,0x32,0xFF,0xFF,0xFF,0xFF,0xFF,0xFF,0xAC,0x00,0x00,0x00,0x00,0x00,0x00,
  0xDC,0x14,0xAE,0x73,0x00,0x00,0x10,0xE9,0x04,0x0B,0x00,0x00,0x00,0x00,0x00,0x00,
  0xDC,0x5F,0xFF,0x6E,0x00,0x00,0x26,0xCC,0x00,0x00,0x00,0x00,0xA7,0xFF,0xFF,0xFF,
  0xFF,0xEF,0xCA,0xC1,0x00,0x00,0x4E,0xA2,0x00,0x00,0x00,0x00,0xA0,0x58,0x00,0x00,
  0x00,0x15,0x13,0xC8,0x24,0x00,0x82,0x67,0x00,0x00,0x00,0x00,0xA0,0x58,0x00,0x00,
  0x00,0x00,0x00,0x5F,0x97,0x00,0xCD,0x1A,0x00,0x00,0x00,0x00,0xA0,0x58,0x00,0x00,
  0x00,0x00,0x00,0x05,0xD8,0x69,0xB2,0x00,0x00,0x00,0x00,0x00,0xA0,0x58,0x00,0x07,
  0x7D,0x44,0x00,0x00,0x4C,0xFF,0x4A,0x00,0x00,0x00,0x00,0x00,0xA0,0x58,0x56,0xDD,
  0xA3,0x16,0x00,0x0E,0xC1,0xD0,0xDB,0x21,0x00,0x00,0x00,0x00,0xA9,0xE9,0xD6,0x40,
  0x00,0x00,0x45,0xDE,0x94,0x02,0x84,0xEB,0x52,0x00,0x00,0x08,0xCA,0x85,0x06,0x10,
  0x62,0xC6,0xE5,0x53,0x00,0x00,0x00,0x5E,0xF5,0xB6,0x07,0x00,0x08,0x00,0x00,0x0F,
  0xBE,0x7D,0x0C,0x00,0x00,0x00,0x00,0x00,0x23,0x51,0x00,0x00,0x00,0x00,0x3A,0x7E,
  0x00,0x00,0x00,0x00,0x8B,0x7D,0x00,0x00,0x00,0x00,0x00,0x00,0x00,0x00,0x4F,0xAF,
  0x00,0x00,0x00,0x01,0xE0,0x2F,0x00,0x00,0x00,0x00,0x00,0x00,0x00,0x00,0x4C,0xAC,
  0x00,0x00,0x00,0x42,0xBC,0x00,0x00,0x00,0x00,0x00,0x00,0x00,0x00,0x00,0x4C,0xAC,
  0x00,0x00,0x00,0xBA,0xFF,0xFF,0xFF,0xFF,0xFF,0xF4,0x00,0x5C,0xFF,0xFF,0xFF,0xFF,
  0xFF,0xFF,0xE3,0xD5,0x05,0x00,0x00,0x7F,0x71,0x09,0x00,0x00,0x00,0x00,0x4C,0xAC,
  0x00,0x09,0xD9,0x62,0x7F,0x00,0x00,0x9B,0x51,0x00,0x00,0x00,0x00,0x00,0x4C,0xAC,
  0x00,0x00,0x05,0x1D,0xC4,0x00,0x00,0xC3,0x2B,0x00,0x00,0x00,0x84,0xFF,0xFF,0xFF,
  0xFF,0xF4,0x00,0x00,0xDB,0x03,0x04,0xE7,0x03,0x00,0x00,0x00,0x7C,0x7C,0x00,0x00,
  0x0C,0xE1,0x00,0x00,0xA0,0x48,0x47,0xB1,0x00,0x00,0x00,0x00,0x7C,0x7C,0x00,0x00,
  0x0C,0xE0,0x00,0x00,0x35,0xC2,0xBD,0x52,0x00,0x00,0x00,0x00,0x7C,0x7C,0x00,0x00,
  0x0C,0xE0,0x00,0x00,0x00,0xBC,0xD3,0x01,0x00,0x00,0x00,0x00,0x7D,0xFF,0xFF,0xFF,
  0xFF,0xE4,0x00,0x04,0x80,0xD7,0xC8,0x89,0x03,0x00,0x00,0x00,0x87,0x7C,0x00,0x00,
  0x0B,0xEB,0x58,0xD7,0xC5,0x13,0x0C,0xB9,0xD4,0x63,0x08,0x00,0x49,0x3C,0x00,0x00,
  0x00,0x36,0xD3,0x68,0x03,0x00,0x00,0x01,0x64,0xBB,0x0C,0x00,0x00,0x00,0x00,0x00,
  0x04,0xBE,0x3C,0x00,0x00,0x00,0x00,0x00,0x00,0x00,0x00,0x00,0x00,0x00,0x00,0x00,
  0x00,0x33,0xDD,0x54,0x00,0x00,0x00,0x00,0x00,0x00,0x00,0x00,0x13,0x11,0x0A,0x05,
  0x01,0x00,0x27,0xA7,0x02,0x01,0x05,0x0A,0x10,0x15,0x00,0x00,0xB5,0xF3,0xE9,0xE4,
  0xE1,0xE0,0xE0,0xE0,0xE0,0xED,0xFF,0xFF,0xFF,0xC8,0x00,0x00,0x00,0x00,0x01,0x2E,
  0x00,0x00,0x00,0x00,0x00,0x9B,0x62,0x00,0x00,0x00,0x00,0x00,0x00,0x00,0x09,0xE1,
  0x18,0x00,0x00,0x00,0x06,0xE0,0x10,0x00,0x00,0x00,0x00,0x00,0x00,0x00,0x00,0x6A,
  0xA3,0x00,0x00,0x00,0x5F,0x9B,0x00,0x00,0x00,0x00,0x00,0x00,0x00,0x00,0x00,0x01,
  0xBB,0x67,0x00,0x09,0xDA,0x25,0x00,0x00,0x00,0x00,0x00,0x00,0x00,0x00,0x00,0x00,
  0x13,0xD9,0x52,0x92,0x8B,0x00,0x00,0x00,0x00,0x00,0x00,0x00,0x00,0x00,0x00,0x00,
  0x00,0x1E,0xE4,0xD6,0x06,0x00,0x00,0x00,0x00,0x00,0x00,0x00,0x00,0x00,0x00,0x00,
  0x0A,0x97,0x99,0xA0,0x95,0x0D,0x00,0x00,0x00,0x00,0x00,0x00,0x00,0x00,0x07,0x64,
  0xD4,0x62,0x00,0x00,0x5D,0xD7,0x78,0x15,0x00,0x00,0x00,0x01,0x35,0x88,0xDE,0x90,
  0x16,0x00,0x00,0x00,0x00,0x11,0x80,0xE8,0xB3,0x6E,0x12,0x14,0xC5,0x82,0x13,0x00,
  0x00,0x00,0x00,0x00,0x00,0x00,0x00,0x09,0x60,0x91,0x02,0x00,0x00,0x00,0x00,0x00,
  0x00,0x5B,0x9D,0x00,0x00,0x00,0x00,0x00,0x00,0x00,0x00,0x00,0x00,0x00,0x00,0x00,
  0x00,0x1E,0xF5,0x1A,0x00,0x00,0x00,0x00,0x00,0x00,0x00,0x00,0x00,0x00,0x00,0x00,
  0x00,0x00,0xA8,0x72,0x00,0x00,0x00,0x00,0x00,0x00,0x00,0x00,0xCC,0xFF,0xFF,0xFF,
  0xFF,0xFF,0xFF,0xFF,0xFF,0xFF,0xFF,0xFF,0xFF,0xCC,0x00,0x00,0x00,0x00,0x00,0x00,
  0xAC,0x5C,0x00,0x00,0x00,0x00,0x00,0x00,0x00,0x00,0x00,0x00,0x00,0x00,0x00,0x00,
  0xAC,0x5C,0x00,0x00,0x00,0x00,0x00,0x00,0x00,0x00,0x00,0x00,0x00,0x00,0x00,0x00,
  0xAC,0xFF,0xFF,0xFF,0xFF,0xFF,0xFF,0xE7,0x00,0x00,0x00,0x00,0x00,0x00,0x00,0x00,
  0xB6,0x4D,0x00,0x00,0x00,0x00,0x32,0xCF,0x00,0x00,0x00,0x00,0x00,0x00,0x00,0x00,
  0xC9,0x32,0x00,0x00,0x00,0x00,0x4C,0xB7,0x00,0x00,0x00,0x00,0x00,0x00,0x00,0x06,
  0xE6,0x09,0x00,0x00,0x00,0x00,0x66,0x9F,0x00,0x00,0x00,0x00,0x00,0x00,0x00,0x65,
  0xA5,0x00,0x00,0x00,0x00,0x00,0x80,0x87,0x00,0x00,0x00,0x00,0x00,0x00,0x2F,0xE9,
  0x2A,0x00,0x00,0x00,0x00,0x00,0x9F,0x6F,0x00,0x00,0x00,0x00,0x01,0x5F,0xEE,0x5A,
  0x00,0x00,0x00,0x72,0x84,0x97,0xF4,0x36,0x00,0x00,0x00,0x00,0x21,0xC6,0x4B,0x00,
  0x00,0x00,0x00,0x55,0xA1,0x7E,0x30,0x00,0x00,0x00,0x00,0x00,0x00,0xAE,0x41,0x00,
  0x00,0x00,0x00,0x65,0xAA,0x06,0x00,0x00,0x00,0x00,0x00,0x00,0x00,0x23,0xD9,0x44,
  0x00,0x00,0x00,0xB2,0x2A,0x03,0x0A,0x13,0x1D,0x27,0x00,0x00,0x00,0x00,0x31,0x3B,
  0x00,0x00,0x30,0xFF,0xFF,0xFF,0xFF,0xFF,0xFF,0xE0,0x00,0x50,0xFF,0xFF,0xFF,0xFF,
  0xFF,0x60,0xB2,0x20,0x00,0x00,0x00,0x00,0x00,0x00,0x00,0x00,0x00,0x86,0x51,0x00,
  0x00,0x6A,0x95,0x0E,0x02,0x00,0x01,0x05,0x11,0x1B,0x00,0x00,0x00,0x88,0x4B,0x01,
  0x2B,0xB4,0x74,0xFF,0xFF,0xFF,0xFF,0xFF,0xFF,0x73,0x00,0x00,0x00,0x8E,0xFF,0xFF,
  0xF7,0x00,0x0D,0x0F,0x05,0xA4,0x38,0x0F,0xD4,0x0B,0x00,0x00,0x00,0x99,0x3D,0x00,
  0xE2,0x00,0x12,0x6B,0x05,0xA4,0x38,0x35,0x5E,0x00,0x00,0x00,0x00,0xB1,0x2F,0x00,
  0xE5,0x00,0x45,0xC2,0x00,0xA4,0xFF,0xFF,0xFF,0x10,0x00,0x00,0x00,0xCF,0x18,0x06,
  0xE2,0x00,0x80,0x64,0x00,0xA4,0x3A,0x0A,0x17,0x01,0x00,0x00,0x03,0xE5,0x00,0x10,
  0xDC,0x00,0xC6,0x4E,0x00,0xA4,0x38,0x00,0x00,0x00,0x00,0x00,0x38,0xC0,0x00,0x1A,
  0xD5,0x21,0xD7,0xB3,0x02,0xA4,0x38,0x00,0x00,0x00,0x00,0x00,0x9A,0x75,0x4C,0x88,
  0xBA,0x9E,0x65,0x6C,0x9D,0xAC,0x38,0x00,0x00,0x00,0x00,0x2A,0xF2,0x16,0x52,0x7B,
  0x60,0xDA,0x05,0x00,0x6C,0xEF,0xBD,0x8C,0x74,0x7C,0x2E,0x05,0x1E,0x00,0x00,0x00,
  0x7E,0x58,0x00,0x00,0x00,0x08,0x3B,0x5E,0x76,0x83,0x21,0x00,0x00,0x00,0x00,0x00,
  0x00,0x00,0x00,0x00,0x00,0x00,0x00,0x00,0x00,0x00,0x00,0x00,0x00,0x00,0x00,0x00,
  0x00,0x00,0x00,0x00,0x00,0x00,0x86,0xB1,0x00,0x00,0x00,0x00,0xCB,0xF5,0xFD,0xF7,
  0xDB,0x1E,0x00,0x00,0x00,0x00,0x76,0x90,0x00,0x00,0x00,0x00,0xE9,0x10,0x00,0x00,
  0xDC,0x20,0x00,0x00,0x00,0x00,0x6F,0x90,0x00,0x00,0x00,0x00,0xE8,0x10,0x00,0x00,
  0xDC,0x2D,0x0E,0x04,0x00,0x00,0x6C,0x90,0x08,0x16,0x00,0x00,0xE8,0x10,0x00,0x00,
  0xDC,0x9C,0xFF,0xFF,0xFF,0xFF,0xFF,0xFF,0xFF,0xFF,0x04,0x00,0xE8,0x10,0x00,0x00,
  0xDC,0x2D,0x0F,0x05,0x00,0x00,0x6C,0x90,0x04,0x12,0x00,0x00,0xE8,0xFF,0xFF,0xFF,
  0xFF,0x20,0x3F,0x5D,0x00,0x00,0x6C,0x90,0x00,0x00,0x00,0x00,0xE8,0x10,0x00,0x00,
  0xDC,0x20,0x1F,0xE4,0x39,0x00,0x6C,0x90,0x00,0x00,0x00,0x00,0xE8,0x10,0x00,0x00,
  0xDC,0x20,0x00,0x44,0xE0,0x0F,0x6C,0x90,0x00,0x00,0x00,0x00,0xE8,0x10,0x00,0x00,
  0xDC,0x20,0x00,0x00,0x97,0x3E,0x6C,0x90,0x00,0x00,0x00,0x00,0xE8,0xFF,0xFF,0xFF,
  0xFF,0x20,0x00,0x00,0x00,0x00,0x6C,0x90,0x00,0x00,0x00,0x00,0xEE,0x10,0x00,0x00,
  0xDC,0x27,0x00,0x00,0x00,0x00,0x6C,0x90,0x00,0x00,0x00,0x01,0xDB,0x0E,0x00,0x00,
  0x6A,0x1A,0x00,0x00,0x00,0x00,0x70,0x90,0x00,0x00,0x00,0x00,0x00,0x00,0x00,0x00,
  0x00,0x00,0x00,0x18,0x42,0x3B,0xC5,0x81,0x00,0x00,0x00,0x00,0x00,0x00,0x00,0x00,
  0x00,0x00,0x00,0x05,0xEB,0xF0,0xBC,0x22,0x00,0x00,0x00,0x00,0x0D,0xFF,0xFF,0xFF,
  0xFF,0xA5,0x00,0xC5,0xFF,0xFF,0xFF,0xFF,0xFF,0x18,0x00,0x00,0x05,0xF4,0x00,0x00,
  0x50,0x98,0x00,0xBD,0x3C,0x00,0x00,0x00,0xE4,0x14,0x00,0x00,0x04,0xF4,0x00,0x00,
  0x50,0x98,0x00,0xBC,0x3C,0x00,0x00,0x00,0xE4,0x14,0x00,0x00,0x04,0xF4,0x00,0x00,
  0x50,0x98,0x00,0xBC,0xFF,0xFF,0xFF,0xFF,0xFF,0x14,0x00,0x00,0x04,0xF4,0x00,0x00,
  0x50,0x98,0x00,0xBC,0x3C,0x00,0x00,0x00,0xE4,0x14,0x00,0x00,0x04,0xFF,0xFF,0xFF,
  0xFF,0x98,0x00,0xBC,0x3C,0x00,0x00,0x00,0xE4,0x14,0x00,0x00,0x04,0xF4,0x00,0x00,
  0x50,0x98,0x00,0xBE,0x3C,0x00,0x00,0x00,0xE4,0x14,0x00,0x00,0x04,0xF4,0x00,0x00,
  0x50,0x98,0x00,0xC4,0xFF,0xFF,0xFF,0xFF,0xFF,0x14,0x00,0x00,0x04,0xF4,0x00,0x00,
  0x50,0x98,0x00,0xD3,0x29,0x00,0x00,0x00,0xE4,0x14,0x00,0x00,0x05,0xFF,0xFF,0xFF,
  0xFF,0x9C,0x00,0xED,0x0C,0x00,0x00,0x00,0xE4,0x14,0x00,0x00,0x0E,0xF4,0x00,0x00,
  0x50,0xAB,0x21,0xD3,0x00,0x00,0x00,0x00,0xE4,0x14,0x00,0x00,0x10,0x89,0x00,0x00,
  0x02,0x05,0x8B,0x87,0x00,0x00,0x00,0x00,0xE4,0x14,0x00,0x00,0x00,0x00,0x00,0x00,
  0x00,0x3C,0xEF,0x1C,0x00,0x0A,0x21,0x3D,0xF9,0x0A,0x00,0x00,0x00,0x00,0x00,0x00,
  0x01,0x93,0x71,0x00,0x00,0x03,0xE0,0xDC,0x73,0x00,0x00,0x00,0x00,0x00,0x4C,0x91,
  0x02,0x00,0x00,0x00,0x00,0x00,0x00,0x00,0x00,0x00,0x00,0x00,0x00,0x00,0xAC,0xFF,
  0xFF,0xFF,0xFF,0xE4,0x20,0xFF,0xFF,0xFF,0xFF,0xC1,0x00,0x00,0x00,0x4B,0x95,0x00,
  0xA9,0x40,0x01,0x07,0x18,0xD4,0x00,0x00,0x40,0xB1,0x00,0x00,0x46,0xFA,0x1F,0x01,
  0xB3,0x2D,0x08,0x1A,0x26,0xD4,0x00,0x00,0x40,0xB0,0x00,0x00,0x7C,0xFF,0xFF,0xFF,
  0xFF,0xFF,0xFF,0xFF,0x70,0xD4,0x00,0x00,0x40,0xB0,0x00,0x00,0x13,0x1A,0x0B,0x2C,
  0xF0,0x16,0x0B,0x1C,0x27,0xD4,0x00,0x00,0x40,0xB1,0x00,0x00,0x00,0x00,0x08,0xC3,
  0x94,0xD6,0x73,0x03,0x20,0xFF,0xFF,0xFF,0xFF,0xC2,0x00,0x00,0x00,0x40,0xD2,0x8D,
  0x00,0x0E,0xB4,0xA4,0x00,0x00,0x00,0x00,0x00,0x00,0x00,0x00,0x78,0xEB,0x63,0x98,
  0xD0,0xEF,0xFF,0xFF,0xF9,0xEE,0xD5,0xA8,0x29,0x00,0x00,0x00,0x04,0x14,0x02,0xFE,
  0x08,0x00,0x00,0x00,0x00,0x00,0x00,0xBC,0x48,0x00,0x00,0x00,0x00,0x00,0x00,0xFC,
  0x08,0x00,0x00,0x00,0x00,0x00,0x00,0xBC,0x48,0x00,0x00,0x00,0x00,0x00,0x00,0xFC,
  0xFF,0xFF,0xFF,0xFF,0xFF,0xFF,0xFF,0xFF,0x48,0x00,0x00,0x00,0x00,0x00,0x00,0xFC,
  0x08,0x00,0x00,0x00,0x00,0x00,0x00,0xBC,0x48,0x00,0x00,0x00,0x00,0x00,0x00,0xFD,
  0xFF,0xFF,0xFF,0xFF,0xFF,0xFF,0xFF,0xFF,0x4B,0x00,0x00,0x00,0x00,0x00,0x0C,0xFF,
  0x08,0x00,0x00,0x00,0x00,0x00,0x00,0x6F,0x36,0x00,0x00,0x00,0x78,0xFF,0xFF,0xFF,
  0xFF,0xFF,0xFF,0xFF,0xFF,0xFF,0xFF,0xFF,0xFF,0xA0,0x00,0x00,0x11,0x1A,0x18,0x09,
  0x03,0x00,0x2A,0xC8,0x01,0x04,0x0A,0x16,0x1E,0x15,0x00,0x00,0x00,0x05,0xFE,0xFF,
  0xFF,0xFF,0xFF,0xFF,0xFF,0xFF,0xFF,0xFF,0x56,0x00,0x00,0x00,0x00,0x00,0xF4,0x00,
  0x00,0x00,0x26,0xC8,0x00,0x00,0x00,0xB0,0x50,0x00,0x00,0x00,0x00,0x00,0xF4,0x00,
  0x00,0x00,0x29,0xC4,0x00,0x00,0x00,0xB0,0x50,0x00,0x00,0x00,0x00,0x00,0xF4,0xFF,
  0xFF,0xFF,0xFF,0xFF,0xFF,0xFF,0xFF,0xFF,0x50,0x00,0x00,0x00,0x00,0x00,0xF5,0x00,
  0x00,0x00,0x38,0xB3,0x00,0x00,0x00,0xB0,0x51,0x00,0x00,0x00,0x00,0x07,0xDF,0xED,
  0xF6,0xFB,0xFF,0xFF,0xFF,0xFB,0xF4,0xE8,0x51,0x00,0x00,0x00,0x00,0x00,0x31,0x6A,
  0x02,0x00,0x6E,0x84,0x00,0x00,0x00,0x00,0x00,0x00,0x00,0x00,0x00,0x00,0x08,0x84,
  0xC8,0x60,0xBE,0x48,0x00,0x00,0x00,0x00,0x00,0x00,0x00,0x00,0x00,0x00,0x00,0x00,
  0x27,0xE7,0xEB,0x96,0x46,0x0D,0x00,0x00,0x00,0x00,0x00,0x04,0x25,0x37,0x5C,0x99,
  0xE1,0x7F,0x02,0x3A,0x94,0xE1,0xD6,0xA9,0x97,0x83,0x05,0x01,0xB7,0xD5,0xA1,0x5D,
  0x10,0x00,0x00,0x00,0x00,0x00,0x22,0x53,0x7B,0x70,0x00,0x00,0x00,0x00,0xC7,0xFF,
  0xFF,0xFF,0xFF,0xFF,0xFF,0xFF,0xFF,0xB5,0x00,0x00,0x00,0x00,0x00,0x00,0xBA,0xFF,
  0xFF,0xFF,0xFF,0xFF,0xFF,0xFF,0xFF,0xB0,0x00,0x00,0x00,0x00,0x00,0x00,0xB9,0x28,
  0x00,0x00,0x00,0x00,0x00,0x00,0x2C,0xB0,0x00,0x00,0x00,0x00,0x00,0x00,0xC5,0xFF,
  0xFF,0xFF,0xFF,0xFF,0xFF,0xFF,0xFF,0xB5,0x00,0x00,0x00,0x06,0x1B,0x0E,0x06,0x02,
  0x00,0x00,0x00,0x00,0x00,0x00,0x02,0x06,0x0E,0x1C,0x06,0x2C,0xFF,0xFF,0xFF,0xFF,
  0xFF,0xFF,0xFF,0xFF,0xFF,0xFF,0xFF,0xFF,0xFF,0xFF,0x28,0x04,0x10,0x3B,0xA0,0x00,
  0x00,0x28,0xB4,0xC0,0xFF,0xFF,0xFF,0xFF,0xDB,0x15,0x04,0x00,0x00,0x38,0xFF,0xFF,
  0xFF,0xFF,0xB4,0x06,0xC0,0x00,0x00,0x3B,0x8F,0x00,0x00,0x00,0x00,0x38,0xA0,0x00,
  0x00,0x28,0xB4,0x00,0xA4,0x31,0x00,0x99,0x39,0x00,0x00,0x00,0x00,0x38,0xFF,0xFF,
  0xFF,0xFF,0xB4,0x00,0x36,0xC6,0x38,0xC6,0x00,0x00,0x00,0x00,0x00,0x38,0xA0,0x00,
  0x00,0x28,0xB4,0x00,0x00,0xA3,0xF4,0x3B,0x00,0x00,0x00,0x00,0x76,0xAC,0xBD,0x49,
  0x43,0x61,0xB5,0x00,0x0E,0xB4,0xEC,0x7D,0x03,0x00,0x00,0x00,0x4D,0x37,0x09,0x00,
  0x00,0x2D,0xBB,0x5A,0xDF,0x80,0x0E,0xA1,0xE2,0x56,0x00,0x00,0x00,0x00,0x00,0x00,
  0x00,0x34,0xCF,0x48,0x3A,0x00,0x00,0x00,0x2A,0x1A,0x00,0x00,0x00,0x00,0x00,0x00,
  0x00,0x00,0x6D,0xBD,0x02,0x00,0x00,0x00,0x00,0x00,0x00,0x00,0x00,0x00,0x00,0x00,
  0x00,0x00,0x62,0xA7,0x00,0x00,0x00,0x00,0x00,0x00,0x00,0x00,0x00,0x00,0x00,0x00,
  0x00,0x00,0x5A,0xA4,0x00,0x00,0x00,0x00,0x00,0x00,0x00,0x00,0x00,0x20,0xFF,0xFF,
  0xFF,0xFF,0xFF,0xFF,0xFF,0xFF,0xFF,0xFF,0x44,0x00,0x00,0x00,0x00,0x00,0x00,0x00,
  0x00,0x00,0x58,0xA4,0x00,0x00,0x00,0x00,0x00,0x00,0x00,0x00,0x00,0x00,0x00,0x00,
  0x00,0x00,0x58,0xA4,0x00,0x00,0x00,0x00,0x00,0x00,0x00,0x00,0xA0,0xFF,0xFF,0xFF,
  0xFF,0xFF,0xFF,0xFF,0xFF,0xFF,0xFF,0xFF,0xFF,0xC4,0x00,0x00,0x00,0x00,0x00,0x00,
  0x29,0xC2,0x5B,0xA4,0xB1,0x3A,0x00,0x00,0x00,0x00,0x00,0x00,0x00,0x00,0x00,0x0B,
  0xCD,0x32,0x58,0xA4,0x1D,0xD6,0x1C,0x00,0x00,0x00,0x00,0x00,0x00,0x00,0x06,0xBA,
  0x72,0x00,0x58,0xA4,0x00,0x4A,0xD9,0x1F,0x00,0x00,0x00,0x00,0x00,0x14,0xC2,0x9A,
  0x00,0x00,0x58,0xA4,0x00,0x00,0x63,0xE6,0x4B,0x00,0x00,0x00,0x52,0xE4,0x8F,0x01,
  0x00,0x00,0x5A,0xA4,0x00,0x00,0x00,0x50,0xEE,0xB5,0x0C,0x09,0xAE,0x5F,0x00,0x00,
  0x00,0x00,0x63,0xAC,0x00,0x00,0x00,0x00,0x1A,0x5B,0x00,0x00,0x00,0x00,0x00,0x00,
  0x00,0x00,0x73,0xC0,0x00,0x00,0x00,0x00,0x00,0x00,0x00,0x00,0x00,0x00,0x00,0x00,
  0x00,0x00,0x7D,0x9C,0x00,0x00,0x00,0x00,0x00,0x00,0x00,0x00,0x00,0x00,0x00,0x00,
  0x00,0x00,0x7A,0x7F,0x00,0x00,0x00,0x00,0x00,0x00,0x00,0x00,0x00,0x00,0x00,0x00,
  0x00,0x00,0x76,0x7C,0x00,0x00,0x00,0x00,0x00,0x00,0x00,0x00,0x84,0xFF,0xFF,0xFF,
  0xFF,0xFF,0xFF,0xFF,0xFF,0xFF,0xFF,0xFF,0xFF,0x7C,0x00,0x00,0x00,0x00,0x00,0x00,
  0x00,0xBD,0x85,0x8A,0xC3,0x00,0x00,0x00,0x00,0x00,0x00,0x00,0x00,0x00,0x00,0x00,
  0x2F,0xB5,0x74,0x7C,0xA2,0x46,0x00,0x00,0x00,0x00,0x00,0x00,0x00,0x00,0x00,0x00,
  0xA9,0x53,0x74,0x7C,0x33,0xCB,0x04,0x00,0x00,0x00,0x00,0x00,0x00,0x00,0x00,0x47,
  0xCB,0x01,0x74,0x7C,0x00,0xA1,0x7D,0x00,0x00,0x00,0x00,0x00,0x00,0x00,0x14,0xDD,
  0x3E,0x00,0x74,0x7C,0x00,0x18,0xE3,0x57,0x00,0x00,0x00,0x00,0x00,0x09,0xC6,0x96,
  0x10,0x05,0x74,0x7C,0x05,0x0F,0x51,0xF4,0x64,0x00,0x00,0x00,0x11,0xBA,0xB4,0xB2,
  0xFF,0xFF,0xFF,0xFF,0xFF,0xFF,0xC4,0x4A,0xF1,0xB6,0x11,0x10,0xD9,0xB1,0x07,0x17,
  0x10,0x05,0x78,0x7F,0x05,0x0F,0x18,0x00,0x29,0x75,0x00,0x00,0x37,0x05,0x00,0x00,
  0x00,0x00,0x7D,0x85,0x00,0x00,0x00,0x00,0x00,0x00,0x00,0x00,0x00,0x00,0x00,0x00,
  0x00,0x00,0x87,0x8F,0x00,0x00,0x00,0x00,0x00,0x00,0x00,0x00,0x00,0x00,0x00,0x00,
  0x00,0x00,0x92,0x9D,0x00,0x00,0x00,0x00,0x00,0x00,0x00,0x00,0x00,0x00,0x5E,0xAF,
  0x01,0x00,0x03,0x0B,0x01,0x00,0x00,0x00,0x00,0x00,0x00,0x00,0x00,0x00,0x59,0x94,
  0x00,0x00,0x22,0xFF,0xFF,0xFF,0xFF,0xFF,0x08,0x00,0x00,0x01,0x17,0x06,0x58,0x94,
  0x05,0x15,0x1F,0xDC,0x00,0x00,0x00,0xF4,0x00,0x00,0x00,0x08,0xFF,0xFF,0xFF,0xFF,
  0xFF,0xFF,0x24,0xDE,0x00,0x00,0x00,0xF0,0x00,0x00,0x00,0x01,0x15,0x08,0x93,0x94,
  0x08,0x16,0x18,0xDF,0x00,0x00,0x00,0xF0,0x00,0x00,0x00,0x00,0x00,0x01,0xE3,0xCB,
  0x07,0x00,0x17,0xE1,0x00,0x00,0x00,0xF0,0x00,0x00,0x00,0x00,0x00,0x49,0xEF,0xE8,
  0xA4,0x00,0x1B,0xE0,0x00,0x00,0x00,0xF0,0x00,0x00,0x00,0x00,0x00,0xB8,0x90,0x94,
  0xAB,0x7B,0x22,0xDA,0x00,0x00,0x00,0xF0,0x00,0x00,0x00,0x00,0x40,0xCE,0x58,0x94,
  0x16,0xA5,0x32,0xCF,0x00,0x00,0x00,0xF0,0x00,0x00,0x00,0x07,0xD2,0x4E,0x58,0x94,
  0x00,0x00,0x50,0xB8,0x00,0x00,0x00,0xF0,0x00,0x00,0x00,0x4D,0xBD,0x00,0x58,0x94,
  0x00,0x00,0x86,0x8F,0x00,0x00,0x00,0xF0,0x00,0x00,0x00,0x00,0x0C,0x00,0x5A,0x95,
  0x00,0x05,0xDE,0x51,0x00,0x00,0x00,0xF0,0x00,0x08,0x00,0x00,0x00,0x00,0x64,0x9C,
  0x00,0x86,0xE7,0x08,0x00,0x00,0x00,0xF5,0x18,0x9E,0x5F,0x00,0x00,0x00,0x76,0xB0,
  0x6C,0xFF,0x60,0x00,0x00,0x00,0x00,0xAA,0xFB,0xD9,0x19,0x00,0x00,0x00,0x00,0x00,
  0x0F,0x91,0x00,0x00,0x00,0x00,0x00,0x00,0x00,0x00,0x00,0x00,0x00,0x00,0x00,0x00,
  0x00,0x00,0x00,0x00,0x00,0x00,0x00,0x00,0x00,0x00,0x00,0x00,0x00,0x00,0x75,0xB8,
  0x00,0x00,0x00,0x00,0x00,0x00,0x02,0xDD,0x28,0x00,0x00,0x00,0x00,0x00,0x69,0x90,
  0x00,0x00,0x00,0x00,0x00,0x00,0x00,0xF4,0x04,0x00,0x00,0x00,0x00,0x00,0x64,0x90,
  0x00,0x00,0x00,0x00,0x00,0x00,0x00,0xEE,0x04,0x00,0x00,0x00,0x12,0x03,0x64,0x90,
  0x05,0x13,0x00,0x00,0x00,0x00,0x00,0xED,0x04,0x00,0x00,0x00,0xEC,0xFF,0xFF,0xFF,
  0xFF,0xE8,0x88,0xFF,0xFF,0xFF,0xFF,0xFF,0xFF,0xFF,0x80,0x00,0x00,0x00,0x8D,0xB6,
  0x09,0x00,0x00,0x00,0x00,0x00,0x37,0xFC,0x04,0x00,0x00,0x00,0x00,0x17,0xD8,0xBA,
  0xCB,0x1F,0x00,0x00,0x00,0x0A,0xA4,0xEE,0x04,0x00,0x00,0x00,0x00,0xA1,0x7E,0x90,
  0x5E,0xD9,0x10,0x00,0x01,0xA4,0x2E,0xEC,0x04,0x00,0x00,0x00,0x6B,0x9A,0x64,0x90,
  0x00,0x62,0x06,0x00,0x90,0x6A,0x00,0xEC,0x04,0x00,0x00,0x30,0xEA,0x15,0x64,0x90,
  0x00,0x00,0x02,0x93,0x99,0x00,0x00,0xEC,0x04,0x00,0x00,0x00,0x14,0x00,0x64,0x90,
  0x00,0x11,0xAE,0xA2,0x02,0x00,0x00,0xEC,0x04,0x00,0x00,0x00,0x00,0x00,0x67,0x91,
  0x1A,0xE1,0x8F,0x02,0x00,0x00,0x00,0xEC,0x04,0x00,0x00,0x00,0x00,0x00,0x71,0x99,
  0x00,0x21,0x00,0x00,0x04,0x33,0x3E,0xF8,0x02,0x00,0x00,0x00,0x00,0x00,0x83,0xAD,
  0x00,0x00,0x00,0x00,0x00,0xAF,0xD8,0x7A,0x00,0x00,0x00,0x00,0x00,0x00,0x00,0x00,
  0x00,0x00,0x00,0x00,0x00,0x00,0x00,0x00,0x00,0x00,0x00,0x00,0x00,0x00,0x00,0x00,
  0x00,0x00,0x8B,0xBB,0x00,0x00,0x00,0x00,0x00,0x00,0x00,0x00,0x18,0x18,0x0D,0x04,
  0x00,0x00,0x80,0x84,0x00,0x02,0x05,0x0A,0x12,0x13,0x00,0x00,0xB0,0xFF,0xFF,0xFF,
  0xFF,0xFF,0xFF,0xFF,0xFF,0xFF,0xFF,0xFF,0xFF,0xB8,0x00,0x00,0x13,0x1E,0x22,0x10,
  0x05,0x01,0x7C,0x84,0x01,0x04,0x0F,0x1E,0x1F,0x14,0x00,0x00,0x00,0x40,0xFF,0xFF,
  0xFF,0xFF,0xFF,0xFF,0xFF,0xFF,0xFF,0xFF,0x4E,0x00,0x00,0x00,0x00,0x36,0xD0,0x00,
  0x00,0x00,0x7C,0x84,0x00,0x00,0x00,0xC0,0x44,0x00,0x00,0x00,0x00,0x37,0xD0,0x00,
  0x00,0x00,0x7C,0x84,0x00,0x00,0x00,0xC0,0x45,0x00,0x00,0x00,0x00,0x43,0xFF,0xFF,
  0xFF,0xFF,0xFF,0xFF,0xFF,0xFF,0xFF,0xFF,0x50,0x00,0x00,0x00,0x00,0x00,0x00,0x00,
  0x14,0xD1,0x8C,0x98,0xC7,0x1B,0x08,0x14,0x0A,0x00,0x00,0x00,0x00,0x00,0x00,0x02,
  0xB1,0x5E,0x7C,0x84,0x4A,0xC8,0x0C,0x00,0x00,0x00,0x00,0x00,0x00,0x00,0x02,0xA0,
  0x9D,0x00,0x7C,0x84,0x00,0x79,0xC9,0x14,0x00,0x00,0x00,0x00,0x00,0x13,0xB5,0xB2,
  0x06,0x00,0x7C,0x84,0x00,0x00,0x8A,0xDF,0x3C,0x00,0x00,0x03,0x61,0xE3,0x94,0x03,
  0x00,0x00,0x80,0x85,0x00,0x00,0x00,0x6D,0xF7,0xA1,0x19,0x1B,0xBC,0x47,0x00,0x00,
  0x00,0x00,0x86,0x8A,0x00,0x00,0x00,0x00,0x2C,0x9F,0x0A,0x00,0x00,0x00,0x00,0x00,
  0x00,0x00,0x95,0x98,0x00,0x00,0x00,0x00,0x00,0x00,0x00,0x00,0x00,0x00,0x72,0x9A,
  0x00,0x00,0x00,0x05,0x11,0x28,0x45,0x75,0xBD,0x64,0x00,0x00,0x00,0x00,0x71,0x84,
  0x00,0x00,0xE2,0xFC,0xF1,0xE0,0xC3,0x99,0x6D,0x4F,0x00,0x00,0x15,0x06,0x6E,0x84,
  0x07,0x11,0xCF,0x28,0x00,0x00,0x00,0x00,0x00,0x00,0x00,0x00,0xE4,0xFF,0xFF,0xFF,
  0xFF,0xB0,0xC6,0x28,0x00,0x00,0x00,0x00,0x00,0x00,0x00,0x00,0x00,0x00,0x8C,0x84,
  0x00,0x00,0xC2,0xFF,0xFF,0xFF,0xFF,0xFF,0xFF,0x7F,0x00,0x00,0x00,0x05,0xE9,0xC1,
  0x02,0x00,0xC0,0x40,0xC0,0x00,0x00,0x00,0xB5,0x48,0x00,0x00,0x00,0x51,0xF9,0xEA,
  0x7D,0x00,0xC1,0x26,0xD1,0x03,0x00,0x00,0xDB,0x10,0x00,0x00,0x00,0xBA,0xAA,0x89,
  0xD3,0x40,0xC6,0x23,0x9D,0x38,0x00,0x24,0xC1,0x00,0x00,0x00,0x3F,0xDB,0x6C,0x84,
  0x4D,0x90,0xD6,0x19,0x51,0x88,0x00,0x7E,0x70,0x00,0x00,0x06,0xD4,0x68,0x6C,0x84,
  0x00,0x00,0xE8,0x05,0x06,0xD0,0x10,0xE0,0x13,0x00,0x00,0x26,0xC7,0x05,0x6C,0x84,
  0x00,0x19,0xDB,0x00,0x00,0x81,0xCF,0x8D,0x00,0x00,0x00,0x00,0x07,0x00,0x6C,0x84,
  0x00,0x65,0xA3,0x00,0x00,0x79,0xFF,0x66,0x00,0x00,0x00,0x00,0x00,0x00,0x6F,0x85,
  0x05,0xD9,0x4A,0x01,0x7E,0xF1,0x75,0xEE,0x69,0x00,0x00,0x00,0x00,0x00,0x79,0x8D,
  0x86,0xC9,0x39,0xAF,0x97,0x1D,0x00,0x2A,0xB0,0xAC,0x10,0x00,0x00,0x00,0x8B,0xA1,
  0x28,0x2D,0x05,0x00,0x00,0x00,0x00,0x00,0x00,0x00,0x00,0x00,0x00,0x00,0x00,0x00,
  0x00,0x00,0x00,0x00,0x00,0x00,0x00,0x00,0x00,0x00,0x00,0x00,0x00,0x00,0x00,0x00,
  0x00,0x00,0x86,0xA1,0x00,0x00,0x00,0x00,0x00,0x00,0x00,0x00,0x16,0x1C,0x10,0x09,
  0x04,0x02,0x7D,0x88,0x02,0x04,0x08,0x0F,0x1A,0x1C,0x00,0x00,0x94,0xFF,0xFF,0xFF,
  0xFF,0xFF,0xFF,0xFF,0xFF,0xFF,0xFF,0xFF,0xFF,0xC0,0x00,0x00,0x10,0x11,0x09,0x05,
  0x6F,0xA5,0x79,0x88,0x8F,0x89,0x06,0x07,0x0F,0x13,0x00,0x00,0x00,0x00,0x13,0xA2,
  0x9F,0x05,0x78,0x88,0x01,0x82,0xCD,0x46,0x01,0x00,0x00,0x00,0x30,0x8D,0xE0,0x61,
  0x00,0x00,0x81,0x8B,0x00,0x00,0x3B,0xCA,0xDD,0x91,0x1B,0x1A,0xD8,0x90,0x50,0x39,
  0x19,0x06,0x4C,0x50,0x05,0x18,0x37,0x41,0x47,0x93,0x01,0x00,0x02,0x00,0x8C,0xFF,
  0xFF,0xFF,0xFF,0xFF,0xFF,0xFF,0xFF,0xA5,0x00,0x00,0x00,0x00,0x00,0x00,0x88,0x70,
  0x00,0x00,0x00,0x00,0x00,0x00,0x4C,0xA4,0x00,0x00,0x00,0x00,0x00,0x00,0x88,0xFF,
  0xFF,0xFF,0xFF,0xFF,0xFF,0xFF,0xFF,0xA4,0x00,0x00,0x00,0x00,0x00,0x00,0x88,0x70,
  0x00,0x00,0x00,0x00,0x00,0x00,0x4C,0xA4,0x00,0x00,0x00,0x00,0x00,0x00,0x90,0xF9,
  0xFD,0xFF,0xFF,0xFF,0xFF,0xFE,0xFA,0xA5,0x00,0x00,0x00,0x00,0x00,0x00,0x00,0x00,
  0x00,0x00,0x00,0x00,0x00,0x00,0x00,0x00,0x00,0x00,0x00,0x00,0xA4,0xFF,0xFF,0xFF,
  0xFF,0xFF,0xFF,0xFF,0xFF,0xFF,0xFF,0xFF,0xFF,0xC4,0x00,0x00,0x00,0x00,0xBC,0x5D,
  0x00,0x00,0x19,0x09,0x04,0x00,0x03,0x07,0x12,0x0B,0x00,0x00,0x00,0x00,0xB7,0x3C,
  0x00,0x00,0xFC,0xFF,0xFF,0xFF,0xFF,0xFF,0xFF,0x60,0x00,0x05,0x10,0x04,0xB2,0x3D,
  0x0A,0x0A,0x16,0x09,0x05,0x01,0x03,0x07,0x10,0x0A,0x00,0x34,0xFF,0xFF,0xFF,0xFF,
  0xFF,0x68,0x00,0x00,0x00,0x00,0x00,0x00,0x00,0x00,0x00,0x06,0x10,0x05,0xC9,0x3F,
  0x0E,0x1B,0x0B,0x02,0x00,0x00,0x00,0x03,0x09,0x14,0x05,0x00,0x00,0x15,0xFD,0x58,
  0x00,0xA0,0xFF,0xFF,0xFF,0xFF,0xFF,0xFF,0xFF,0xFF,0x30,0x00,0x00,0x67,0xFE,0xE8,
  0x22,0x11,0x10,0x05,0x01,0xD0,0x34,0x03,0x09,0x14,0x05,0x00,0x00,0xC5,0xC6,0x75,
  0xD0,0x0F,0x00,0x1A,0x00,0xD0,0x34,0x26,0x06,0x00,0x00,0x00,0x3F,0xB8,0xB0,0x3C,
  0x7A,0x58,0x23,0xF4,0x26,0xD0,0x34,0x8A,0xA9,0x01,0x00,0x01,0xC4,0x52,0xB0,0x3C,
  0x00,0x00,0xA6,0x77,0x00,0xD0,0x34,0x02,0xB0,0x80,0x00,0x65,0xD2,0x02,0xB0,0x3C,
  0x00,0x5F,0xC9,0x03,0x00,0xD0,0x34,0x00,0x0E,0xDC,0x3E,0x14,0x2C,0x00,0xB0,0x3C,
  0x26,0xE1,0x21,0x00,0x00,0xD0,0x34,0x00,0x00,0x3D,0x3A,0x00,0x00,0x00,0xB3,0x3D,
  0x00,0x06,0x00,0x00,0x00,0xD0,0x34,0x00,0x00,0x00,0x00,0x00,0x00,0x00,0xBA,0x42,
  0x00,0x00,0x00,0x2E,0x38,0xEE,0x30,0x00,0x00,0x00,0x00,0x00,0x00,0x00,0xC8,0x53,
  0x00,0x00,0x00,0x89,0xF8,0xBE,0x09,0x00,0x00,0x00,0x00,0x00,0x00,0x00,0x99,0x7F,
  0x00,0x00,0x00,0x1A,0xBB,0x13,0x00,0x00,0x00,0x00,0x00,0x00,0x00,0x00,0x93,0x62,
  0x00,0x00,0x00,0x00,0x66,0xD0,0x0F,0x00,0x00,0x00,0x00,0x04,0x0E,0x01,0x8B,0x61,
  0x0F,0x04,0x00,0x00,0x00,0x72,0x25,0x00,0x00,0x00,0x00,0x24,0xFF,0xFF,0xFF,0xFF,
  0xFF,0x84,0xFF,0xFF,0xFF,0xFF,0xFF,0xFF,0xFF,0xFF,0x24,0x04,0x11,0x04,0xA1,0x61,
  0x0F,0x04,0x00,0x97,0x46,0x00,0x18,0x95,0x06,0x00,0x00,0x00,0x00,0x03,0xEB,0x60,
  0x00,0x00,0x32,0xDD,0x12,0x00,0x01,0x8D,0xBA,0x09,0x00,0x00,0x00,0x4F,0xFF,0xD6,
  0x17,0x1A,0xDB,0x43,0x00,0x00,0x00,0x00,0x8B,0xBD,0x08,0x00,0x00,0xBE,0xC3,0x97,
  0xCD,0x8A,0x85,0x4C,0x00,0x00,0x0F,0x83,0x14,0x5C,0x01,0x00,0x45,0xD1,0x88,0x60,
  0x52,0x25,0x04,0xDB,0x23,0x00,0x45,0xD2,0x09,0x00,0x00,0x0A,0xD9,0x57,0x88,0x60,
  0x00,0x00,0x00,0x65,0xA9,0x00,0xA2,0x57,0x00,0x00,0x00,0x24,0x9A,0x01,0x88,0x60,
  0x00,0x00,0x00,0x01,0xB9,0x91,0xC8,0x02,0x00,0x00,0x00,0x00,0x00,0x00,0x88,0x60,
  0x00,0x00,0x00,0x00,0x42,0xFF,0x82,0x00,0x00,0x00,0x00,0x00,0x00,0x00,0x8B,0x60,
  0x00,0x00,0x00,0x5C,0xE9,0x6F,0xD6,0x98,0x0E,0x00,0x00,0x00,0x00,0x00,0x91,0x66,
  0x13,0x64,0xCF,0xC6,0x2E,0x00,0x0E,0xA2,0xED,0x85,0x1A,0x00,0x00,0x00,0x9F,0x75,
  0x6A,0xC0,0x4B,0x00,0x00,0x00,0x00,0x00,0x3E,0xA5,0x09,0x00,0x00,0x00,0xE0,0x40,
  0x00,0x00,0x00,0x00,0x65,0x7C,0x00,0x00,0x00,0x00,0x00,0x00,0x00,0x00,0xE8,0x15,
  0x00,0x00,0x00,0x00,0xC4,0x8E,0x00,0x00,0x00,0x00,0x00,0x00,0x00,0x00,0xDD,0x10,
  0x00,0x00,0x00,0x45,0xAD,0xAB,0x3D,0x00,0x00,0x00,0x00,0x03,0x10,0x03,0xD9,0x12,
  0x0E,0x05,0x06,0xCA,0x21,0x15,0xCF,0x24,0x00,0x00,0x00,0x20,0xFF,0xFF,0xFF,0xFF,
  0xFF,0x30,0x9C,0x74,0x00,0x00,0x38,0xD8,0x29,0x00,0x00,0x04,0x12,0x16,0xFD,0x13,
  0x10,0x85,0xAF,0x01,0x00,0x01,0x06,0x5C,0xEB,0x5E,0x00,0x00,0x00,0x58,0xFF,0x69,
  0x76,0xBA,0xD1,0xFF,0xFF,0xFF,0xFF,0xFF,0x52,0xC3,0x17,0x00,0x00,0xAF,0xE7,0xA0,
  0x6E,0x08,0x11,0x0E,0x4E,0x02,0x06,0x12,0x02,0x00,0x00,0x00,0x27,0xB0,0xD8,0x1A,
  0xB8,0x34,0x3C,0x02,0xCB,0x2F,0x00,0x5B,0xB3,0x07,0x00,0x00,0xAD,0x58,0xD8,0x10,
  0x00,0x25,0xD6,0x07,0x45,0xB1,0x00,0x91,0x78,0x00,0x00,0x26,0xDC,0x04,0xD8,0x10,
  0x00,0x00,0x8D,0x69,0x01,0xD8,0x1E,0xD4,0x15,0x00,0x00,0x00,0x10,0x00,0xD8,0x10,
  0x00,0x00,0x1E,0xB2,0x00,0x08,0x39,0xA7,0x00,0x00,0x00,0x00,0x00,0x00,0xDB,0x12,
  0x06,0x14,0x05,0x00,0x00,0x00,0xA9,0x37,0x07,0x16,0x00,0x00,0x00,0x00,0xE2,0x1A,
  0x34,0xFF,0xFF,0xFF,0xFF,0xFF,0xFF,0xFF,0xFF,0xF4,0x00,0x00,0x00,0x00,0xF1,0x28,
  0x06,0x13,0x07,0x03,0x01,0x00,0x02,0x05,0x0A,0x17,0x00,0x00,0x00,0x00,0x00,0x00,
  0x00,0x00,0x00,0xD7,0x5C,0x00,0x00,0x00,0x00,0x00,0x00,0x00,0x00,0x00,0x00,0x00,
  0x00,0x00,0x00,0xDC,0x2D,0x00,0x00,0x00,0x00,0x00,0x00,0x00,0x00,0x00,0x00,0x00,
  0x00,0x00,0x00,0xD8,0x2C,0x00,0x00,0x00,0x00,0x00,0x00,0x00,0x00,0x00,0x63,0x85,
  0x00,0x00,0x00,0xD8,0x2C,0x00,0x00,0x00,0x00,0x00,0x00,0x00,0x00,0x00,0x79,0x92,
  0x00,0x00,0x00,0xD8,0x2C,0x00,0x00,0x04,0x13,0x06,0x00,0x00,0x00,0x00,0x74,0x8C,
  0x00,0x00,0x00,0xD8,0xFF,0xFF,0xFF,0xFF,0xFF,0x30,0x00,0x00,0x00,0x00,0x74,0x8C,
  0x00,0x00,0x00,0xD8,0x2C,0x00,0x01,0x08,0x17,0x06,0x00,0x00,0x00,0x00,0x74,0x8C,
  0x00,0x00,0x00,0xD8,0x2C,0x00,0x00,0x00,0x00,0x00,0x00,0x00,0x00,0x00,0x74,0x8C,
  0x00,0x00,0x00,0xD8,0x2C,0x00,0x00,0x00,0x00,0x00,0x00,0x00,0x00,0x00,0x74,0x8C,
  0x00,0x00,0x00,0xD8,0x2C,0x00,0x00,0x00,0x00,0x00,0x00,0x00,0x00,0x00,0x74,0x8C,
  0x00,0x00,0x00,0xD8,0x2C,0x00,0x00,0x00,0x00,0x00,0x00,0x07,0x10,0x04,0x74,0x8C,
  0x00,0x00,0x00,0xD8,0x2C,0x00,0x00,0x02,0x08,0x17,0x08,0x44,0xFF,0xFF,0xFF,0xFF,
  0xFF,0xFF,0xFF,0xFF,0xFF,0xFF,0xFF,0xFF,0xFF,0xFF,0x40,0x00,0x00,0x94,0xFF,0xFF,
  0xFF,0xFF,0xFF,0xFF,0xFF,0xFF,0xFF,0xFF,0xE8,0x00,0x00,0x00,0x00,0x10,0x11,0x0A,
  0x06,0x02,0x01,0xF0,0x10,0x02,0x07,0x0E,0x17,0x00,0x00,0x00,0x00,0x00,0x00,0x00,
  0x00,0x00,0x00,0xF0,0x10,0x00,0x00,0x00,0x00,0x00,0x00,0x00,0x00,0x00,0x00,0x00,
  0x00,0x00,0x00,0xF0,0x10,0x00,0x00,0x00,0x00,0x00,0x00,0x00,0x00,0x00,0x34,0xBE,
  0x0D,0x00,0x00,0xF0,0x10,0x04,0x09,0x11,0x15,0x00,0x00,0x00,0x00,0x00,0x2E,0xC8,
  0x00,0x00,0x00,0xF0,0xFF,0xFF,0xFF,0xFF,0xBC,0x00,0x00,0x00,0x00,0x00,0x2C,0xC8,
  0x00,0x00,0x00,0xF0,0x10,0x00,0x00,0x00,0x00,0x00,0x00,0x00,0x00,0x00,0x2C,0xC8,
  0x00,0x00,0x00,0xF0,0x10,0x00,0x00,0x00,0x00,0x00,0x00,0x00,0x00,0x00,0x2C,0xC8,
  0x00,0x00,0x00,0xF0,0x10,0x00,0x00,0x00,0x00,0x00,0x00,0x00,0x00,0x00,0x2C,0xC8,
  0x00,0x00,0x00,0xF0,0x10,0x00,0x00,0x00,0x00,0x00,0x00,0x04,0x1C,0x0D,0x2E,0xC8,
  0x00,0x00,0x00,0xF0,0x10,0x00,0x00,0x04,0x0C,0x1D,0x04,0x1C,0xFF,0xFF,0xFF,0xFF,
  0xFF,0xFF,0xFF,0xFF,0xFF,0xFF,0xFF,0xFF,0xFF,0xFF,0x1C,0x1B,0xC2,0x6F,0x3F,0x25,
  0x11,0x06,0x01,0x02,0x06,0x13,0x27,0x44,0x7C,0xCA,0x1B,0x00,0x00,0x00,0x13,0xC9,
  0x23,0x00,0x00,0x00,0x00,0x00,0x00,0x00,0x00,0x00,0x00,0x00,0x00,0x00,0x6C,0x9D,
  0x00,0x00,0x00,0x00,0x00,0x00,0x00,0x01,0x0C,0x06,0x00,0x00,0x00,0x07,0xE0,0xFF,
  0xFF,0xFF,0xFF,0xFF,0xFF,0xFF,0xFF,0xFF,0xFF,0x3C,0x00,0x00,0x00,0x7D,0x8E,0x18,
  0x0B,0x03,0x00,0x00,0x01,0x04,0x0E,0x1A,0x0F,0x07,0x00,0x00,0x44,0xD8,0x17,0xFF,
  0xFF,0xFF,0xFF,0xFF,0xFF,0xFF,0xFF,0xE0,0x00,0x00,0x00,0x23,0xE8,0x45,0x0D,0x1C,
  0x0C,0x05,0x03,0x00,0x03,0x0D,0x1F,0x27,0x00,0x00,0x00,0x00,0x13,0xE4,0xFF,0xFF,
  0xFF,0xFF,0xFF,0xFF,0xFF,0xFF,0xFF,0x76,0x00,0x00,0x00,0x00,0x00,0x00,0x00,0x00,
  0x00,0x00,0x00,0x00,0x00,0x00,0xA7,0x5B,0x00,0x00,0x00,0x00,0x00,0x00,0x00,0x00,
  0x00,0x00,0x00,0x00,0x00,0x00,0xA9,0x4E,0x00,0x00,0x00,0x00,0x00,0x00,0x00,0x00,
  0x00,0x00,0x00,0x00,0x00,0x00,0x99,0x4D,0x00,0x00,0x00,0x00,0x00,0x00,0x00,0x00,
  0x00,0x00,0x00,0x00,0x00,0x00,0x7B,0x65,0x00,0x00,0x00,0x00,0x00,0x00,0x00,0x00,
  0x00,0x00,0x00,0x00,0x00,0x00,0x4C,0xB1,0x00,0x23,0x00,0x00,0x00,0x00,0x00,0x00,
  0x00,0x00,0x00,0x00,0x00,0x00,0x08,0xE0,0x46,0xBD,0x49,0x00,0x00,0x00,0x00,0x00,
  0x00,0x00,0x00,0x00,0x00,0x00,0x00,0x3C,0xF3,0xD4,0x04,0x00,0x00,0x00,0x00,0x00,
  0x00,0x00,0x00,0x00,0x00,0x00,0x00,0x00,0x15,0x0D,0x00,0x00,0x15,0x28,0x00,0x00,
  0x00,0x00,0x00,0xAB,0x33,0x00,0x00,0x00,0x00,0x00,0x00,0x00,0x3D,0xDF,0x8A,0x08,
  0x14,0x0B,0x04,0x40,0xD1,0x05,0x00,0x06,0x0C,0x12,0x00,0x00,0x00,0x0C,0x96,0xA1,
  0xE0,0xFF,0xFF,0xFF,0xFF,0xFF,0xFF,0xFF,0xFF,0xC4,0x00,0x00,0x00,0x00,0x00,0x07,
  0x00,0x00,0x19,0xE6,0x38,0x00,0x00,0x00,0x00,0x00,0x00,0x00,0x4F,0x06,0x00,0x00,
  0x00,0x01,0xB8,0x60,0x00,0x11,0xBD,0x14,0x00,0x00,0x00,0x06,0xA4,0xD8,0x3B,0x00,
  0x00,0x77,0x81,0x00,0x00,0x00,0x5B,0xCA,0x0B,0x00,0x00,0x00,0x00,0x41,0xDC,0x15,
  0x86,0xF3,0xB3,0xBE,0xC9,0xC8,0xC4,0xDA,0xAD,0x00,0x00,0x00,0x00,0x00,0x04,0x00,
  0x42,0x8C,0x7C,0x16,0x06,0x00,0x06,0x04,0xA9,0x1D,0x00,0x00,0x00,0x00,0x3B,0x28,
  0x00,0x81,0x79,0x13,0xED,0x04,0x8B,0x83,0x00,0x00,0x00,0x00,0x00,0x00,0xC7,0x5D,
  0x00,0x83,0x67,0x08,0xE0,0x00,0x80,0x60,0x00,0x00,0x00,0x00,0x00,0x57,0xD3,0x02,
  0x00,0x9E,0x4F,0x08,0xE0,0x00,0x80,0x60,0x00,0x00,0x00,0x00,0x12,0xE7,0x53,0x00,
  0x08,0xE1,0x14,0x08,0xE0,0x00,0x80,0x60,0x00,0x03,0x00,0x00,0xAF,0xD5,0x01,0x08,
  0xA5,0x99,0x00,0x09,0xE1,0x00,0x7E,0x7A,0x11,0xD8,0x1A,0x0F,0xDD,0x60,0x27,0xDD,
  0xCC,0x09,0x00,0x15,0xF2,0x00,0x47,0xF2,0xF9,0xA3,0x00,0x00,0x34,0x06,0x00,0x90,
  0x19,0x00,0x00,0x00,0x00,0x00,0x00,0x00,0x00,0x00,0x00,0x00,0x00,0x00,0x00,0x00,
  0x00,0x00,0x00,0x00,0x00,0x00,0x00,0x00,0x00,0x00,0x00,0x00,0x08,0xC1,0x41,0x00,
  0x00,0x00,0x00,0x00,0x00,0x00,0x00,0x00,0x36,0xDF,0x02,0x00,0x00,0x2D,0xD2,0x7D,
  0x8A,0xB6,0xB0,0xB0,0xBE,0x63,0x00,0x00,0x29,0xCC,0x00,0x00,0x00,0x00,0x10,0x43,
  0x9C,0x48,0x00,0x00,0x84,0x69,0x74,0x7E,0x24,0xCC,0x00,0x00,0x14,0x00,0x00,0x00,
  0x98,0x48,0x23,0x09,0x84,0x68,0x68,0x80,0x24,0xCC,0x00,0x02,0xC4,0x8D,0x06,0x00,
  0x98,0x48,0xB5,0x6A,0x84,0x68,0x60,0x80,0x24,0xCC,0x00,0x00,0x07,0x99,0xCB,0x0E,
  0x98,0x48,0xAC,0x49,0x84,0x68,0x60,0x80,0x24,0xCC,0x00,0x00,0x00,0x00,0x42,0x00,
  0x98,0x48,0xAA,0x41,0x84,0x68,0x60,0x80,0x24,0xCC,0x00,0x00,0x00,0x00,0x00,0x00,
  0x98,0x48,0xB2,0x37,0x84,0x68,0x60,0x80,0x24,0xCC,0x00,0x00,0x00,0x00,0x40,0x08,
  0x9D,0x48,0xC3,0x25,0x84,0x6A,0x60,0x80,0x24,0xCC,0x00,0x00,0x00,0x00,0xD1,0x53,
  0xA9,0x48,0xE2,0x0D,0x84,0x7B,0x66,0x83,0x24,0xCC,0x00,0x00,0x00,0x3B,0xE0,0x03,
  0x22,0x29,0xD5,0x92,0x78,0x02,0x78,0x92,0x24,0xCC,0x00,0x00,0x00,0xB4,0x6F,0x00,
  0x00,0x87,0x7E,0x0C,0xC8,0x80,0x00,0x00,0x24,0xCC,0x00,0x00,0x41,0xEB,0x0A,0x00,
  0x49,0xE3,0x13,0x00,0x16,0xDF,0x2B,0x00,0x24,0xCC,0x00,0x05,0xDA,0x7A,0x01,0x6D,
  0xF0,0x41,0x00,0x00,0x00,0x0A,0x00,0x00,0x39,0xC6,0x00,0x00,0x35,0x0F,0x00,0x52,
  0x43,0x00,0x00,0x00,0x00,0x00,0x37,0xE5,0xC5,0x52,0x00,0x00,0x00,0x4E,0x07,0x00,
  0x00,0x03,0x00,0x00,0x4E,0xDA,0x02,0x00,0x07,0x00,0x00,0x00,0x01,0x94,0xD8,0x38,
  0x18,0xD3,0x1A,0x00,0x3D,0xB0,0x00,0x00,0xAB,0x93,0x00,0x00,0x00,0x00,0x41,0xD9,
  0x0E,0x6A,0xCC,0x07,0x3C,0xB0,0x00,0x6D,0xC7,0x18,0x00,0x00,0x00,0x00,0x00,0x04,
  0x00,0x1B,0xA4,0x2D,0x3D,0xB0,0x3B,0xD1,0x1C,0x10,0x00,0x00,0x90,0x52,0x00,0x00,
  0x00,0xE6,0xFF,0xFF,0xFF,0xFF,0xFF,0xFF,0xFF,0x86,0x00,0x00,0x2C,0xC4,0xB5,0x18,
  0x00,0xDD,0x28,0x00,0x00,0x00,0x00,0x00,0x90,0x78,0x00,0x00,0x00,0x03,0x95,0x4F,
  0x00,0xD8,0x28,0x00,0x00,0x00,0x00,0x00,0x90,0x74,0x00,0x00,0x00,0x00,0x00,0x00,
  0x00,0xD8,0xFF,0xFF,0xFF,0xFF,0xFF,0xFF,0xFF,0x74,0x00,0x00,0x00,0x00,0x03,0x9C,
  0x10,0xD8,0x28,0x00,0x00,0x00,0x00,0x00,0x90,0x74,0x00,0x00,0x00,0x00,0x53,0xD1,
  0x02,0xD8,0x28,0x00,0x00,0x00,0x00,0x00,0x90,0x74,0x00,0x00,0x00,0x01,0xD0,0x47,
  0x00,0xD8,0xFF,0xFF,0xFF,0xFF,0xFF,0xFF,0xFF,0x74,0x00,0x00,0x00,0x63,0xB9,0x00,
  0x00,0xD8,0x28,0x00,0x00,0x00,0x00,0x00,0x90,0x74,0x00,0x00,0x25,0xED,0x2E,0x00,
  0x00,0xDE,0x28,0x00,0x00,0x00,0x10,0x16,0xA7,0x74,0x00,0x00,0x4A,0x85,0x00,0x00,
  0x00,0xED,0x28,0x00,0x00,0x00,0x13,0xF9,0xD8,0x38,0x00,0x00,0x17,0xC3,0x25,0x00,
  0x01,0x17,0x05,0x00,0x00,0x00,0x03,0x11,0x0D,0x00,0x00,0x00,0x00,0x5B,0xE7,0x47,
  0x00,0xF8,0xFF,0xFF,0xFF,0xFF,0xFF,0xFF,0x4D,0x00,0x00,0x00,0x00,0x00,0x3D,0x7D,
  0x00,0xF0,0x0C,0x00,0x00,0x00,0x00,0xB8,0x44,0x00,0x00,0x00,0x02,0x00,0x00,0x00,
  0x00,0xF0,0x0C,0x00,0x00,0x00,0x00,0xB8,0x44,0x00,0x00,0x08,0xD6,0x61,0x00,0x00,
  0x00,0xF0,0xFF,0xFF,0xFF,0xFF,0xFF,0xFF,0x44,0x00,0x00,0x00,0x2E,0xCA,0xB4,0x13,
  0x00,0xF0,0x0C,0x00,0x00,0x00,0x00,0xB8,0x44,0x00,0x00,0x00,0x00,0x07,0x83,0x0D,
  0x02,0xFA,0xFF,0xFF,0xFF,0xFF,0xFF,0xFF,0x50,0x00,0x00,0x00,0x00,0x00,0x00,0x00,
  0x00,0x00,0x00,0x00,0x00,0x00,0x00,0x00,0x00,0x00,0x00,0x00,0x00,0x00,0x70,0x0D,
  0xB5,0xFF,0xFF,0xFF,0xFF,0xFF,0xFF,0xFF,0xFF,0x23,0x00,0x00,0x00,0x12,0xEC,0x17,
  0xB0,0x48,0x00,0xE0,0x00,0x5C,0x88,0x00,0xD0,0x20,0x00,0x00,0x00,0x6C,0x7B,0x00,
  0xB0,0x48,0x00,0xE0,0x00,0x5C,0x88,0x00,0xD0,0x20,0x00,0x00,0x02,0xC2,0x0C,0x00,
  0xB0,0x48,0x00,0xE0,0x00,0x5C,0x88,0x00,0xD0,0x20,0x00,0x00,0x5F,0x7C,0x00,0x00,
  0xB0,0x48,0x00,0xE0,0x00,0x5C,0x88,0x00,0xD0,0x20,0x00,0x13,0xE1,0x13,0x4C,0xFF,
  0xFF,0xFF,0xFF,0xFF,0xFF,0xFF,0xFF,0xFF,0xFF,0xFF,0x4C,0x00,0x7F,0x7E,0x02,0x00,
  0x12,0x0C,0x04,0x00,0x00,0x00,0x01,0x09,0x17,0x00,0x00,0x00,0x0A,0xA0,0xBB,0x14,
  0xA8,0xFF,0xFF,0xFF,0xFF,0xFF,0xFF,0xFF,0xE2,0x00,0x00,0x00,0x00,0x00,0x6C,0x18,
  0x9B,0x5C,0x00,0x00,0x00,0x00,0x00,0x20,0xD5,0x00,0x00,0x00,0x00,0x00,0x00,0x00,
  0x96,0xFF,0xFF,0xFF,0xFF,0xFF,0xFF,0xFF,0xD3,0x00,0x00,0x11,0xA4,0x24,0x00,0x00,
  0x96,0x5C,0x00,0x00,0x00,0x00,0x00,0x20,0xD3,0x00,0x00,0x00,0x51,0xE1,0x5B,0x00,
  0x98,0x5C,0x00,0x00,0x00,0x00,0x00,0x20,0xDB,0x00,0x00,0x00,0x00,0x23,0x55,0x00,
  0xA6,0xFF,0xFF,0xFF,0xFF,0xFF,0xFD,0xED,0xB4,0x00,0x00,0x00,0x00,0x14,0x06,0x00,
  0x13,0x0D,0x2D,0xC0,0x00,0x9C,0x54,0x00,0x49,0x14,0x00,0x00,0x00,0x58,0x8D,0x01,
  0x98,0x09,0x2C,0xC0,0x00,0x9C,0x54,0x01,0xDE,0x6E,0x00,0x00,0x00,0x96,0x5D,0x00,
  0x97,0x6E,0x2C,0xC0,0x00,0x9C,0x54,0x56,0xAE,0x00,0x00,0x00,0x00,0xD8,0x13,0x00,
  0x22,0xDD,0x2D,0xC0,0x00,0x9C,0x62,0xE2,0x28,0x00,0x00,0x00,0x2A,0xC0,0x00,0x00,
  0x00,0xA4,0x45,0xC0,0x00,0x9C,0x6A,0x5E,0x00,0x00,0x00,0x00,0x8B,0x71,0x00,0x19,
  0x10,0x06,0x2D,0xC0,0x00,0x9C,0x54,0x02,0x08,0x12,0x09,0x0B,0xE1,0x23,0x00,0xD4,
  0xFF,0xFF,0xFF,0xFF,0xFF,0xFF,0xFF,0xFF,0xFF,0xFF,0x48,0x00,0x00,0x00,0x00,0x16,
  0x0D,0x07,0x04,0x01,0x00,0x01,0x03,0x04,0x07,0x12,0x09,0x00,0x00,0x00,0x00,0x00,
  0x00,0x00,0x00,0x24,0x5E,0x04,0x00,0x00,0x00,0x00,0x00,0x00,0x18,0x25,0x00,0x00,
  0x00,0x00,0x00,0x4D,0xBD,0x00,0x01,0x10,0x13,0x00,0x00,0x00,0x41,0xDC,0x83,0x07,
  0x00,0x00,0x00,0x48,0xFF,0xFF,0xFF,0xFF,0xA4,0x00,0x00,0x00,0x00,0x0B,0x9A,0x81,
  0x00,0x00,0x00,0x48,0xB8,0x03,0x07,0x0F,0x1B,0x1F,0x00,0x00,0x00,0x00,0x00,0x03,
  0xF0,0xFF,0xFF,0xFF,0xFF,0xFF,0xFF,0xFF,0xFF,0x76,0x00,0x00,0x4F,0x03,0x00,0x00,
  0xDF,0x09,0x00,0x39,0x70,0x00,0x00,0x07,0xDA,0x10,0x00,0x09,0xAA,0xCF,0x32,0x00,
  0xD6,0x0D,0x00,0x4F,0x9D,0x29,0x53,0x52,0x4D,0x00,0x00,0x00,0x00,0x49,0xCC,0x07,
  0xD7,0x53,0xC0,0xCA,0xD5,0x89,0x73,0x3A,0x42,0x05,0x00,0x00,0x00,0x00,0x01,0x00,
  0xE2,0x06,0x00,0x47,0xB0,0x08,0x05,0x4E,0xE5,0x03,0x00,0x00,0x00,0x00,0x7A,0x16,
  0xE9,0x00,0x00,0x13,0xCE,0xFC,0xFB,0xD5,0x40,0x00,0x00,0x00,0x00,0x24,0xE4,0x21,
  0xD5,0x00,0x00,0x26,0x24,0xA1,0x02,0x00,0x18,0x00,0x00,0x00,0x00,0x9F,0x6C,0x46,
  0xA6,0x39,0x2D,0xB9,0x31,0x97,0x6D,0x11,0xCF,0x1B,0x00,0x00,0x30,0xE1,0x07,0x8B,
  0x69,0x99,0x41,0xB8,0x20,0x1C,0x71,0x3B,0x54,0xBB,0x00,0x04,0xCB,0x6E,0x11,0xE7,
  0x23,0xD4,0x04,0xB6,0x3D,0x01,0x1C,0xDD,0x4F,0x94,0x15,0x11,0x99,0x0C,0x69,0x8C,
  0x32,0x5F,0x00,0x67,0xEC,0xFD,0xF5,0xA2,0x03,0x00,0x00,0x00,0x00,0x00,0x00,0x00,
  0x00,0x00,0x00,0x00,0x00,0x00,0x00,0x00,0x00,0x00,0x00,0x00,0x00,0x00,0x59,0xDE,
  0x01,0x00,0x13,0x0C,0x03,0x00,0x00,0x00,0x05,0x11,0x09,0x00,0x00,0x00,0x4F,0xB3,
  0x00,0x00,0xA8,0xFF,0xFF,0xFF,0xFF,0xFF,0xFF,0xFF,0x50,0x00,0x00,0x00,0x4B,0xA7,
  0x00,0x00,0x11,0x0C,0x05,0x00,0x28,0xD8,0x06,0x13,0x0A,0x00,0x43,0x7B,0x48,0xA1,
  0x00,0x7D,0x65,0x00,0x00,0x00,0x28,0xD8,0x00,0x00,0x00,0x00,0x5A,0x8C,0x48,0x9D,
  0x00,0xD7,0x2B,0x00,0x00,0x00,0x28,0xD8,0x00,0x00,0x00,0x00,0x73,0x75,0x4E,0x97,
  0x3C,0xAF,0x00,0x00,0x00,0x00,0x28,0xD8,0x00,0x00,0x00,0x00,0x9E,0x53,0x58,0x8E,
  0xB4,0x3E,0x00,0x00,0x00,0x00,0x28,0xD8,0x00,0x00,0x00,0x00,0x89,0x1F,0x6E,0x77,
  0x0D,0x00,0x00,0x00,0x00,0x00,0x28,0xD8,0x00,0x00,0x00,0x00,0x00,0x00,0x95,0xA0,
  0x00,0x00,0x00,0x00,0x00,0x00,0x28,0xD8,0x00,0x00,0x00,0x00,0x00,0x00,0xDB,0xB6,
  0x86,0x00,0x00,0x00,0x00,0x00,0x28,0xD8,0x00,0x00,0x00,0x00,0x00,0x37,0xCF,0x08,
  0xCF,0x6B,0x00,0x00,0x00,0x00,0x28,0xD8,0x00,0x00,0x00,0x00,0x02,0xC9,0x5D,0x00,
  0x2C,0xF6,0x40,0x00,0x00,0x00,0x28,0xD8,0x00,0x00,0x00,0x00,0x94,0xCB,0x02,0x00,
  0x00,0x71,0x41,0x00,0x28,0x31,0x70,0xD0,0x00,0x00,0x00,0x13,0xBA,0x2D,0x00,0x00,
  0x00,0x00,0x00,0x00,0x59,0xF2,0xD1,0x56,0x00,0x00,0x00,0x00,0x00,0x00,0x00,0x00,
  0x00,0x00,0x00,0x00,0x00,0x00,0x00,0x00,0x00,0x00,0x00,0x00,0x00,0x00,0x75,0xB5,
  0x00,0x00,0x00,0x00,0xD6,0x79,0x00,0x00,0x00,0x00,0x00,0x05,0x0F,0x05,0x66,0x8C,
  0x05,0x12,0x00,0x00,0xBC,0x35,0x00,0x00,0x00,0x00,0x00,0x34,0xFF,0xFF,0xFF,0xFF,
  0xFF,0xE4,0x14,0x20,0xC2,0xCE,0xD9,0xEF,0x26,0x00,0x00,0x06,0x10,0x05,0x64,0x8C,
  0x06,0x15,0x76,0xB1,0xE7,0xA2,0x87,0xEE,0x08,0x00,0x00,0x00,0x00,0x00,0x64,0x8C,
  0x00,0x1C,0x00,0x00,0xD3,0x11,0x00,0xE3,0x00,0x00,0x00,0x00,0x00,0x17,0x8E,0xD1,
  0xD1,0xBE,0x32,0x26,0xEA,0x01,0x00,0xE2,0x00,0x00,0x00,0x2E,0xE7,0xE1,0xC9,0xA8,
  0x11,0x00,0x3A,0xD6,0xCA,0x00,0x00,0xDF,0x00,0x00,0x00,0x01,0x33,0x00,0x64,0x8C,
  0x00,0x00,0x00,0xAB,0xDC,0x9D,0x06,0xDB,0x00,0x00,0x00,0x00,0x00,0x00,0x67,0x8C,
  0x00,0x00,0x7A,0xCC,0x07,0x9E,0x7F,0xC8,0x2C,0x52,0x11,0x00,0x0F,0xA0,0xD7,0x71,
  0x29,0xBE,0xD0,0x19,0x00,0x02,0x0B,0x77,0xAD,0xE4,0x33,0x00,0x00,0x5C,0x47,0x03,
  0x05,0x65,0x08,0x0B,0x13,0x00,0x05,0x4C,0xC8,0xA0,0x00,0x00,0x00,0x6A,0x6C,0x00,
  0x8A,0x5C,0x00,0x5E,0xA8,0x00,0x0C,0xD3,0x49,0x00,0x00,0x00,0x06,0xDD,0x32,0x00,
  0x46,0xBD,0x00,0x03,0xD8,0x2F,0x00,0x27,0xE2,0x1C,0x00,0x00,0x88,0xA0,0x00,0x00,
  0x06,0xF3,0x0F,0x00,0x7A,0x93,0x00,0x00,0x77,0xB2,0x00,0x22,0xC9,0x0F,0x00,0x00,
  0x00,0x4C,0x0B,0x00,0x10,0x0A,0x00,0x00,0x06,0x20,0x00,0x00,0x0C,0xFF,0xF0,0xF0,
  0xF7,0x85,0x78,0xFF,0xFF,0xFF,0xFF,0xFF,0xFF,0x1D,0x00,0x00,0x00,0xF4,0x00,0x00,
  0x7C,0x7C,0x00,0x00,0x43,0x90,0x00,0x00,0xF6,0x02,0x00,0x00,0x00,0xF4,0x00,0x00,
  0x7C,0x7C,0x00,0x00,0xB9,0x35,0x00,0x12,0xE5,0x00,0x00,0x00,0x00,0xF4,0x00,0x00,
  0x7C,0x7C,0x00,0x86,0xA4,0x00,0x6E,0xA5,0xC0,0x00,0x00,0x00,0x00,0xFF,0xFF,0xFF,
  0xFF,0x7C,0x4F,0xBF,0x0C,0x00,0xB7,0xCC,0x3C,0x00,0x00,0x00,0x00,0xF4,0x00,0x00,
  0x7C,0x7C,0x32,0xFF,0xFF,0xFF,0xFF,0xFF,0xD9,0x00,0x00,0x00,0x00,0xF4,0x00,0x00,
  0x7C,0x7C,0x26,0xCC,0x00,0x00,0x00,0x3C,0xC0,0x00,0x00,0x00,0x00,0xFF,0xFF,0xFF,
  0xFF,0x7C,0x26,0xCC,0x02,0x01,0x00,0x3C,0xBC,0x00,0x00,0x00,0x0B,0xF4,0x00,0x00,
  0x7C,0x87,0x33,0xFF,0xFF,0xFF,0xFF,0xFF,0xC3,0x00,0x00,0x00,0x00,0x09,0x00,0x00,
  0x00,0x00,0x00,0x00,0x13,0x00,0x03,0x52,0x2E,0x00,0x00,0x00,0x00,0x59,0x82,0x00,
  0x61,0x8C,0x00,0x1C,0xDC,0x04,0x00,0xAC,0x9A,0x00,0x00,0x00,0x06,0xD6,0x35,0x00,
  0x32,0xE2,0x00,0x00,0xA5,0x5B,0x00,0x08,0xCA,0x72,0x00,0x00,0x97,0xA4,0x00,0x00,
  0x02,0xF4,0x26,0x00,0x4B,0xC2,0x00,0x00,0x23,0xEF,0x2D,0x28,0xC2,0x0C,0x00,0x00,
  0x00,0x44,0x0E,0x00,0x07,0x28,0x00,0x00,0x00,0x39,0x04,0x00,0x14,0xDF,0x21,0x60,
  0xA3,0x00,0x00,0x04,0x0E,0x23,0x41,0x73,0xBE,0x6F,0x00,0x00,0x06,0xFC,0x01,0x53,
  0x94,0x00,0x5B,0xFF,0xF0,0xD9,0xB9,0x92,0x6D,0x5A,0x00,0x00,0x00,0xEE,0x00,0x50,
  0x94,0x00,0x49,0xAC,0x00,0x00,0x00,0x00,0x00,0x00,0x00,0x00,0x00,0xE2,0x00,0x50,
  0x94,0x00,0x41,0xAC,0x00,0x00,0x00,0x00,0x00,0x00,0x00,0x00,0x00,0xDE,0x00,0x50,
  0x94,0x00,0x3C,0xFF,0xFF,0xFF,0xFF,0xFF,0xFF,0x2A,0x00,0x00,0x00,0xF4,0xFF,0xFF,
  0xFF,0xFF,0x45,0xAC,0xA4,0x2E,0x00,0x00,0xDE,0x09,0x00,0x00,0x00,0xDC,0x00,0x00,
  0x03,0x0B,0x3D,0xAA,0x73,0x5C,0x00,0x05,0xDA,0x00,0x00,0x00,0x00,0xDD,0x00,0x00,
  0x00,0x00,0x44,0xA4,0x3D,0x95,0x00,0x32,0xAB,0x00,0x00,0x00,0x02,0xFF,0xFF,0xFF,
  0xFA,0x00,0x52,0x95,0x07,0xD0,0x00,0x70,0x72,0x00,0x00,0x00,0x11,0xCF,0x00,0x00,
  0xF0,0x00,0x6D,0x77,0x00,0xB2,0x2C,0xC6,0x22,0x00,0x00,0x00,0x27,0xC0,0x00,0x00,
  0xF0,0x00,0x9C,0x53,0x00,0x50,0xCB,0xBD,0x00,0x00,0x00,0x00,0x50,0xA4,0x00,0x00,
  0xF0,0x03,0xE8,0x18,0x00,0x19,0xF8,0x81,0x00,0x00,0x00,0x00,0x8D,0x7C,0x00,0x00,
  0xF0,0x58,0xCE,0x00,0x17,0xD6,0xBE,0xF6,0x61,0x00,0x00,0x03,0xE2,0x42,0x00,0x00,
  0xF5,0xA1,0x6B,0x5E,0xEB,0xA6,0x04,0x54,0xFA,0xB0,0x10,0x18,0xA1,0x05,0x00,0x00,
  0x5A,0x00,0x0D,0xA9,0x74,0x00,0x00,0x00,0x3C,0x82,0x00,0x00,0x00,0x00,0x00,0xD5,
  0x51,0x00,0x00,0x00,0x55,0xC7,0x01,0x00,0x00,0x00,0x00,0x00,0x00,0x00,0x00,0xC4,
  0x38,0x00,0x00,0x00,0x44,0xB9,0x10,0x72,0x00,0x00,0x00,0x01,0xB6,0x1F,0x00,0xBC,
  0x38,0x00,0x00,0x00,0x3C,0xAE,0x05,0xAB,0x97,0x00,0x00,0x00,0x4D,0xD1,0x09,0xBC,
  0x38,0x00,0x00,0x00,0x3D,0xA5,0x00,0x05,0xA2,0x13,0x00,0x00,0x00,0x8C,0x73,0xBC,
  0x38,0x1B,0x0F,0x05,0x4A,0x9A,0x01,0x04,0x0E,0x1B,0x00,0x00,0x00,0x07,0x03,0xBC,
  0x38,0xE0,0xFF,0xFF,0xFF,0xFF,0xFF,0xFF,0xFF,0xE4,0x00,0x00,0x00,0x00,0x21,0xBC,
  0x38,0x1C,0x0F,0x07,0x86,0xD4,0x02,0x06,0x10,0x1B,0x00,0x00,0x00,0x34,0xC6,0xBD,
  0x38,0x00,0x00,0x00,0xBE,0x7A,0x34,0x00,0x00,0x00,0x00,0x00,0x16,0xD1,0x23,0xBC,
  0x38,0x00,0x00,0x14,0xC5,0x0E,0xA7,0x00,0x00,0x00,0x00,0x13,0xCF,0x58,0x00,0xBC,
  0x38,0x00,0x00,0x7D,0x61,0x00,0x89,0x49,0x00,0x00,0x00,0x1B,0x81,0x00,0x00,0xBC,
  0x38,0x00,0x1C,0xCD,0x05,0x00,0x14,0xD2,0x1B,0x00,0x00,0x00,0x00,0x00,0x00,0xBC,
  0x38,0x04,0xBF,0x43,0x00,0x00,0x00,0x5A,0xCC,0x0D,0x00,0x00,0x00,0x00,0x00,0xC2,
  0x4C,0xBB,0x84,0x00,0x00,0x00,0x00,0x00,0x96,0xCE,0x1E,0x00,0x00,0x00,0x00,0xD4,
  0x7C,0x84,0x00,0x00,0x00,0x00,0x00,0x00,0x03,0x81,0x0E,0x68,0xFF,0xFF,0xFF,0xFF,
  0xFF,0x8C,0xFF,0xFF,0xFF,0xFF,0xFF,0xFF,0xFF,0xFF,0x10,0x00,0x00,0x00,0xF4,0x04,
  0x0F,0x10,0x11,0x03,0x00,0xA9,0x59,0x02,0x08,0x15,0x01,0x00,0x00,0x00,0xF4,0x00,
  0x00,0x00,0x00,0x00,0x00,0xE3,0x24,0x00,0x00,0x00,0x00,0x05,0x0E,0x03,0xF4,0x04,
  0x0F,0x09,0x00,0x00,0x1C,0xEF,0x00,0x00,0x00,0x00,0x00,0x34,0xFF,0xFF,0xFF,0xFF,
  0xFF,0x58,0x00,0x00,0x71,0xE8,0x07,0x28,0x00,0x00,0x00,0x06,0x12,0x05,0xF4,0x04,
  0x10,0x0B,0x00,0x00,0xD7,0xE8,0x4F,0xE4,0x13,0x00,0x00,0x00,0x00,0x00,0xF4,0x00,
  0x00,0x00,0x00,0x48,0xDF,0xE8,0x00,0x99,0xB0,0x00,0x00,0x00,0x00,0x00,0xF4,0x00,
  0x00,0x00,0x09,0xDC,0x55,0xE8,0x00,0x07,0xD5,0x60,0x00,0x00,0x00,0x00,0xF4,0x0F,
  0x6C,0x3F,0x91,0xB7,0x0C,0xE8,0x00,0x00,0x48,0xEC,0x14,0x00,0x0A,0x54,0xFA,0xEE,
  0xA9,0xA7,0xEB,0x1B,0x0C,0xE8,0x00,0x00,0x00,0xA3,0x3C,0x48,0xF7,0xD1,0x6C,0x11,
  0x2C,0xEF,0x40,0x00,0x0C,0xE8,0x00,0x00,0x00,0x00,0x00,0x0E,0x3C,0x00,0x00,0x00,
  0x00,0x0F,0x00,0x00,0x0D,0xE8,0x00,0x00,0x00,0x00,0x00,0x00,0x00,0x00,0x00,0x00,
  0x00,0x00,0x00,0x00,0x13,0xEB,0x00,0x00,0x00,0x00,0x00,0x00,0x00,0x00,0x00,0x00,
  0x00,0x00,0x00,0x00,0x25,0xFC,0x02,0x00,0x00,0x00,0x00,0x00,0x00,0x00,0xEB,0xFF,
  0xFF,0xFF,0xFF,0xFF,0xFF,0xFF,0xFF,0xFF,0xFF,0x61,0x00,0x00,0x00,0x00,0xDB,0x34,
  0x00,0x00,0x00,0xD4,0x38,0x00,0x00,0x00,0xC0,0x50,0x00,0x00,0x00,0x00,0xD8,0x34,
  0x00,0x00,0x00,0xD4,0x38,0x00,0x00,0x00,0xC0,0x4C,0x00,0x00,0x00,0x00,0xD8,0x34,
  0x00,0x00,0x00,0xD4,0x38,0x00,0x00,0x00,0xC0,0x4C,0x00,0x00,0x00,0x00,0xD8,0xFF,
  0xFF,0xFF,0xFF,0xFF,0xFF,0xFF,0xFF,0xFF,0xFF,0x4C,0x00,0x00,0x00,0x00,0xD8,0x34,
  0x00,0x00,0x00,0xD4,0x38,0x00,0x00,0x00,0xC0,0x4C,0x00,0x00,0x00,0x00,0xD8,0x34,
  0x00,0x00,0x00,0xD4,0x38,0x00,0x00,0x00,0xC0,0x4C,0x00,0x00,0x00,0x00,0xD8,0xFF,
  0xFF,0xFF,0xFF,0xFF,0xFF,0xFF,0xFF,0xFF,0xFF,0x4C,0x00,0x00,0x00,0x00,0xDD,0x2D,
  0x00,0x00,0x00,0xD4,0x38,0x00,0x00,0x00,0xC0,0x4C,0x00,0x00,0x00,0x00,0xEC,0x1F,
  0x00,0x00,0x00,0xD4,0x38,0x00,0x00,0x00,0xC0,0x4C,0x00,0x00,0x00,0x0F,0xF7,0x03,
  0x00,0x00,0x00,0xD9,0x3A,0x00,0x00,0x00,0xC0,0x4C,0x00,0x00,0x00,0x47,0xBE,0x00,
  0x00,0x00,0x00,0xE1,0x43,0x00,0x00,0x00,0xC0,0x4C,0x00,0x00,0x00,0xB9,0x64,0x00,
  0x00,0x00,0x00,0x21,0x0A,0x00,0x26,0x52,0xE8,0x43,0x00,0x00,0x29,0xC0,0x08,0x00,
  0x00,0x00,0x00,0x00,0x00,0x00,0x2D,0xC4,0x92,0x07,0x00,0x00,0x00,0x00,0x00,0x00,
  0x00,0x95,0xAC,0x00,0x00,0x00,0x00,0x00,0x00,0x00,0x00,0x00,0x16,0x1C,0x10,0x08,
  0x03,0x81,0x84,0x00,0x00,0x00,0x00,0x00,0x00,0x00,0x00,0x00,0x78,0xFF,0xFF,0xFF,
  0xFF,0xFF,0xFF,0xF8,0xEE,0xDF,0xC9,0x57,0x00,0x00,0x00,0x00,0x6E,0x88,0x00,0x00,
  0x00,0x7C,0x84,0x00,0x00,0x00,0x98,0x6E,0x00,0x00,0x00,0x00,0x6C,0x88,0x00,0x00,
  0x00,0x7C,0x84,0x00,0x00,0x00,0x98,0x6C,0x00,0x00,0x00,0x00,0x6C,0x88,0x00,0x00,
  0x00,0x7C,0x84,0x00,0x00,0x00,0x98,0x6C,0x00,0x00,0x00,0x00,0x6C,0xFF,0xFF,0xFF,
  0xFF,0xFF,0xFF,0xFF,0xFF,0xFF,0xFF,0x6C,0x00,0x00,0x00,0x00,0x6C,0x88,0x00,0x00,
  0x00,0x7C,0x84,0x00,0x00,0x00,0x98,0x6C,0x00,0x00,0x00,0x00,0x6C,0x88,0x00,0x00,
  0x00,0x7C,0x84,0x00,0x00,0x00,0x98,0x6C,0x00,0x00,0x00,0x00,0x6F,0xFF,0xFF,0xFF,
  0xFF,0xFF,0xFF,0xFF,0xFF,0xFF,0xFF,0x70,0x00,0x00,0x00,0x00,0x7B,0x88,0x00,0x00,
  0x00,0x7C,0x84,0x00,0x00,0x00,0x98,0x81,0x04,0x00,0x00,0x00,0x45,0x41,0x00,0x00,
  0x00,0x7C,0x84,0x00,0x00,0x00,0x17,0x16,0x99,0x54,0x00,0x00,0x00,0x00,0x00,0x00,
  0x00,0x72,0xAA,0x0B,0x00,0x00,0x01,0x2E,0xF1,0x37,0x00,0x00,0x00,0x00,0x00,0x00,
  0x00,0x26,0xD2,0xFA,0xFF,0xFF,0xFF,0xE8,0x78,0x00,0x00,0x00,0x00,0x36,0xFF,0xFF,
  0xFF,0xFF,0xFF,0xFF,0xFF,0xFF,0xFF,0xFF,0x36,0x00,0x00,0x00,0x00,0x27,0xDC,0x00,
  0x00,0x00,0x00,0x00,0x00,0x00,0x00,0xDC,0x27,0x00,0x00,0x00,0x00,0x24,0xDC,0x00,
  0x00,0x00,0x00,0x00,0x00,0x00,0x00,0xDC,0x24,0x00,0x00,0x00,0x00,0x24,0xDC,0x00,
  0x00,0x00,0x00,0x00,0x00,0x00,0x00,0xDC,0x24,0x00,0x00,0x00,0x00,0x24,0xFF,0xFF,
  0xFF,0xFF,0xFF,0xFF,0xFF,0xFF,0xFF,0xFF,0x24,0x00,0x00,0x00,0x00,0x24,0xDC,0x00,
  0x00,0x00,0x00,0x00,0x00,0x00,0x00,0xDC,0x24,0x00,0x00,0x00,0x00,0x24,0xDC,0x00,
  0x00,0x00,0x00,0x00,0x00,0x00,0x00,0xDC,0x24,0x00,0x00,0x00,0x00,0x24,0xFF,0xFF,
  0xFF,0xFF,0xFF,0xFF,0xFF,0xFF,0xFF,0xFF,0x24,0x00,0x00,0x00,0x00,0x24,0xDC,0x00,
  0x00,0x00,0x00,0x00,0x00,0x00,0x00,0xDC,0x24,0x00,0x00,0x00,0x00,0x24,0xDC,0x00,
  0x00,0x00,0x00,0x00,0x00,0x00,0x00,0xDC,0x24,0x00,0x00,0x00,0x00,0x24,0xDC,0x00,
  0x00,0x00,0x00,0x00,0x00,0x00,0x00,0xDC,0x24,0x00,0x00,0x00,0x00,0x2A,0xFF,0xFF,
  0xFF,0xFF,0xFF,0xFF,0xFF,0xFF,0xFF,0xFF,0x25,0x00,0x00,0x00,0x00,0x39,0xDC,0x00,
  0x00,0x00,0x00,0x00,0x00,0x00,0x00,0xDC,0x2F,0x00,0x00,0x00,0x00,0x00,0x00,0x00,
  0x00,0x00,0x00,0x00,0x00,0x00,0x00,0x4F,0x16,0x00,0x00,0x00,0xDF,0xFF,0xFF,0xFF,
  0x68,0x92,0xFF,0xFF,0xFF,0xFF,0xFF,0xFF,0x95,0x00,0x00,0x00,0xD3,0x1C,0x00,0x78,
  0x60,0x88,0x60,0x00,0x00,0x00,0x00,0x5C,0x8C,0x00,0x00,0x00,0xD0,0x1C,0x00,0x78,
  0x60,0x88,0x60,0x00,0x00,0x00,0x00,0x5C,0x8C,0x00,0x00,0x00,0xD0,0xFF,0xFF,0xFF,
  0x60,0x88,0xFF,0xFF,0xFF,0xFF,0xFF,0xFF,0x9A,0x00,0x00,0x00,0xD0,0x7F,0x70,0xB3,
  0x60,0x88,0x60,0x00,0x00,0xDE,0x00,0x00,0x00,0x00,0x00,0x00,0xD0,0x1C,0x00,0x78,
  0x60,0x88,0x60,0x00,0x00,0xD9,0x01,0x00,0x00,0x00,0x00,0x00,0xD0,0x1C,0x00,0x78,
  0x60,0x88,0x60,0x00,0x00,0xC9,0x11,0x00,0x00,0x00,0x00,0x00,0xD0,0xFF,0xFF,0xFF,
  0x60,0x88,0xFF,0xFF,0xFF,0xFF,0xFF,0xFF,0xFF,0x80,0x00,0x00,0xD0,0x1C,0x00,0x78,
  0x60,0x88,0x60,0x00,0x00,0x96,0x4D,0x00,0x00,0x00,0x00,0x00,0xD0,0x1C,0x00,0x78,
  0x60,0x88,0x60,0x00,0x00,0x60,0x81,0x00,0x00,0x00,0x00,0x00,0xD2,0xFF,0xFF,0xFF,
  0x64,0x88,0x60,0x00,0x1C,0x1B,0xCC,0x00,0x00,0x00,0x00,0x00,0xDB,0x1C,0x00,0x78,
  0x6F,0x88,0x77,0x90,0xDD,0x18,0xAB,0x49,0x17,0x5D,0x00,0x00,0x70,0x0D,0x00,0x1A,
  0x3B,0xC4,0xE5,0x68,0x07,0x00,0x22,0xDD,0x90,0xAC,0x00,0x00,0x00,0x00,0x00,0x00,
  0x13,0x7D,0x0A,0x00,0x00,0x00,0x00,0x37,0xC3,0x36,0x00,0x00,0x12,0x05,0x01,0x00,
  0x00,0x00,0x00,0x00,0x00,0x00,0x00,0x00,0x00,0x00,0x00,0x00,0xE8,0xFF,0xFF,0xFF,
  0xFF,0xFF,0x7C,0xFF,0xFF,0xFF,0xFF,0xFF,0xFF,0x12,0x00,0x00,0x00,0x00,0x92,0x6D,
  0x05,0x0E,0x0E,0x3A,0x44,0x00,0x00,0x00,0xE6,0x00,0x00,0x00,0x00,0x00,0xBE,0x2C,
  0x00,0x00,0x00,0x75,0x89,0x00,0x00,0x15,0xD0,0x00,0x00,0x00,0x00,0x04,0xCC,0x00,
  0x00,0x00,0x00,0x83,0x5A,0x00,0x00,0x36,0xAE,0x00,0x00,0x00,0x00,0x43,0xFF,0xFF,
  0xFF,0xD7,0x00,0x9D,0x3D,0x00,0x00,0x57,0x8D,0x00,0x00,0x00,0x00,0xA5,0x94,0x00,
  0x04,0xD0,0x00,0xBF,0x24,0x00,0x00,0x78,0x6E,0x11,0x0B,0x00,0x27,0xFA,0x94,0x00,
  0x04,0xD0,0x00,0xDC,0xFC,0xFF,0xFF,0xFF,0xFF,0xFF,0x36,0x06,0xCA,0xA9,0x94,0x00,
  0x04,0xD0,0x00,0x00,0x00,0x00,0x00,0x00,0x00,0xCC,0x1F,0x12,0x82,0x4D,0x94,0x00,
  0x04,0xD0,0x11,0x0E,0x04,0x00,0x04,0x11,0x16,0xDB,0x09,0x00,0x00,0x4C,0x94,0x00,
  0x04,0xD0,0x94,0xFF,0xFF,0xFF,0xFF,0xFF,0x8C,0xE5,0x00,0x00,0x00,0x4C,0xFF,0xFF,
  0xFF,0xD0,0x10,0x0C,0x04,0x01,0x04,0x0C,0x2C,0xD0,0x00,0x00,0x00,0x53,0x94,0x00,
  0x04,0xD1,0x00,0x00,0x00,0x00,0x09,0x0F,0x8E,0x97,0x00,0x00,0x00,0x2E,0x4A,0x00,
  0x00,0x24,0x00,0x00,0x00,0x00,0xB4,0xE6,0xA9,0x16,0x00,0x00,0x00,0x00,0x00,0x00,
  0x00,0x00,0x00,0x00,0x57,0xA2,0x05,0x00,0x00,0x00,0x00,0x00,0x08,0x05,0x00,0x00,
  0x00,0x00,0x00,0x02,0xCD,0x54,0x00,0x00,0x00,0x00,0x00,0x00,0x70,0xFF,0xFF,0xFF,
  0xFF,0xFF,0x40,0x71,0xFF,0xFF,0xFF,0xFF,0x9C,0x00,0x00,0x00,0x00,0x00,0x55,0x84,
  0x05,0x12,0x4A,0xEC,0x2A,0x00,0x39,0x95,0x03,0x00,0x00,0x00,0x00,0x00,0x9D,0x0E,
  0x00,0x0F,0x90,0xC3,0xD0,0xF6,0xFF,0xF5,0xD3,0x94,0x08,0x00,0x00,0x5D,0xFE,0xEE,
  0xC9,0x55,0x18,0xCC,0x00,0x10,0xCC,0x00,0x00,0xED,0x02,0x00,0x52,0xF8,0xA8,0x00,
  0x48,0x97,0x18,0xCC,0x00,0x10,0xCC,0x00,0x00,0xE8,0x00,0x02,0xC1,0xC3,0xA8,0x00,
  0x48,0x94,0x18,0xFF,0xFF,0xFF,0xFF,0xFF,0xFF,0xF8,0x00,0x00,0x1B,0x4D,0xA8,0x00,
  0x48,0x94,0x18,0xC5,0x00,0x10,0xCC,0x00,0x00,0xE8,0x00,0x00,0x00,0x4C,0xA8,0x00,
  0x48,0x94,0x23,0xB9,0x00,0x10,0xCC,0x00,0x00,0xE8,0x00,0x00,0x00,0x4C,0xFF,0xFF,
  0xFF,0x94,0x36,0xFF,0xFF,0xFF,0xFF,0xFF,0xFF,0xF8,0x00,0x00,0x00,0x4C,0xA8,0x00,
  0x48,0x97,0x6A,0x80,0x00,0x00,0x00,0x00,0x00,0xE8,0x00,0x00,0x00,0x3A,0x70,0x00,
  0x17,0x33,0xC7,0x3C,0x00,0x00,0x00,0x00,0x00,0xE8,0x00,0x00,0x00,0x00,0x00,0x00,
  0x00,0x5E,0xCC,0x01,0x00,0x00,0x00,0x0C,0x1B,0xF0,0x00,0x00,0x00,0x00,0x00,0x00,
  0x00,0x79,0x3E,0x00,0x00,0x00,0x00,0xAE,0xF2,0x9D,0x00,0x00,0x00,0x18,0xFF,0xFF,
  0xFF,0xFF,0xFF,0xFF,0xFF,0xFF,0xFF,0xFF,0x88,0x00,0x00,0x00,0x00,0x02,0x17,0x0D,
  0x07,0x02,0x01,0x00,0x01,0x05,0x09,0x11,0x0E,0x00,0x00,0x00,0x00,0x00,0x00,0x00,
  0x00,0x00,0x00,0x00,0x00,0x00,0x00,0x00,0x00,0x00,0x00,0x00,0x17,0x0F,0x09,0x04,
  0x00,0x00,0x00,0x00,0x00,0x00,0x04,0x08,0x0D,0x17,0x0B,0x00,0xD0,0xFF,0xFF,0xFF,
  0xFF,0xFF,0xFF,0xFF,0xFF,0xFF,0xFF,0xFF,0xFF,0xFF,0x5C,0x00,0x16,0x12,0x0A,0x07,
  0x04,0x01,0x30,0xCC,0x01,0x02,0x04,0x07,0x0D,0x17,0x0A,0x00,0x00,0x00,0x00,0x24,
  0x09,0x00,0x30,0xCC,0x00,0x07,0x1A,0x00,0x00,0x00,0x00,0x00,0x00,0x00,0x00,0xC5,
  0xA7,0x00,0x30,0xCC,0x00,0x3C,0xD9,0x21,0x00,0x00,0x00,0x00,0x00,0x00,0x6F,0xC8,
  0x06,0x00,0x30,0xCC,0x00,0x00,0x4D,0xDB,0x1F,0x00,0x00,0x00,0x00,0x3C,0xE5,0x1E,
  0x00,0x00,0x30,0xCC,0x00,0x00,0x00,0x5C,0xDB,0x18,0x00,0x00,0x3B,0xEC,0x43,0x00,
  0x00,0x00,0x30,0xCC,0x00,0x00,0x00,0x00,0x87,0xD0,0x0E,0x14,0xD9,0x63,0x00,0x00,
  0x00,0x00,0x34,0xCC,0x00,0x00,0x00,0x00,0x03,0x73,0x06,0x00,0x0B,0x00,0x00,0x00,
  0x23,0x43,0x97,0xBA,0x00,0x00,0x00,0x00,0x00,0x00,0x00,0x00,0x00,0x00,0x00,0x00,
  0x18,0xFA,0xCF,0x3C,0x00,0x00,0x00,0x00,0x00,0x00,0x00,0x00,0x00,0x00,0x00,0xAC,
  0x5F,0x00,0x00,0x00,0x00,0x82,0x89,0x00,0x00,0x00,0x00,0x00,0x12,0x0A,0x00,0x9D,
  0x4A,0x0C,0x12,0x19,0x07,0x78,0x70,0x01,0x0D,0x10,0x00,0x00,0xA4,0xFF,0xFF,0xFF,
  0xFF,0xFF,0x90,0xFF,0xFF,0xFF,0xFF,0xFF,0xFF,0x88,0x00,0x00,0x17,0x10,0x10,0xDC,
  0xA4,0x23,0x14,0x19,0x13,0xD8,0xC7,0x16,0x11,0x11,0x00,0x00,0x00,0x04,0xA7,0xC4,
  0x74,0xCA,0x42,0x08,0xA8,0x98,0x8D,0xB8,0x29,0x00,0x00,0x00,0x11,0xB6,0x55,0x9D,
  0x48,0x1F,0x43,0xC0,0x45,0x74,0x70,0x1F,0xCF,0x7F,0x07,0x06,0xBF,0x5B,0x21,0xAD,
  0x53,0x08,0xBF,0x42,0x00,0x7F,0x86,0x1B,0x10,0x65,0x00,0x00,0x02,0x00,0xF4,0xFF,
  0xFF,0xFF,0xFF,0xFF,0xFF,0xFF,0xFF,0xD8,0x00,0x00,0x00,0x00,0x00,0x00,0x1F,0x11,
  0x09,0x03,0x00,0x02,0x04,0x0D,0x19,0x21,0x00,0x00,0x00,0x00,0x94,0xFF,0xFF,0xFF,
  0xFF,0xFF,0xFF,0xFF,0xFF,0xFF,0xFF,0xFF,0xFF,0x78,0x00,0x00,0x1B,0x22,0x16,0x0C,
  0x05,0x03,0x74,0x94,0x04,0x09,0x10,0x19,0x24,0x16,0x00,0x00,0x00,0x00,0x07,0x93,
  0x1E,0x00,0x74,0x94,0x00,0x55,0x7F,0x17,0x00,0x00,0x00,0x00,0x00,0x35,0xC9,0x90,
  0x13,0x00,0x74,0x94,0x00,0x1E,0x87,0xE5,0x94,0x19,0x00,0x00,0xA4,0xD3,0x3D,0x00,
  0x12,0x22,0x9E,0x8F,0x00,0x00,0x00,0x13,0x9E,0x32,0x00,0x00,0x13,0x03,0x00,0x00,
  0x14,0xF2,0xCB,0x38,0x00,0x00,0x00,0x00,0x00,0x00,0x00,0x00,0x00,0x00,0x00,0x00,
  0x00,0x00,0x00,0x00,0x00,0x9F,0x68,0x00,0x00,0x00,0x00,0x00,0x00,0x06,0x27,0x58,
  0x9A,0xC0,0x07,0x00,0x00,0xA4,0x4D,0x00,0x00,0x00,0x00,0x00,0x88,0xE0,0xD0,0xC9,
  0x51,0x37,0x07,0x00,0x00,0xA4,0x4C,0x1B,0x00,0x00,0x00,0x00,0x00,0x00,0x50,0xA0,
  0x00,0x00,0x00,0x58,0x1B,0xA4,0x4C,0xBE,0x55,0x00,0x00,0x00,0x11,0x04,0x50,0xA0,
  0x04,0x0F,0x08,0xEB,0x13,0xA4,0x4C,0x1D,0xE0,0x21,0x00,0x00,0xDC,0xFF,0xFF,0xFF,
  0xFF,0xFF,0x61,0xAD,0x00,0xA4,0x4C,0x00,0x5E,0xC2,0x01,0x00,0x0F,0x1B,0xEC,0xD4,
  0x15,0x11,0x97,0x61,0x00,0xA4,0x4C,0x00,0x00,0xAF,0x28,0x00,0x00,0x72,0xA2,0xBD,
  0xB8,0x1B,0xE7,0x0E,0x00,0xA4,0x4C,0x00,0x48,0x08,0x00,0x00,0x05,0xD5,0x59,0xA0,
  0x77,0xA8,0x3E,0x00,0x00,0xA4,0x4B,0x0D,0xF1,0x54,0x00,0x00,0x6E,0x9A,0x50,0xA0,
  0x08,0x89,0x03,0x22,0x5B,0xD9,0x36,0x7A,0x88,0x00,0x00,0x22,0xEA,0x1C,0x50,0xA0,
  0x00,0x00,0x00,0x1D,0x9B,0x5D,0x21,0xD3,0x0A,0x00,0x00,0x0F,0x65,0x00,0x50,0xA0,
  0x00,0x00,0x00,0x00,0x00,0x14,0xCD,0x3C,0x00,0x00,0x00,0x00,0x00,0x00,0x57,0xA4,
  0x00,0x00,0x00,0x00,0x49,0xDB,0x4B,0x00,0x00,0x00,0x00,0x00,0x00,0x00,0x64,0xAF,
  0x00,0x2E,0x70,0xCC,0xC6,0x30,0x00,0x00,0x00,0x00,0x00,0x00,0x00,0x00,0x39,0x5D,
  0x00,0x94,0xB1,0x4C,0x01,0x00,0x00,0x00,0x00,0x00,0x00,0x00,0x00,0x00,0x00,0x12,
  0x62,0x53,0x00,0x00,0x00,0x58,0xD6,0x01,0x03,0x25,0x00,0x00,0x64,0xB9,0xCB,0xE7,
  0x89,0x6A,0x5C,0x75,0x00,0x49,0xB0,0x00,0x62,0xDE,0x10,0x00,0x0E,0x15,0x2C,0xC4,
  0x00,0x00,0x06,0xC7,0x43,0x48,0xB0,0x22,0xDA,0x22,0x00,0x00,0x13,0x0A,0x2E,0xC4,
  0x05,0x10,0x0A,0x34,0x8C,0x48,0xB0,0x78,0x52,0x00,0x00,0x00,0xCA,0xEA,0xE5,0xF7,
  0xE4,0xF1,0x7F,0xF1,0xE2,0xE4,0xF3,0xDB,0xE5,0xB1,0x00,0x00,0x00,0x00,0x5F,0xC8,
  0x00,0x00,0x1A,0xE0,0x00,0x00,0x00,0x00,0x68,0xA9,0x00,0x00,0x00,0x00,0xCA,0xFF,
  0x6E,0x00,0x14,0xE0,0x00,0x00,0x00,0x00,0x68,0xA4,0x00,0x00,0x00,0x4A,0xC8,0xCF,
  0xCF,0x61,0x14,0xFF,0xFF,0xFF,0xFF,0xFF,0xFF,0xA4,0x00,0x00,0x04,0xD0,0x55,0xC4,
  0x27,0xE2,0x1D,0xE0,0x00,0x00,0x00,0x00,0x68,0xA4,0x00,0x00,0x78,0xA9,0x2C,0xC4,
  0x00,0x11,0x14,0xE0,0x00,0x00,0x00,0x00,0x68,0xA4,0x00,0x0D,0xBB,0x24,0x2C,0xC4,
  0x00,0x00,0x14,0xFF,0xFF,0xFF,0xFF,0xFF,0xFF,0xA4,0x00,0x00,0x00,0x00,0x2D,0xC5,
  0x00,0x00,0x14,0xE0,0x00,0x00,0x00,0x00,0x68,0xA4,0x00,0x00,0x00,0x00,0x33,0xCC,
  0x00,0x00,0x19,0xE0,0x00,0x00,0x14,0x22,0x8D,0x9F,0x00,0x00,0x00,0x00,0x43,0xDB,
  0x00,0x00,0x29,0xE0,0x00,0x00,0x0E,0xEF,0xCD,0x42,0x00,0x00,0x00,0x00,0x00,0x00,
  0x00,0x00,0x04,0x1B,0x35,0x56,0x82,0xBB,0xB6,0x03,0x00,0x00,0x07,0xC8,0xE5,0xD9,
  0xD2,0xC6,0xF9,0xCB,0x7D,0x62,0x48,0x37,0x31,0x05,0x00,0x00,0x00,0x00,0x00,0x00,
  0x00,0x89,0xD8,0x3C,0x00,0x00,0x00,0x00,0x00,0x00,0x00,0x00,0x00,0x00,0x00,0x02,
  0x94,0xB7,0x0F,0x00,0x00,0x00,0x51,0x06,0x00,0x00,0x00,0x00,0x00,0x00,0x30,0xB3,
  0xC6,0x4E,0x4F,0x52,0x59,0xB8,0xCD,0x59,0x00,0x00,0x00,0x00,0x00,0x00,0x78,0xA6,
  0x96,0x89,0x88,0xE6,0xDD,0x53,0x00,0x00,0x00,0x00,0x00,0x00,0x00,0x00,0x00,0x00,
  0x04,0x68,0xD8,0x77,0x07,0x01,0x36,0x00,0x00,0x00,0x00,0x00,0x00,0x00,0x07,0x65,
  0xCC,0x80,0x11,0x00,0x00,0x0E,0xC5,0x69,0x00,0x00,0x00,0x00,0x00,0x5C,0xFF,0xFF,
  0xFF,0xFF,0xFF,0xFF,0xF5,0xE7,0xD9,0xE7,0x5D,0x00,0x00,0x00,0x00,0x14,0x3C,0x26,
  0x18,0x0C,0x5A,0xB0,0x00,0x02,0x00,0x1E,0xDF,0x12,0x00,0x00,0x00,0x00,0x00,0x76,
  0x95,0x00,0x58,0xB0,0x00,0x65,0xAA,0x0E,0x09,0x00,0x00,0x00,0x00,0x00,0x4A,0xE3,
  0x3C,0x00,0x58,0xB0,0x00,0x01,0x78,0xD9,0x2A,0x00,0x00,0x00,0x00,0x65,0xDE,0x25,
  0x00,0x00,0x58,0xB0,0x00,0x00,0x00,0x4D,0xE7,0x47,0x00,0x00,0x66,0xE2,0x23,0x00,
  0x00,0x00,0x5D,0xB2,0x00,0x00,0x00,0x00,0x42,0x44,0x00,0x00,0x01,0x1B,0x00,0x00,
  0x00,0x00,0x6C,0xBD,0x00,0x00,0x00,0x00,0x00,0x00,0x00,0x00,0x00,0x00,0x6B,0x49,
  0x00,0x00,0x00,0x00,0x01,0xFA,0x27,0x00,0x00,0x00,0x00,0x00,0x00,0x0A,0xEB,0x3E,
  0x00,0x1B,0x10,0x06,0x01,0xEE,0x14,0x01,0x09,0x18,0x07,0x00,0x00,0x6A,0x8F,0x00,
  0x12,0xE0,0xFF,0xFF,0xFF,0xFF,0xFF,0xFF,0xFF,0xFF,0x30,0x00,0x08,0xCE,0x10,0x01,
  0xD6,0x66,0x10,0x06,0x02,0xEC,0x15,0x05,0x0D,0x1B,0x07,0x01,0x94,0x76,0x13,0x5C,
  0xAE,0x00,0x00,0x00,0x00,0xEC,0x14,0x00,0x00,0x00,0x00,0x0A,0xF3,0xFC,0xED,0xE9,
  0x14,0x00,0x00,0x00,0x00,0xEC,0x14,0x00,0x00,0x00,0x00,0x00,0x1E,0x02,0x68,0x55,
  0x00,0x8C,0xFF,0xFF,0xFF,0xFF,0xFF,0xFF,0xFF,0xBC,0x00,0x00,0x00,0x2A,0xA7,0x00,
  0x00,0x15,0x19,0x0A,0x03,0x00,0x02,0x08,0x16,0x1B,0x00,0x00,0x28,0xCE,0x45,0x61,
  0x87,0x00,0xEE,0xFF,0xFF,0xFF,0xFF,0xFF,0xFF,0x1E,0x00,0x00,0xAD,0xAC,0x86,0x67,
  0x41,0x00,0xE2,0x10,0x00,0x00,0x00,0x00,0xDC,0x12,0x00,0x00,0x00,0x00,0x00,0x00,
  0x15,0x10,0xE0,0x10,0x00,0x00,0x00,0x00,0xDC,0x10,0x00,0x03,0x65,0x7F,0xA6,0xD6,
  0xD4,0x3A,0xE1,0x10,0x00,0x00,0x00,0x00,0xDC,0x10,0x00,0x00,0x9B,0x8B,0x4A,0x10,
  0x00,0x00,0xEA,0xFF,0xFF,0xFF,0xFF,0xFF,0xFF,0x16,0x00,0x00,0x00,0x00,0x00,0x00,
  0x00,0x02,0xFC,0x10,0x00,0x00,0x00,0x00,0xDC,0x26,0x00,0x00,0x00,0x00,0x81,0x2E,
  0x00,0x00,0x00,0x77,0x84,0x00,0x00,0x00,0x00,0x00,0x00,0x00,0x00,0x21,0xE8,0x20,
  0x00,0x00,0x00,0xCC,0x30,0x00,0x01,0x03,0x08,0x00,0x00,0x00,0x00,0x83,0x62,0x00,
  0x00,0x00,0x3C,0xFF,0xFF,0xFF,0xFF,0xFF,0xC4,0x00,0x00,0x00,0x0B,0xC0,0x02,0x07,
  0x9A,0x17,0xCA,0x8E,0x00,0x00,0x00,0xBF,0x40,0x00,0x00,0x00,0x8E,0x54,0x0F,0x7D,
  0xDA,0xA6,0xA1,0xB1,0x3C,0x00,0x63,0x9E,0x00,0x00,0x00,0x25,0xFF,0xFA,0xEF,0xFC,
  0x36,0x45,0x0C,0x18,0xD0,0x79,0xCA,0x0B,0x00,0x00,0x00,0x00,0x2F,0x01,0x7D,0x8A,
  0x00,0x00,0x00,0x0A,0xA1,0xFD,0xA4,0x11,0x00,0x00,0x00,0x00,0x00,0x1D,0xD0,0x09,
  0x00,0x08,0x60,0xDE,0x9C,0x1A,0x93,0xEA,0x7E,0x27,0x00,0x00,0x01,0xB3,0x41,0x00,
  0x31,0xED,0xAC,0x31,0x00,0x00,0x00,0x30,0xB0,0xEC,0x12,0x00,0xA5,0xF3,0xCB,0xE7,
  0x9E,0x12,0x9F,0xFF,0xFF,0xFF,0xFF,0xFF,0x62,0x11,0x00,0x00,0x56,0x4B,0x21,0x02,
  0x00,0x00,0x98,0x60,0x00,0x00,0x00,0x98,0x60,0x00,0x00,0x00,0x00,0x00,0x03,0x31,
  0x6D,0x25,0x98,0x60,0x00,0x00,0x00,0x98,0x60,0x00,0x00,0x17,0xB9,0xD6,0xEB,0xBF,
  0x89,0x20,0x98,0xFF,0xFF,0xFF,0xFF,0xFF,0x60,0x00,0x00,0x00,0x6F,0x3A,0x05,0x00,
  0x00,0x00,0x98,0x60,0x00,0x00,0x00,0x82,0x57,0x00,0x00,0x00,0x00,0x00,0x00,0x00,
  0x00,0x00,0x9F,0x60,0x00,0x00,0x00,0x00,0x00,0x00,0x00,0x00,0x00,0x00,0x97,0x56,
  0x00,0x00,0x00,0x00,0x9E,0x63,0x00,0x00,0x00,0x00,0x00,0x00,0x00,0x1A,0xF2,0x27,
  0x00,0x19,0x0D,0x04,0x36,0xE8,0x14,0x04,0x0A,0x19,0x00,0x00,0x00,0x87,0x82,0x00,
  0x05,0xD4,0xFF,0xFF,0xFF,0xFF,0xFF,0xFF,0xFF,0xE4,0x00,0x00,0x11,0xD9,0x0B,0x15,
  0xD6,0x47,0x0F,0x08,0xD0,0x52,0x03,0x07,0x10,0x1C,0x00,0x00,0x88,0x65,0x00,0x8C,
  0xB9,0x01,0x00,0x63,0xB8,0x00,0x1E,0x19,0x00,0x00,0x00,0x2A,0xFF,0xFD,0xF3,0xF6,
  0x21,0x00,0x12,0xDE,0x20,0x00,0x54,0xC8,0x07,0x00,0x00,0x03,0x33,0x04,0x8D,0x7B,
  0x00,0x00,0xA0,0x67,0x00,0x00,0x00,0x85,0x93,0x00,0x00,0x00,0x00,0x21,0xD5,0x07,
  0x00,0xA1,0xD9,0xEF,0xFF,0xFF,0xFF,0xF8,0xF8,0x37,0x00,0x00,0x00,0xAC,0x4B,0x00,
  0x00,0x00,0x00,0xB8,0x4E,0x08,0xF4,0x00,0x5D,0x7C,0x00,0x00,0x79,0xF8,0xBD,0xD1,
  0xD5,0x00,0x00,0xC3,0x37,0x00,0xF4,0x00,0x00,0x00,0x00,0x00,0x4C,0x56,0x34,0x1C,
  0x04,0x00,0x00,0xE6,0x22,0x00,0xF4,0x00,0x00,0x00,0x00,0x00,0x00,0x00,0x00,0x00,
  0x0B,0x0B,0x44,0xF5,0x03,0x00,0xF4,0x00,0x00,0x00,0x00,0x17,0x63,0x74,0x78,0x87,
  0x93,0x6A,0xEB,0xA2,0x00,0x00,0xF4,0x0E,0x0C,0xB7,0x35,0x05,0x1A,0x00,0x00,0x00,
  0x68,0xFF,0xE6,0x15,0x00,0x00,0xB7,0xFA,0xF7,0xBA,0x0E,0x00,0x00,0x00,0x00,0x00,
  0x08,0xB9,0x22,0x00,0x00,0x00,0x00,0x00,0x00,0x00,0x00,0x00,0x00,0x02,0xC2,0x46,
  0x00,0x00,0x00,0x00,0x6E,0xC0,0x00,0x00,0x3C,0x07,0x00,0x00,0x00,0x49,0xE1,0x10,
  0x00,0x00,0x18,0x06,0x62,0x95,0x0F,0x0F,0xDF,0x75,0x00,0x00,0x00,0xB5,0x4E,0x26,
  0x6E,0x06,0xE0,0xFF,0xFF,0xFF,0xFF,0xAD,0xA8,0x00,0x00,0x00,0x3E,0xBD,0x00,0x7B,
  0xDE,0x1A,0x17,0x08,0x61,0x95,0x1D,0xD3,0x18,0x00,0x00,0x1A,0xE2,0x75,0x52,0xDC,
  0x41,0x1D,0x0B,0x04,0x60,0x94,0x9E,0x6C,0x0A,0x17,0x10,0x00,0x5F,0x28,0x9F,0x9B,
  0x3C,0xFF,0xFF,0xFF,0xFF,0xFF,0xFF,0xFF,0xFF,0xFF,0x70,0x00,0x00,0x1B,0xE9,0x16,
  0x0A,0x1E,0x0E,0x05,0x21,0xE1,0x2C,0x03,0x0C,0x1A,0x12,0x00,0x00,0x9B,0x77,0x00,
  0x00,0x00,0x03,0x16,0xD2,0x52,0x00,0x03,0x09,0x01,0x00,0x00,0x49,0xDF,0x11,0x28,
  0x3D,0x00,0x41,0xFF,0xFF,0xFF,0xFF,0xFF,0xFF,0x0A,0x00,0x02,0xE0,0xF1,0xD9,0xC3,
  0x8C,0x60,0xEF,0xDA,0x00,0x00,0x00,0x08,0xFF,0x04,0x00,0x00,0x1B,0x01,0x00,0x00,
  0x4A,0xCD,0x5F,0xFF,0xFF,0xFF,0xFF,0xFF,0xFF,0x04,0x00,0x00,0x00,0x00,0x09,0x68,
  0xE0,0x08,0x28,0xD8,0x00,0x00,0x00,0x08,0xFF,0x04,0x00,0x16,0x58,0x9C,0xEC,0xD3,
  0x58,0x01,0x28,0xD8,0x00,0x00,0x00,0x08,0xFF,0x04,0x00,0x18,0xEB,0x9C,0x3E,0x00,
  0x00,0x00,0x2A,0xFF,0xFF,0xFF,0xFF,0xFF,0xFF,0x09,0x00,0x00,0x02,0x00,0x00,0x00,
  0x00,0x00,0x35,0xD8,0x00,0x00,0x00,0x05,0xBC,0x10,0x00,0x00,0x00,0x00,0x1E,0x5D,
  0x07,0x00,0x00,0x00,0x51,0x97,0x00,0x00,0x00,0x00,0x00,0x00,0x00,0x00,0x85,0xB0,
  0x0A,0x08,0x26,0x0A,0x0D,0xE0,0x1B,0x00,0x0A,0x08,0x00,0x00,0x00,0x0A,0xDA,0x13,
  0x00,0x10,0xFF,0xFF,0xFF,0xFF,0xFF,0xFF,0xFF,0x49,0x00,0x00,0x00,0x78,0x6E,0x00,
  0x83,0x31,0xDC,0x00,0x00,0x00,0x00,0x00,0xA8,0x3F,0x00,0x00,0x37,0xD2,0x11,0x39,
  0xF1,0x35,0xFF,0xFF,0xFF,0xFF,0xFF,0xFF,0xFF,0x4E,0x00,0x00,0x8D,0xFF,0xF2,0xFB,
  0x64,0x10,0xD9,0x00,0x00,0x00,0x00,0x00,0x00,0x00,0x00,0x00,0x06,0x03,0x22,0xB1,
  0x00,0x19,0xCE,0x00,0x00,0x00,0x00,0x00,0x00,0x00,0x00,0x00,0x00,0x00,0x9E,0x1E,
  0x00,0x28,0xFE,0xFF,0xFF,0xFF,0xFF,0xFF,0xFF,0xF4,0x00,0x00,0x00,0x47,0x80,0x39,
  0x5C,0x46,0xE9,0x98,0x24,0xB0,0x1C,0xB8,0x00,0xE4,0x00,0x00,0x48,0xF1,0xFF,0xFF,
  0xFF,0x62,0xC9,0x98,0x24,0xB0,0x1C,0xB8,0x00,0xE4,0x00,0x00,0x2F,0x75,0x4A,0x2D,
  0x0E,0x93,0x9E,0xFF,0xFF,0xFF,0xFF,0xFF,0xFF,0xF4,0x00,0x00,0x00,0x00,0x00,0x24,
  0x44,0xCC,0x6B,0x98,0x27,0xB0,0x1F,0xB8,0x00,0xE4,0x00,0x00,0x87,0xBF,0xE7,0xCD,
  0x94,0xE8,0x4D,0x98,0x2E,0xB4,0x25,0xBC,0x00,0xE3,0x00,0x00,0x55,0x50,0x0D,0x00,
  0x2A,0x77,0x65,0x98,0x3A,0xBE,0x31,0xC8,0x35,0xA7,0x00,0x00,0x00,0xF8,0xFF,0xFF,
  0xFF,0xFF,0xFF,0xFF,0xFF,0xFF,0xFF,0xFF,0xFF,0x0D,0x00,0x00,0x00,0xED,0x1C,0x0A,
  0x00,0x25,0x38,0x05,0x00,0x00,0x32,0x0D,0xFF,0x01,0x00,0x00,0x00,0xE8,0x6D,0xA2,
  0x00,0x76,0xA0,0xA6,0x43,0x00,0xE3,0x49,0xFF,0x00,0x00,0x00,0x00,0xE8,0x20,0xD8,
  0x19,0xAA,0x41,0x3D,0xC8,0x2D,0xD1,0x04,0xFF,0x00,0x00,0x00,0x00,0xE8,0x1C,0x6E,
  0x85,0xDA,0x03,0x00,0xB9,0xB9,0x73,0x04,0xFF,0x00,0x00,0x00,0x00,0xE8,0x1C,0x0F,
  0xEE,0xA0,0x00,0x00,0x40,0xFE,0x1B,0x04,0xFF,0x00,0x00,0x00,0x00,0xE8,0x1C,0x00,
  0xB8,0x69,0x00,0x00,0x35,0xFF,0x31,0x04,0xFF,0x00,0x00,0x00,0x00,0xE8,0x1C,0x1C,
  0xF2,0xB5,0x00,0x00,0xA6,0xB5,0x9F,0x04,0xFF,0x00,0x00,0x00,0x00,0xE8,0x1C,0x94,
  0x7B,0xE1,0x19,0x25,0xDC,0x0E,0xE7,0x16,0xFF,0x00,0x00,0x00,0x00,0xE8,0x53,0xEA,
  0x0F,0x94,0x76,0xB7,0x6B,0x00,0x98,0x72,0xFF,0x00,0x00,0x00,0x00,0xE9,0x88,0x69,
  0x00,0x33,0x45,0x7D,0x07,0x00,0x29,0x3A,0xFF,0x00,0x00,0x00,0x00,0xF3,0x1C,0x00,
  0x00,0x00,0x00,0x00,0x00,0x00,0x00,0x2B,0xF4,0x00,0x00,0x00,0x0C,0xFF,0x1C,0x00,
  0x00,0x00,0x00,0x00,0x00,0x08,0xDB,0xDC,0x72,0x00,0x00,0x00,0x00,0xD6,0xFF,0xFF,
  0xFF,0xFF,0xFF,0xFF,0xFF,0xFF,0xFF,0xFF,0xA8,0x00,0x00,0x00,0x00,0xCD,0x24,0x00,
  0x38,0xAC,0x00,0x00,0xC4,0x18,0x00,0x54,0x99,0x00,0x00,0x00,0x00,0xD5,0xFF,0xFF,
  0xFF,0xFF,0xFF,0xFF,0xFF,0xFF,0xFF,0xFF,0xA2,0x00,0x00,0x00,0x16,0x17,0x0E,0x09,
  0x05,0x02,0xC4,0x33,0x00,0x02,0x06,0x0C,0x16,0x12,0x00,0x00,0xB0,0xFF,0xFF,0xFF,
  0xFF,0xFF,0xFF,0xFF,0xFF,0xFF,0xFF,0xFF,0xFF,0x90,0x00,0x00,0x15,0x14,0x0D,0x0A,
  0x06,0x22,0xD5,0x01,0x01,0x03,0x07,0x0D,0x15,0x12,0x00,0x00,0x00,0x00,0xBD,0xFF,
  0xFF,0xFF,0xFF,0xFF,0xFF,0xFF,0xFF,0xAB,0x00,0x00,0x00,0x00,0x00,0x00,0xB8,0xFF,
  0xFF,0xFF,0xFF,0xFF,0xFF,0xFF,0xFF,0xA8,0x00,0x00,0x00,0x00,0x00,0x00,0xB8,0x4C,
  0x00,0x00,0x00,0x00,0x00,0x00,0x5C,0xA8,0x00,0x00,0x00,0x00,0x00,0x00,0xB8,0xFF,
  0xFF,0xFF,0xFF,0xFF,0xFF,0xFF,0xFF,0xA8,0x00,0x00,0x00,0x00,0x00,0x00,0xB8,0xFF,
  0xFF,0xFF,0xFF,0xFF,0xFF,0xFF,0xFF,0xA8,0x00,0x00,0x00,0x00,0x00,0x00,0xB8,0x4C,
  0x00,0x00,0x00,0x00,0x00,0x00,0x5C,0xA8,0x00,0x00,0x00,0x04,0xFF,0xFF,0xFF,0xFF,
  0xFF,0xFF,0xFF,0xFF,0xFF,0xFF,0xFF,0xFF,0xFF,0xFC,0x00,0x00,0x00,0x00,0x44,0xC1,
  0x01,0x00,0x00,0x00,0x00,0x00,0x01,0x3C,0x4F,0x00,0x00,0x00,0x00,0x00,0x3B,0xD3,
  0x7A,0x80,0x3C,0x55,0x79,0xA7,0xCB,0xB6,0x92,0x06,0x00,0x03,0x8F,0xA9,0xBE,0xD6,
  0x4A,0x33,0x62,0x66,0x67,0xC0,0x00,0x00,0x00,0x00,0x00,0x00,0x14,0x0A,0x35,0xBC,
  0x06,0x10,0x00,0x00,0x30,0xC0,0x00,0x00,0x00,0x00,0x00,0x00,0x74,0xFF,0xFF,0xFF,
  0xFF,0xBC,0x03,0x0F,0x47,0xE7,0xAE,0xC6,0xE1,0x0B,0x00,0x00,0x0D,0x0B,0x35,0xBC,
  0x05,0x12,0xD4,0xB5,0xB0,0xC8,0x14,0x02,0x00,0x00,0x00,0x07,0x10,0x03,0x34,0xBC,
  0x04,0x10,0x05,0x00,0x30,0xC0,0x00,0x00,0x00,0x00,0x00,0x40,0xFF,0xFF,0xFF,0xFF,
  0xFF,0xFF,0x30,0x00,0x30,0xC2,0x18,0x30,0x4C,0x5C,0x00,0x07,0x10,0x05,0xC3,0xDB,
  0x13,0x23,0x99,0x98,0xB8,0xED,0xA8,0x96,0x88,0x70,0x00,0x00,0x00,0x4F,0xD4,0xDF,
  0xC0,0x18,0x49,0x2C,0x44,0xC0,0x00,0x00,0x00,0x00,0x00,0x00,0x0A,0xD6,0x5C,0xBC,
  0x63,0xC1,0x08,0x00,0x30,0xC0,0x00,0x00,0x00,0x00,0x00,0x00,0xA7,0x9D,0x34,0xBC,
  0x00,0x6E,0x06,0x00,0x30,0xC0,0x00,0x00,0x00,0x01,0x00,0x41,0xE5,0x10,0x35,0xBC,
  0x00,0x00,0x00,0x00,0x2E,0xD4,0x10,0x02,0x14,0xAC,0x41,0x00,0x19,0x00,0x3B,0xBF,
  0x00,0x00,0x00,0x00,0x0E,0xCA,0xF9,0xFE,0xF5,0xB6,0x0F,0x00,0x00,0x00,0x4F,0xD0,
  0x00,0x00,0x00,0x00,0x00,0x00,0x00,0x00,0x00,0x00,0x00,0x00,0x00,0x00,0x01,0xB1,
  0x4B,0x00,0x00,0x07,0x94,0x15,0x00,0x00,0x0C,0x00,0x00,0x00,0x00,0x00,0x6B,0xA9,
  0x2A,0x2E,0x00,0x00,0xE7,0x00,0x18,0x9D,0xD6,0x0B,0x00,0x00,0x00,0x31,0xC0,0x08,
  0x2A,0xD1,0x10,0x00,0xEC,0x99,0xC0,0x62,0x11,0x00,0x00,0x00,0x4C,0xDC,0x6D,0x63,
  0x6E,0xC0,0x9C,0x00,0xED,0x2E,0x00,0x00,0x45,0x0F,0x00,0x00,0xDB,0xFF,0xFF,0xFF,
  0xFF,0xFF,0xFC,0x1F,0xEB,0x1F,0x04,0x25,0xDC,0x57,0x00,0x00,0x6E,0xB1,0x60,0x34,
  0x2B,0x46,0xAA,0x31,0xA7,0xFA,0xFE,0xEE,0x9F,0x05,0x00,0x00,0x02,0xFF,0xFF,0xFF,
  0xFF,0xFF,0x5E,0x02,0x67,0x1B,0x00,0x00,0x00,0x00,0x00,0x00,0x00,0xE4,0x00,0x00,
  0x00,0x90,0x5C,0x00,0xF4,0x0B,0x00,0x00,0x19,0x00,0x00,0x00,0x00,0xFC,0xFF,0xFF,
  0xFF,0xFF,0x5C,0x00,0xE8,0x00,0x17,0xA7,0xEA,0x12,0x00,0x00,0x00,0xE4,0x00,0x00,
  0x00,0x90,0x5C,0x00,0xEB,0x8E,0xC5,0x6A,0x15,0x00,0x00,0x00,0x00,0xFC,0xFF,0xFF,
  0xFF,0xFF,0x5C,0x00,0xED,0x3F,0x00,0x00,0x00,0x00,0x00,0x00,0x00,0xE6,0x00,0x00,
  0x00,0x90,0x5C,0x00,0xE8,0x00,0x00,0x00,0x08,0x7C,0x00,0x00,0x09,0xE8,0x00,0x00,
  0x00,0x9B,0x58,0x00,0xE8,0x1B,0x01,0x0C,0x7E,0xC9,0x00,0x00,0x1B,0xE8,0x00,0x15,
  0xD6,0xBF,0x1B,0x00,0x92,0xF6,0xFE,0xF6,0xC6,0x30,0x00,0x00,0x00,0x00,0x00,0x00,
  0x00,0x73,0xAC,0x09,0x00,0x00,0x00,0x00,0x00,0x00,0x00,0x00,0x00,0x00,0x00,0x00,
  0x0C,0xD9,0x2A,0x00,0x00,0x00,0x00,0x00,0x00,0x00,0x00,0x00,0x00,0x24,0xAD,0xD4,
  0xF5,0xFF,0xFF,0xFF,0xFF,0xFB,0xE8,0xB6,0x23,0x00,0x00,0x00,0x00,0x36,0xDC,0x00,
  0x00,0x00,0x00,0x00,0x00,0x00,0x00,0xE8,0x33,0x00,0x00,0x00,0x00,0x2D,0xDC,0x00,
  0x00,0x00,0x00,0x00,0x00,0x00,0x00,0xE8,0x2C,0x00,0x00,0x00,0x00,0x2C,0xDC,0x00,
  0x00,0x00,0x00,0x00,0x00,0x00,0x00,0xE8,0x2C,0x00,0x00,0x00,0x00,0x2C,0xFF,0xFF,
  0xFF,0xFF,0xFF,0xFF,0xFF,0xFF,0xFF,0xFF,0x2C,0x00,0x00,0x00,0x00,0x2C,0xDC,0x00,
  0x00,0x00,0x00,0x00,0x00,0x00,0x00,0xE8,0x2C,0x00,0x00,0x00,0x00,0x2C,0xDC,0x00,
  0x00,0x00,0x00,0x00,0x00,0x00,0x00,0xE8,0x2C,0x00,0x00,0x00,0x00,0x2C,0xFF,0xFF,
  0xFF,0xFF,0xFF,0xFF,0xFF,0xFF,0xFF,0xFF,0x2C,0x00,0x00,0x00,0x00,0x2C,0xDC,0x00,
  0x00,0x00,0x00,0x00,0x00,0x00,0x00,0xE8,0x2C,0x00,0x00,0x00,0x00,0x2C,0xDC,0x00,
  0x00,0x00,0x00,0x00,0x00,0x00,0x00,0xE8,0x2C,0x00,0x00,0x00,0x00,0x2D,0xFF,0xFF,
  0xFF,0xFF,0xFF,0xFF,0xFF,0xFF,0xFF,0xFF,0x2E,0x00,0x00,0x00,0x00,0x32,0xDC,0x00,
  0x00,0x00,0x00,0x00,0x00,0x00,0x00,0xE8,0x3E,0x00,0x00,0x00,0x00,0x42,0xDC,0x00,
  0x00,0x00,0x00,0x00,0x00,0x00,0x00,0x00,0x00,0x00,0x00,0x00,0x00,0x00,0x00,0x00,
  0xDE,0x3C,0x00,0x00,0x58,0xB7,0x00,0x00,0x00,0x00,0x00,0x00,0x13,0x0D,0x05,0x02,
  0xD1,0x24,0x00,0x00,0x4C,0xA4,0x01,0x04,0x0D,0x12,0x00,0x00,0xC4,0xFF,0xFF,0xFF,
  0xFF,0xFF,0xFF,0xFF,0xFF,0xFF,0xFF,0xFF,0xFF,0xC0,0x00,0x00,0x13,0x0D,0x06,0x03,
  0xD0,0x24,0x00,0x00,0x4C,0xA4,0x01,0x05,0x0D,0x13,0x00,0x00,0x00,0x00,0x00,0x00,
  0xD0,0x24,0x00,0x00,0x4C,0xA4,0x00,0x00,0x00,0x00,0x00,0x00,0x00,0x00,0x00,0x00,
  0x09,0x01,0x0E,0x00,0x02,0x05,0x00,0x00,0x00,0x00,0x00,0x00,0x00,0x00,0x00,0x02,
  0x02,0x00,0xBF,0x6A,0x00,0x00,0x00,0x00,0x00,0x00,0x00,0x00,0x00,0x23,0x29,0x11,
  0xF4,0x17,0x12,0xC4,0x7D,0x00,0x00,0x06,0x00,0x00,0x00,0x00,0x00,0x84,0x86,0x08,
  0xE8,0x00,0x00,0x0D,0xD1,0x34,0x00,0xC0,0x33,0x00,0x00,0x00,0x00,0xC4,0x41,0x08,
  0xE8,0x00,0x00,0x00,0x0C,0x00,0x00,0x50,0xC9,0x01,0x00,0x00,0x21,0xE5,0x04,0x08,
  0xE8,0x00,0x00,0x00,0x00,0x00,0x00,0x00,0xBF,0x4F,0x00,0x00,0xA7,0x7C,0x00,0x08,
  0xE8,0x00,0x00,0x00,0x00,0x00,0x50,0x05,0x4C,0xCB,0x00,0x00,0x3F,0x12,0x00,0x06,
  0xF2,0x04,0x00,0x00,0x00,0x18,0xF1,0x14,0x02,0x27,0x00,0x00,0x00,0x00,0x00,0x00,
  0xCA,0xD7,0xB6,0xB1,0xB6,0xE4,0x72,0x00,0x00,0x00,0x00,0x00,0x00,0x00,0x00,0x00,
  0x00,0x12,0x24,0x2C,0x24,0x0E,0x00,0x00,0x00,0x00,0x00,0x00,0x00,0x00,0x00,0x00,
  0xF5,0x20,0x00,0x00,0x17,0xF6,0x0B,0x00,0x00,0x00,0x00,0x00,0x13,0x0E,0x05,0x02,
  0xE9,0x04,0x00,0x00,0x0A,0xE8,0x01,0x05,0x0D,0x14,0x00,0x00,0xBC,0xFF,0xFF,0xFF,
  0xFF,0xFF,0xFF,0xFF,0xFF,0xFF,0xFF,0xFF,0xFF,0xCC,0x00,0x00,0x13,0x0E,0x06,0x03,
  0xE2,0x04,0x81,0xB2,0x08,0xE8,0x03,0x06,0x0D,0x15,0x00,0x00,0x00,0x00,0x11,0x11,
  0x06,0x00,0x7A,0x85,0x05,0x0A,0x13,0x10,0x00,0x00,0x00,0x00,0x00,0x00,0x98,0xFF,
  0xFF,0xFF,0xFF,0xFF,0xFF,0xFF,0xFF,0x88,0x00,0x00,0x00,0x00,0x00,0x00,0x98,0x68,
  0x00,0x00,0x89,0x6A,0x00,0x00,0x78,0x88,0x00,0x00,0x00,0x00,0x12,0x09,0x98,0x68,
  0x00,0x00,0xB0,0x46,0x00,0x00,0x78,0x88,0x09,0x11,0x00,0x00,0xE0,0xFF,0xFF,0xFF,
  0xFF,0xFF,0xFF,0xFF,0xFF,0xFF,0xFF,0xFF,0xFF,0xD0,0x00,0x00,0x18,0x0E,0x07,0x04,
  0x01,0x5C,0xB5,0x36,0xAE,0x04,0x04,0x0A,0x13,0x18,0x00,0x00,0x00,0x00,0x00,0x00,
  0x39,0xE0,0x1C,0x00,0x74,0xA9,0x08,0x00,0x00,0x00,0x00,0x00,0x00,0x00,0x01,0x61,
  0xEC,0x42,0x00,0x00,0x00,0x7C,0xCB,0x29,0x00,0x00,0x00,0x00,0x0B,0x57,0xC8,0xDB,
  0x38,0x00,0x00,0x00,0x00,0x00,0x56,0xEA,0xA0,0x41,0x00,0x00,0x31,0xD3,0x75,0x0A,
  0x00,0x00,0x00,0x00,0x00,0x00,0x00,0x16,0x9C,0x6A,0x00,0x00,0x00,0x00,0x00,0x00,
  0x00,0x00,0x00,0x00,0x00,0x00,0x00,0x00,0x00,0x00,0x00,0x00,0x00,0x00,0x99,0x7F,
  0x00,0x00,0x00,0x00,0xB3,0x3D,0x00,0x00,0x00,0x00,0x00,0x00,0x00,0x00,0x96,0x58,
  0x00,0x00,0x00,0x33,0xD4,0x06,0x00,0x08,0x2B,0x0B,0x00,0x00,0x00,0x00,0x94,0x58,
  0x00,0x00,0x00,0xB1,0xFF,0xFF,0xFF,0xFF,0xAD,0x00,0x00,0x00,0xA1,0xFF,0xFF,0xFF,
  0xFF,0x54,0x72,0xD6,0xB0,0x05,0x0A,0xA2,0x15,0x00,0x00,0x00,0x9C,0x3C,0x94,0x58,
  0x80,0x61,0xA7,0x11,0x6E,0xC2,0xC2,0x28,0x00,0x00,0x00,0x00,0x9C,0x3C,0x94,0x58,
  0x80,0x4F,0x05,0x41,0x87,0xBF,0xB0,0xDF,0xA2,0x71,0x19,0x00,0x9C,0x3C,0x94,0x58,
  0x80,0x65,0x8E,0x4A,0x05,0x9D,0x4E,0x09,0x55,0x98,0x06,0x00,0x9D,0xFF,0xFF,0xFF,
  0xFF,0x50,0xC0,0xFF,0xFF,0xFF,0xFF,0xFF,0xFF,0x40,0x00,0x00,0xA4,0x3C,0x94,0x58,
  0x5C,0x3E,0x00,0x00,0x00,0x98,0x48,0x00,0x00,0x00,0x00,0x00,0x00,0x00,0x94,0x60,
  0x51,0x00,0x5C,0xFF,0xFF,0xFF,0xFF,0xFF,0xB4,0x00,0x00,0x00,0x00,0x00,0x94,0x5B,
  0xD5,0x15,0x00,0x00,0x00,0x98,0x48,0x00,0x00,0x00,0x00,0x00,0x00,0x00,0x94,0x9D,
  0xCA,0x74,0x00,0x00,0x00,0x98,0x48,0x00,0x00,0x00,0x00,0x25,0x8E,0xAC,0xB3,0x8A,
  0x62,0xDC,0xFF,0xFF,0xFF,0xFF,0xFF,0xFF,0xFF,0xEC,0x00,0x11,0x5B,0x0D,0x00,0x00,
  0x00,0x2A,0x00,0x00,0x00,0x9C,0x49,0x00,0x00,0x00,0x00,0x00,0x00,0x00,0x00,0x00,
  0x00,0x00,0x00,0x00,0x00,0xAA,0x54,0x00,0x00,0x00,0x00,0x00,0x00,0x00,0x00,0xA4,
  0x47,0x00,0x12,0x05,0x00,0x00,0x00,0x06,0x12,0x00,0x00,0x00,0x00,0x00,0x5A,0xCD,
  0x1D,0x00,0xF4,0xFF,0xFF,0xFF,0xFF,0xFF,0xE8,0x00,0x00,0x00,0x00,0x3D,0xCF,0x13,
  0x00,0x00,0x1A,0x0B,0x03,0x01,0x03,0x0C,0x1A,0x00,0x00,0x00,0x5F,0xDE,0x23,0x02,
  0x00,0x00,0x00,0x00,0x00,0x00,0x00,0x00,0x00,0x00,0x00,0x06,0x83,0x28,0x00,0x64,
  0xB3,0x15,0x09,0x02,0x00,0x00,0x00,0x01,0x07,0x11,0x0B,0x00,0x00,0x00,0x0F,0xD7,
  0x55,0xFF,0xFF,0xFF,0xFF,0xFF,0xFF,0xFF,0xFF,0xFF,0x60,0x00,0x00,0x01,0xA9,0x69,
  0x04,0x19,0x0C,0x06,0x02,0x01,0xE0,0x15,0x05,0x11,0x0C,0x00,0x01,0x96,0xFE,0x3C,
  0x00,0x00,0x00,0x00,0x00,0x00,0xE0,0x14,0x00,0x00,0x00,0x16,0xBB,0xAF,0xB8,0x3C,
  0x00,0x00,0x00,0x00,0x00,0x00,0xE0,0x14,0x00,0x00,0x00,0x04,0x6B,0x05,0xB4,0x3C,
  0x00,0x00,0x00,0x00,0x00,0x00,0xE0,0x14,0x00,0x00,0x00,0x00,0x00,0x00,0xB4,0x3C,
  0x00,0x00,0x00,0x00,0x00,0x00,0xE0,0x14,0x00,0x00,0x00,0x00,0x00,0x00,0xB4,0x3C,
  0x00,0x00,0x00,0x00,0x00,0x00,0xE0,0x14,0x00,0x00,0x00,0x00,0x00,0x00,0xB5,0x3C,
  0x00,0x00,0x00,0x00,0x00,0x00,0xE0,0x14,0x00,0x00,0x00,0x00,0x00,0x00,0xBB,0x3C,
  0x00,0x00,0x00,0x1E,0x47,0x58,0xF9,0x0C,0x00,0x00,0x00,0x00,0x00,0x00,0xCA,0x3C,
  0x00,0x00,0x00,0x08,0xD1,0xC2,0x76,0x00,0x00,0x00,0x00,0x00,0x00,0x00,0x00,0x00,
  0x03,0xB0,0x2D,0x00,0x00,0x00,0x00,0x00,0x00,0x00,0x00,0x00,0x00,0x00,0x00,0x00,
  0x72,0xFF,0xFF,0xFF,0xFF,0xF6,0xD4,0xA3,0x16,0x00,0x00,0x00,0x00,0x00,0x00,0x43,
  0x79,0x00,0x00,0x00,0x00,0x49,0xED,0x58,0x00,0x00,0x00,0x00,0x00,0x00,0x48,0x8E,
  0x00,0x00,0x00,0x00,0x4A,0xD8,0x2F,0x00,0x00,0x00,0x00,0x00,0x05,0x7F,0xCB,0xFF,
  0xFF,0xFF,0xFF,0xFF,0xFF,0xFF,0xFF,0xFF,0xFF,0x58,0x00,0x00,0x12,0x88,0x2A,0xE0,
  0x00,0x00,0x00,0x80,0x80,0x00,0x00,0x00,0xA4,0x50,0x00,0x00,0x00,0x00,0x18,0xE0,
  0x00,0x00,0x00,0x80,0x80,0x00,0x00,0x00,0xA4,0x50,0x00,0x00,0x00,0x00,0x18,0xFF,
  0xFF,0xFF,0xFF,0xFF,0xFF,0xFF,0xFF,0xFF,0xFF,0x50,0x00,0x00,0x00,0x00,0x1E,0xDF,
  0x00,0x00,0x00,0x80,0x80,0x00,0x00,0x00,0xA4,0x50,0x00,0x00,0x00,0x00,0x32,0xD6,
  0x00,0x00,0x00,0x80,0x80,0x00,0x00,0x00,0xA4,0x50,0x00,0x00,0x00,0x00,0x64,0xFF,
  0xFF,0xFF,0xFF,0xFF,0xFF,0xFF,0xFF,0xFF,0xFF,0x50,0x00,0x00,0x00,0x00,0xB4,0x84,
  0x00,0x00,0x00,0x00,0x00,0x00,0x00,0x00,0xA4,0x50,0x00,0x00,0x00,0x52,0xF6,0x20,
  0x00,0x00,0x00,0x00,0x00,0x05,0x0B,0x08,0xC1,0x48,0x00,0x00,0x0C,0xB8,0x5E,0x00,
  0x00,0x00,0x00,0x00,0x00,0x03,0xDB,0xEC,0xBA,0x0E,0x00,0x00,0x00,0x00,0xAD,0x5E,
  0x00,0x00,0x00,0x00,0x00,0x36,0xD0,0x0B,0x00,0x00,0x00,0x00,0x00,0x3F,0xEA,0x1A,
  0x08,0x20,0x06,0x00,0x00,0x2E,0xC4,0x00,0x00,0x00,0x00,0x00,0x0D,0xD7,0xFF,0xFF,
  0xFF,0x90,0x00,0x00,0x00,0x2C,0xC4,0x00,0x00,0x00,0x00,0x02,0xB4,0xB2,0x08,0x24,
  0x8E,0x04,0x00,0xBF,0xFF,0xFF,0xFF,0xFD,0xF5,0x5D,0x00,0x25,0xE2,0xFF,0xFF,0xFF,
  0xFA,0xDE,0x51,0xBC,0x24,0x2C,0xC4,0x00,0x80,0x64,0x00,0x00,0x34,0xA8,0x00,0xE0,
  0x08,0x78,0x62,0xBC,0x24,0x2C,0xC4,0x00,0x80,0x64,0x00,0x00,0x34,0xA8,0x00,0xE0,
  0x08,0x78,0x60,0xBC,0x24,0x2C,0xC4,0x00,0x80,0x64,0x00,0x00,0x34,0xFF,0xFF,0xFF,
  0xFF,0xFF,0x60,0xBC,0x24,0x2C,0xC4,0x00,0x80,0x64,0x00,0x00,0x34,0xA8,0x00,0xE0,
  0x08,0x78,0x60,0xBE,0xFF,0xFF,0xFF,0xFF,0xFF,0x64,0x00,0x00,0x34,0xA8,0x00,0xE0,
  0x08,0x78,0x60,0xC7,0x24,0x2C,0xC4,0x00,0x70,0x5A,0x00,0x00,0x3A,0xFF,0xFF,0xFF,
  0xFF,0xFF,0x60,0x00,0x00,0x2C,0xC4,0x04,0x37,0x00,0x00,0x00,0x51,0x9A,0x00,0x00,
  0x00,0x78,0x60,0x00,0x00,0x2C,0xC4,0x05,0xCF,0x1E,0x00,0x00,0x82,0x7D,0x00,0x00,
  0x00,0x78,0x60,0x00,0x00,0x2C,0xCC,0x37,0x9A,0x98,0x00,0x06,0xDE,0x3D,0x00,0x00,
  0x2A,0xA3,0x6D,0xCE,0xDF,0xD8,0xBC,0x9A,0x77,0xE2,0x10,0x27,0xB2,0x01,0x00,0x00,
  0x46,0x95,0x0F,0x31,0x08,0x00,0x00,0x00,0x00,0x77,0x2A,0x00,0x00,0x00,0x00,0x00,
  0x06,0xC2,0x51,0x00,0x00,0x00,0x00,0x00,0x00,0x00,0x00,0x00,0x00,0x00,0x00,0x00,
  0x00,0x29,0xD0,0x87,0x00,0x00,0x00,0x00,0x00,0x00,0x00,0x00,0xDC,0xFF,0xFF,0xFF,
  0xFF,0xFF,0xFF,0xFF,0xFF,0xFF,0xFF,0xFF,0xFF,0xD8,0x00,0x00,0x00,0x00,0x00,0x00,
  0x00,0x00,0x00,0x00,0x00,0x00,0x00,0x00,0x00,0x00,0x00,0x00,0x00,0x00,0x8C,0xFF,
  0xFF,0xFF,0xFF,0xFF,0xFF,0xFF,0xFF,0xBC,0x00,0x00,0x00,0x00,0x00,0x00,0x00,0x00,
  0x00,0x00,0x00,0x00,0x00,0x00,0x00,0x00,0x00,0x00,0x00,0x00,0x00,0x00,0x00,0x00,
  0x00,0x00,0x00,0x00,0x00,0x00,0x00,0x00,0x00,0x00,0x00,0x00,0x00,0x00,0x8C,0xFF,
  0xFF,0xFF,0xFF,0xFF,0xFF,0xFF,0xFF,0xBC,0x00,0x00,0x00,0x00,0x00,0x00,0x00,0x00,
  0x00,0x00,0x00,0x00,0x00,0x00,0x00,0x00,0x00,0x00,0x00,0x00,0x00,0x00,0x92,0xFF,
  0xFF,0xFF,0xFF,0xFF,0xFF,0xFF,0xFF,0xAD,0x00,0x00,0x00,0x00,0x00,0x00,0x8C,0x70,
  0x00,0x00,0x00,0x00,0x00,0x00,0x58,0xAC,0x00,0x00,0x00,0x00,0x00,0x00,0x8C,0x70,
  0x00,0x00,0x00,0x00,0x00,0x00,0x58,0xAC,0x00,0x00,0x00,0x00,0x00,0x00,0x8C,0xFF,
  0xFF,0xFF,0xFF,0xFF,0xFF,0xFF,0xFF,0xAC,0x00,0x00,0x00,0x00,0x00,0x00,0x8E,0x70,
  0x00,0x00,0x00,0x00,0x00,0x00,0x58,0xB6,0x00,0x00,0x00,0x00,0x00,0x00,0x9A,0x70,
  0x00,0x00,0x00,0x00,0x00,0x00,0x02,0x06,0x00,0x00,0x00,0x02,0x0F,0x03,0x55,0x90,
  0x1D,0xB7,0x04,0x0F,0x03,0xB1,0x3A,0x00,0x00,0x00,0x00,0x18,0xFF,0xFF,0xFF,0xFF,
  0xFF,0xFF,0xFF,0xFF,0x2C,0xD3,0x01,0x00,0x00,0x0B,0x00,0x00,0x00,0x19,0xB4,0x4A,
  0x18,0xAC,0x07,0x14,0x7A,0xFF,0xFF,0xFF,0xFF,0xFF,0x08,0x00,0x01,0xB3,0xFF,0xFF,
  0xFF,0xFF,0xFF,0x6E,0xD9,0x64,0x00,0x7A,0x5F,0x10,0x01,0x03,0x99,0xB3,0xFF,0xFF,
  0xFF,0x6D,0xAD,0x2E,0x2C,0x8A,0x6C,0xC4,0x0A,0x00,0x00,0x00,0x47,0x50,0x60,0x00,
  0x5C,0x6C,0xC7,0x03,0x00,0x3D,0xDD,0xAA,0x17,0x00,0x00,0x00,0x00,0x56,0xFF,0xFF,
  0xFF,0xFF,0xA1,0x11,0xBB,0x93,0x0C,0x3C,0xC4,0x8E,0x00,0x08,0x1B,0x11,0x09,0x04,
  0x00,0x00,0x60,0x4D,0x0F,0x00,0x03,0x08,0x10,0x28,0x08,0x3C,0xFF,0xFF,0xFF,0xFF,
  0xFF,0xFF,0xFF,0xFF,0xFF,0xFF,0xFF,0xFF,0xFF,0xFF,0x3C,0x08,0x1C,0x11,0xE9,0xFF,
  0xFF,0xFF,0xFF,0xFF,0xFF,0xFF,0xFF,0xE1,0x11,0x1C,0x08,0x00,0x00,0x00,0xDF,0xFF,
  0xFF,0xFF,0xFF,0xFF,0xFF,0xFF,0xFF,0xDE,0x00,0x00,0x00,0x00,0x00,0x00,0x17,0x10,
  0x07,0x04,0x01,0x01,0x04,0x07,0x10,0x17,0x00,0x00,0x00,0x00,0x00,0x02,0xF8,0xFF,
  0xFF,0xFF,0xFF,0xFF,0xFF,0xFF,0xFF,0xE4,0x00,0x00,0x00,0x00,0x00,0x00,0xEC,0xFF,
  0xFF,0xFF,0xFF,0xFF,0xFF,0xFF,0xFF,0xDC,0x00,0x00,0x00,0x00,0x00,0x04,0xF2,0x00,
  0x00,0x00,0x00,0x00,0x00,0x00,0x0C,0xE7,0x00,0x00,0x00,0x00,0x00,0x34,0xB6,0x0D,
  0x00,0x00,0x00,0x00,0x82,0xB0,0x00,0x00,0x00,0x00,0x00,0x00,0x00,0x01,0x8D,0xC6,
  0x0B,0x00,0x00,0x00,0x75,0xA0,0x00,0x00,0x00,0x00,0x00,0x00,0x00,0x00,0x00,0x9E,
  0x7C,0x00,0x00,0x00,0x67,0x9D,0x00,0x00,0x00,0x00,0x00,0x00,0x00,0x00,0x00,0x07,
  0x02,0x00,0x00,0x00,0x6E,0x8B,0x00,0x00,0x00,0x00,0x00,0x00,0x00,0x00,0x00,0x00,
  0x00,0x00,0x00,0x00,0x79,0x80,0x00,0x00,0x00,0x00,0x00,0x44,0xFF,0xFF,0xFF,0x3F,
  0x00,0x00,0x00,0x00,0x95,0xBE,0x00,0x00,0x00,0x00,0x00,0x0B,0x14,0x03,0xDC,0x1F,
  0x00,0x00,0x00,0x00,0xBD,0xCB,0x14,0x00,0x00,0x00,0x00,0x00,0x00,0x00,0xDC,0x1C,
  0x00,0x00,0x00,0x07,0xE0,0x55,0x6F,0x00,0x00,0x00,0x00,0x00,0x00,0x00,0xDC,0x1C,
  0x00,0x10,0x00,0x57,0xA4,0x0A,0xCF,0x03,0x00,0x00,0x00,0x00,0x00,0x00,0xDC,0x1C,
  0x7D,0x8D,0x00,0xB9,0x38,0x00,0x8F,0x65,0x00,0x00,0x00,0x00,0x00,0x00,0xDE,0x9C,
  0xB9,0x0A,0x4E,0xB9,0x00,0x00,0x1F,0xE2,0x15,0x00,0x00,0x00,0x00,0x14,0xF8,0xB0,
  0x06,0x19,0xDD,0x1F,0x00,0x00,0x00,0x81,0xB9,0x03,0x00,0x00,0x00,0x3A,0xAC,0x05,
  0x2B,0xDD,0x56,0x00,0x00,0x00,0x00,0x08,0xCB,0xA9,0x08,0x00,0x00,0x00,0x00,0x00,
  0x80,0x6F,0x00,0x00,0x00,0x00,0x00,0x00,0x1A,0x7A,0x03,0x00,0x00,0xA7,0x4D,0x00,
  0x00,0x00,0x00,0x00,0x00,0x00,0x00,0x00,0x00,0x00,0x00,0x00,0x00,0x2C,0xE3,0x49,
  0x00,0x00,0x9D,0xFF,0xFF,0xFF,0xFF,0xA5,0x00,0x00,0x00,0x00,0x00,0x00,0x33,0xEA,
  0x19,0x00,0x88,0x57,0x00,0x00,0x60,0x9C,0x00,0x00,0x00,0x00,0x00,0x00,0x00,0x25,
  0x00,0x00,0xA2,0x44,0x00,0x00,0x60,0x9C,0x00,0x00,0x00,0x05,0x03,0x00,0x00,0x00,
  0x00,0x07,0xE0,0x0E,0x00,0x00,0x5A,0xB5,0x0A,0x00,0x00,0x58,0xFF,0xFF,0xFF,0x1C,
  0x10,0xB3,0x8E,0x00,0x00,0x00,0x24,0xE2,0xFF,0xFD,0x31,0x0E,0x14,0x03,0xF7,0x03,
  0x3D,0x8A,0x04,0x00,0x00,0x00,0x00,0x00,0x01,0x02,0x00,0x00,0x00,0x00,0xF4,0x00,
  0x00,0xC0,0xFF,0xFF,0xFF,0xFF,0xFF,0xFF,0x85,0x00,0x00,0x00,0x00,0x00,0xF4,0x00,
  0x00,0x00,0x44,0x3E,0x00,0x00,0x04,0xDA,0x22,0x00,0x00,0x00,0x00,0x00,0xF4,0x00,
  0x04,0x00,0x22,0xBB,0x00,0x00,0x64,0x9C,0x00,0x00,0x00,0x00,0x00,0x00,0xF4,0x0F,
  0xC4,0x0E,0x00,0x8F,0x6B,0x2A,0xDB,0x14,0x00,0x00,0x00,0x00,0x00,0x00,0xF5,0xC2,
  0x71,0x00,0x00,0x06,0xCB,0xE6,0x40,0x00,0x00,0x00,0x00,0x00,0x00,0x08,0xFA,0x8E,
  0x00,0x00,0x03,0x67,0xE7,0xD9,0xA1,0x14,0x00,0x00,0x00,0x00,0x00,0xA6,0xAA,0x02,
  0x2B,0x76,0xDA,0xBA,0x21,0x07,0x8A,0xF0,0x9F,0x51,0x00,0x00,0x00,0x17,0x08,0x03,
  0xA6,0xAD,0x41,0x00,0x00,0x00,0x00,0x24,0x90,0x72,0x00,0x00,0x08,0xBB,0x22,0x00,
  0x04,0x18,0x0A,0x01,0x00,0x00,0x00,0x06,0x12,0x10,0x00,0x00,0x00,0x56,0xE0,0x2D,
  0x20,0xFF,0xFF,0xFF,0xFF,0xFF,0xFF,0xFF,0xFF,0x88,0x00,0x00,0x00,0x00,0x51,0xCD,
  0x05,0x15,0x0A,0x0A,0xE3,0x00,0x00,0x04,0x0F,0x0E,0x00,0x00,0x00,0x00,0x00,0x09,
  0x00,0x00,0x00,0x2A,0xC1,0x00,0x00,0x00,0x00,0x00,0x00,0x04,0x04,0x00,0x00,0x00,
  0x00,0xE4,0xFF,0xFF,0xFF,0xFF,0xFF,0xFF,0x61,0x00,0x00,0x3B,0xF2,0xFD,0xFD,0x0B,
  0x12,0x21,0x0B,0x81,0x67,0x00,0x00,0x9C,0x48,0x11,0x08,0x00,0x00,0x10,0xEC,0x00,
  0xB4,0xFF,0xFF,0xFF,0xFF,0xFF,0xFF,0xFF,0xFF,0xFF,0x44,0x00,0x00,0x10,0xE8,0x00,
  0x12,0x0C,0x06,0x02,0x00,0x01,0x02,0x06,0x0A,0x15,0x08,0x00,0x00,0x10,0xE8,0x00,
  0x00,0x00,0x00,0x00,0x00,0x00,0x00,0x00,0x00,0x00,0x00,0x00,0x00,0x10,0xE8,0x00,
  0x3B,0x41,0xFF,0xFF,0xFF,0xFF,0xFF,0xFF,0x79,0x00,0x00,0x00,0x00,0x10,0xE8,0x67,
  0xB7,0x3C,0xB0,0x00,0x00,0x00,0x00,0x78,0x78,0x00,0x00,0x00,0x00,0x26,0xFD,0xBA,
  0x09,0x3C,0xB0,0x00,0x00,0x00,0x00,0x78,0x78,0x00,0x00,0x00,0x00,0x89,0xC6,0x09,
  0x00,0x3D,0xFF,0xFF,0xFF,0xFF,0xFF,0xFF,0x78,0x00,0x00,0x00,0x00,0x27,0x1B,0x00,
  0x00,0x49,0xB0,0x00,0x00,0x00,0x00,0x78,0x7E,0x00,0x00,0x00,0x00,0x00,0x00,0x00,
  0x00,0x00,0x00,0x00,0x00,0x00,0x00,0x16,0x1A,0x00,0x00,0x00,0x35,0xB2,0x0C,0x00,
  0x00,0x00,0x00,0x00,0x00,0x00,0x00,0x00,0x00,0x00,0x00,0x00,0x01,0x87,0xCB,0x12,
  0x00,0xDB,0xFF,0xFF,0xFF,0xFF,0xFF,0xFF,0x9D,0x00,0x00,0x00,0x00,0x00,0x84,0x8C,
  0x00,0xD0,0x28,0x00,0x00,0x00,0x00,0x60,0x98,0x00,0x00,0x05,0x03,0x00,0x01,0x03,
  0x00,0xD0,0x28,0x00,0x00,0x00,0x00,0x60,0x98,0x00,0x00,0x64,0xFF,0xFF,0xD4,0x00,
  0x00,0xDB,0xFF,0xFF,0xFF,0xFF,0xFF,0xFF,0x9D,0x00,0x00,0x37,0x2B,0x50,0xB7,0x00,
  0x00,0x00,0x00,0x00,0x00,0x00,0x00,0x00,0x00,0x00,0x00,0x00,0x00,0x4C,0xB0,0x00,
  0x40,0xFF,0xFF,0xFF,0xFF,0xFF,0xFF,0xFF,0xFF,0x38,0x00,0x00,0x00,0x4C,0xB0,0x00,
  0x00,0x00,0x00,0x00,0xB6,0x37,0x00,0x00,0x00,0x00,0x00,0x00,0x00,0x4C,0xB0,0x00,
  0x00,0x00,0x00,0x00,0xCA,0x27,0x00,0x00,0x00,0x00,0x00,0x00,0x00,0x4C,0xB0,0x00,
  0xD0,0xFF,0xFF,0xFF,0xFF,0xFF,0xFF,0xFF,0xFF,0xA0,0x00,0x00,0x00,0x4C,0xB0,0x06,
  0x3D,0x00,0x00,0x48,0xD0,0xC6,0x08,0x00,0x00,0x00,0x00,0x00,0x00,0x5B,0xB8,0xB0,
  0x7D,0x00,0x0B,0xD2,0x4F,0x62,0xB2,0x07,0x00,0x00,0x00,0x00,0x00,0xA6,0xFF,0x77,
  0x00,0x15,0xBF,0x99,0x00,0x00,0x82,0xCD,0x2E,0x00,0x00,0x00,0x00,0x84,0x6E,0x03,
  0x64,0xE9,0x86,0x01,0x00,0x00,0x00,0x64,0xF2,0xAB,0x17,0x00,0x00,0x00,0x00,0x36,
  0xCC,0x43,0x00,0x00,0x00,0x00,0x00,0x00,0x1F,0x6C,0x00,0x00,0x0B,0x95,0x0C,0x00,
  0x00,0x00,0x00,0x00,0x40,0xDB,0x02,0x00,0x00,0x00,0x00,0x00,0x00,0x8A,0xC3,0x09,
  0x00,0xFF,0xFF,0xFF,0xFF,0xFF,0xFF,0xFF,0xFF,0x84,0x00,0x00,0x00,0x00,0x9D,0x8E,
  0x00,0x00,0x00,0x00,0x30,0xC4,0x00,0x00,0x00,0x00,0x00,0x00,0x00,0x00,0x07,0x16,
  0x00,0x54,0xFF,0xFF,0xFF,0xFF,0xFF,0xFF,0xEC,0x00,0x00,0x00,0x00,0x00,0x00,0x00,
  0x00,0x00,0x00,0x00,0x30,0xC4,0x00,0x00,0x00,0x00,0x00,0x2A,0xB7,0xB4,0xB8,0x06,
  0x74,0xFF,0xFF,0xFF,0xFF,0xFF,0xFF,0xFF,0xFF,0xFF,0x38,0x17,0x33,0x1E,0xE5,0x00,
  0x00,0x00,0x00,0x00,0x00,0x00,0x00,0x00,0x00,0x00,0x00,0x00,0x00,0x18,0xDC,0x00,
  0x00,0x44,0xFF,0xFF,0xFF,0xFF,0xFF,0xFF,0xDD,0x00,0x00,0x00,0x00,0x18,0xDC,0x00,
  0x00,0x37,0xC4,0x00,0x00,0x00,0x00,0x24,0xD5,0x00,0x00,0x00,0x00,0x18,0xDC,0x00,
  0x00,0x34,0xFF,0xFF,0xFF,0xFF,0xFF,0xFF,0xD4,0x00,0x00,0x00,0x00,0x18,0xDC,0x00,
  0x06,0x34,0xC4,0x00,0x00,0x00,0x00,0x24,0xD4,0x00,0x00,0x00,0x00,0x1A,0xDC,0x40,
  0xA0,0x34,0xFF,0xFF,0xFF,0xFF,0xFF,0xFF,0xD4,0x00,0x00,0x00,0x00,0x39,0xF5,0xDF,
  0x2F,0x34,0xC4,0x00,0x00,0x00,0x00,0x24,0xD4,0x00,0x00,0x00,0x00,0x95,0xE0,0x23,
  0x00,0x39,0xC4,0x00,0x00,0x00,0x1A,0x4F,0xCF,0x00,0x00,0x00,0x00,0x17,0x26,0x00,
  0x00,0x4C,0xC4,0x00,0x00,0x00,0x6B,0xE2,0x65,0x00,0x00,0x00,0x00,0x00,0x00,0x00,
  0x00,0x00,0x00,0x00,0x00,0x17,0x03,0x00,0x00,0x00,0x00,0x00,0x00,0x00,0xA7,0x82,
  0x00,0x00,0x00,0x00,0x00,0xBE,0x93,0x00,0x00,0x00,0x00,0x06,0x11,0x04,0xE7,0x21,
  0x05,0x12,0x0D,0x0E,0x02,0xE5,0x22,0x06,0x11,0x0C,0x00,0x30,0xFF,0xFF,0xFF,0xFF,
  0xFF,0xCC,0x80,0xFF,0xFF,0xFF,0xFF,0xFF,0xFF,0x6C,0x00,0x04,0x0B,0x6E,0x70,0x03,
  0x08,0x12,0x10,0x12,0x43,0xA9,0x02,0x08,0x13,0x0D,0x00,0x00,0x00,0xBC,0x31,0xBC,
  0x0E,0x00,0x00,0x00,0x82,0x64,0x00,0x00,0x00,0x00,0x00,0x00,0x26,0xC2,0x0D,0xDC,
  0x00,0x44,0xFF,0xFF,0xFF,0xFF,0xFF,0xFF,0xFF,0xFF,0x44,0x07,0xB8,0x6E,0x09,0xDC,
  0x07,0x1A,0x00,0x09,0xDE,0x01,0x00,0x00,0x00,0x00,0x00,0x0A,0xEF,0xFF,0xFF,0xFF,
  0xFF,0xF4,0x00,0x54,0x9C,0x00,0x00,0x00,0x09,0x0E,0x00,0x00,0x0B,0x06,0x09,0xDC,
  0x06,0x2B,0x00,0xC4,0xFF,0xFF,0xFF,0xFF,0xFF,0x96,0x00,0x00,0x00,0x00,0x08,0xF2,
  0xC9,0xDE,0x00,0x00,0x00,0x00,0x00,0x65,0xC8,0x10,0x00,0x13,0x6C,0x94,0xC5,0xF3,
  0x79,0x2B,0x00,0x04,0x00,0x00,0x3E,0xD7,0x13,0x00,0x00,0x0A,0xBF,0x6D,0x2B,0xDC,
  0x00,0x00,0x00,0x97,0xA9,0x33,0xDF,0x2C,0x00,0x00,0x00,0x00,0x00,0x00,0x0E,0xDE,
  0x00,0x00,0x00,0x0F,0xA2,0xFF,0x8B,0x00,0x00,0x00,0x00,0x00,0x00,0x00,0x18,0xE8,
  0x00,0x00,0x00,0x00,0x00,0x5A,0xF6,0x7F,0x01,0x00,0x00,0x00,0x00,0x00,0x1A,0xB4,
  0x00,0x00,0x00,0x00,0x00,0x00,0x3D,0xB7,0x07,0x00,0x00,0x00,0x00,0x00,0x00,0x19,
  0xF2,0x0D,0x00,0x00,0x88,0x9A,0x47,0x2C,0x00,0x00,0x00,0x00,0x07,0x0D,0x04,0x12,
  0xE0,0x02,0x09,0x0C,0x8C,0x80,0x31,0xD4,0x59,0x00,0x00,0x00,0x50,0xFF,0xFF,0xFF,
  0xFF,0xFF,0xFF,0x98,0x80,0x7C,0x00,0x17,0x77,0x00,0x00,0x0C,0x14,0x08,0x01,0x10,
  0xE0,0x03,0x0D,0x0D,0x72,0x80,0x03,0x08,0x10,0x15,0x00,0x60,0xFF,0xFF,0xFF,0xFF,
  0xFF,0xFF,0xFF,0xFF,0xFF,0xFF,0xFF,0xFF,0xFF,0xC0,0x00,0x0C,0x15,0x0A,0x27,0xED,
  0x26,0x00,0x00,0x00,0x53,0x95,0x03,0x1F,0x1D,0x16,0x00,0x00,0x74,0xFF,0xFF,0xFF,
  0xFF,0xFF,0xFF,0xFC,0x38,0xAE,0x00,0x7E,0xB5,0x00,0x00,0x00,0x00,0x06,0xD8,0x1B,
  0x7D,0x0F,0x00,0x00,0x17,0xD0,0x00,0xC1,0x37,0x00,0x00,0x00,0x00,0x7E,0x88,0x00,
  0xEA,0x07,0x14,0x1D,0x00,0xE6,0x32,0xCB,0x00,0x00,0x00,0x00,0x0D,0xF3,0xFF,0xFF,
  0xFF,0xFF,0xFF,0xAC,0x00,0xB5,0xD4,0x56,0x00,0x00,0x00,0x00,0x00,0x27,0x12,0x04,
  0xE8,0x00,0x00,0x02,0x01,0x78,0xD9,0x02,0x00,0x00,0x00,0x07,0x3C,0x43,0x54,0x6A,
  0xF3,0xA0,0xC2,0xDE,0x15,0xDF,0xE9,0x19,0x00,0x00,0x00,0x01,0xB2,0xA0,0x80,0x63,
  0xF2,0x2C,0x12,0x10,0xC6,0x6E,0x7B,0xA4,0x00,0x73,0x14,0x00,0x00,0x00,0x00,0x00,
  0xF3,0x01,0x39,0xDA,0x8E,0x00,0x06,0xCB,0x9D,0xF7,0x1B,0x00,0x00,0x00,0x00,0x01,
  0xCB,0x08,0x06,0x55,0x00,0x00,0x00,0x14,0xA5,0x70,0x00,0x00,0x00,0x00,0x31,0xC4,
  0x0F,0x00,0x00,0x00,0x00,0x00,0x00,0x00,0x00,0x00,0x00,0x05,0x0F,0x02,0x77,0x8E,
  0x01,0x07,0x0C,0xED,0xFF,0xFF,0xFF,0xFF,0xDF,0x00,0x00,0x2C,0xFF,0xFF,0xFF,0xFF,
  0xFF,0xFF,0x84,0xDF,0x1C,0x00,0x00,0x1C,0xD9,0x00,0x00,0x05,0x0F,0x0D,0xE4,0x05,
  0x04,0x0C,0x0D,0xE9,0xFF,0xFF,0xFF,0xFF,0xDF,0x00,0x00,0x00,0x00,0x50,0x97,0x26,
  0x0D,0x00,0x00,0x00,0x00,0x00,0x00,0x00,0x00,0x00,0x00,0x00,0x00,0xA6,0x36,0xC6,
  0x4A,0x3C,0xFF,0xFF,0xFF,0xFF,0xFF,0xFF,0xFF,0xFF,0x60,0x00,0x33,0xCD,0x00,0xBE,
  0x3F,0x15,0x06,0xD0,0x24,0x00,0x00,0x10,0xE0,0x04,0x07,0x00,0x8F,0xFF,0xFF,0xFF,
  0xFF,0xFF,0x24,0xD0,0xFF,0xFF,0xFF,0xFF,0xE0,0x00,0x00,0x00,0x16,0x18,0x06,0xBC,
  0x3D,0x0C,0x03,0xD0,0x24,0x00,0x00,0x10,0xE0,0x00,0x00,0x00,0x00,0x00,0x00,0xBC,
  0x3C,0x08,0x13,0xD0,0xFF,0xFF,0xFF,0xFF,0xE0,0x00,0x00,0x00,0x0D,0x52,0xB1,0xFC,
  0xCB,0xDF,0x43,0xD0,0x24,0x00,0x00,0x10,0xE0,0x00,0x00,0x33,0xFE,0xE1,0x9B,0xDA,
  0x53,0x00,0x00,0xD0,0x88,0x92,0xB2,0xD3,0xEE,0x8F,0x45,0x00,0x2F,0x00,0x00,0xC1,
  0x3E,0x3A,0xC4,0xF3,0xDD,0xBC,0x9A,0x81,0xEA,0x46,0x15,0x00,0x00,0x00,0x00,0xC7,
  0x43,0x12,0x46,0x0C,0x00,0x00,0x00,0x13,0xE1,0x00,0x00,0x00,0x00,0x00,0x00,0xD5,
  0x53,0x00,0x00,0x00,0x00,0x00,0x00,0x18,0xEA,0x00,0x00,0x00,0x00,0x00,0x00,0x00,
  0x00,0x00,0x00,0x00,0x00,0x00,0x00,0x00,0x00,0x00,0x00,0x00,0x00,0x13,0x00,0x00,
  0x00,0x00,0x00,0x00,0x00,0x00,0x51,0xDC,0x05,0x00,0x00,0x00,0x00,0xAB,0x60,0x00,
  0x00,0x00,0x00,0x00,0x00,0x00,0x48,0xB0,0x00,0x00,0x00,0x00,0x00,0x11,0xDA,0x30,
  0x00,0x00,0x00,0x00,0x00,0x00,0x48,0xB0,0x00,0x00,0x00,0x00,0x00,0x00,0x3E,0x32,
  0x7C,0xFF,0xFF,0xFF,0xFF,0xFF,0xFF,0xFF,0xFF,0xFF,0x08,0x08,0xFF,0xFF,0xFF,0xCC,
  0x01,0x1A,0x28,0x00,0x00,0x00,0x48,0xB0,0x00,0x00,0x00,0x00,0x0D,0x00,0xAD,0x41,
  0x00,0x5A,0xDC,0x10,0x00,0x00,0x48,0xB0,0x00,0x00,0x00,0x00,0x00,0x36,0xB4,0x00,
  0x00,0x00,0x94,0xAD,0x00,0x00,0x48,0xB0,0x00,0x00,0x00,0x00,0x05,0xC2,0x2C,0x00,
  0x00,0x00,0x0A,0xDE,0x5E,0x00,0x48,0xB0,0x00,0x00,0x00,0x00,0x65,0xFF,0xFF,0xD4,
  0x00,0x00,0x00,0x3E,0x33,0x00,0x48,0xB0,0x00,0x00,0x00,0x00,0x0A,0x0C,0x3B,0x83,
  0x00,0x00,0x00,0x00,0x00,0x00,0x48,0xB0,0x00,0x00,0x00,0x00,0x00,0x00,0x99,0x23,
  0x00,0x00,0x00,0x00,0x1D,0x19,0x72,0xA8,0x00,0x00,0x00,0x00,0x00,0x35,0xEB,0x42,
  0x00,0x00,0x00,0x00,0x5C,0xFF,0xDD,0x44,0x00,0x00,0x00,0x00,0x2E,0xD2,0x30,0x9E,
  0xBB,0x79,0x50,0x3B,0x35,0x37,0x39,0x45,0x55,0x65,0x04,0x04,0xB6,0x36,0x00,0x00,
  0x14,0x55,0x87,0xA2,0xB0,0xB5,0xB7,0xB6,0xB4,0x8A,0x00,0x00,0x00,0xAD,0x25,0x00,
  0x00,0x79,0xFC,0xF9,0xF3,0xE9,0xDA,0xC9,0xA7,0x1F,0x00,0x00,0x00,0x3E,0xD0,0x0B,
  0x00,0x66,0x90,0x00,0x00,0x00,0x00,0x00,0x00,0x00,0x00,0x00,0x00,0x00,0x7C,0x44,
  0x00,0x5E,0x90,0x00,0x00,0x00,0x00,0x00,0x00,0x00,0x00,0x00,0xEC,0xFF,0xFF,0xBD,
  0x00,0x5C,0xFF,0xFF,0xFF,0xFF,0xFF,0xFF,0xFF,0x1C,0x00,0x00,0x0B,0x00,0xBC,0x33,
  0x00,0x62,0x8D,0x7A,0x4C,0x00,0x00,0x19,0xC7,0x00,0x00,0x00,0x00,0x49,0xA5,0x00,
  0x00,0x69,0x86,0x23,0xA5,0x00,0x00,0x7A,0x5F,0x00,0x00,0x00,0x09,0xCD,0x20,0x00,
  0x00,0x85,0x6C,0x00,0xB8,0x25,0x1C,0xC7,0x05,0x00,0x00,0x00,0x77,0xFF,0xFF,0xC7,
  0x00,0xB0,0x44,0x00,0x30,0xC4,0xC6,0x39,0x00,0x00,0x00,0x00,0x0C,0x0A,0x49,0x7A,
  0x0A,0xEB,0x09,0x00,0x2C,0xE0,0xE0,0x2D,0x00,0x00,0x00,0x00,0x00,0x00,0xA2,0x20,
  0x7D,0xA4,0x08,0x79,0xE9,0x4D,0x50,0xEB,0x94,0x23,0x00,0x00,0x00,0x32,0xE6,0x29,
  0x9A,0x31,0x7C,0xBA,0x21,0x00,0x00,0x1D,0xA9,0x40,0x00,0x00,0x25,0xD5,0x4F,0xBA,
  0xA6,0x5F,0x37,0x22,0x19,0x19,0x21,0x2D,0x3E,0x4D,0x01,0x01,0xB0,0x46,0x00,0x00,
  0x29,0x6D,0x9A,0xB3,0xC1,0xC8,0xCB,0xC9,0xC6,0x8E,0x00,0x00,0x1A,0x20,0x00,0x00,
  0x00,0x00,0x00,0x5C,0xB4,0x0C,0x00,0x00,0x00,0x00,0x00,0x00,0x63,0xD2,0x0B,0x07,
  0x10,0x04,0x01,0xCA,0x37,0x00,0x00,0x01,0x0B,0x0F,0x00,0x00,0x00,0x9D,0x96,0x44,
  0xFF,0xFF,0xFF,0xFF,0xFF,0xFF,0xFF,0xFF,0xFF,0x9C,0x00,0x00,0x00,0x11,0xD4,0x1B,
  0x13,0x06,0xB2,0x3B,0x00,0x00,0x00,0x04,0x0D,0x10,0x00,0x05,0x0A,0x00,0x01,0x00,
  0x00,0x3A,0xB2,0x00,0x51,0xBA,0x01,0x00,0x00,0x00,0x00,0x34,0xFF,0xFF,0xE6,0x00,
  0x0E,0xD1,0x27,0x00,0x4D,0xA9,0x00,0x00,0x00,0x00,0x00,0x00,0x00,0x20,0xD9,0x00,
  0x80,0xFF,0xFF,0xFF,0xFF,0xFF,0xFF,0xFF,0xFF,0x0C,0x00,0x00,0x00,0x20,0xD8,0x00,
  0x19,0x36,0x12,0x03,0x4C,0xA8,0x03,0x07,0x12,0x01,0x00,0x00,0x00,0x20,0xD8,0x00,
  0x00,0x00,0x00,0x00,0x4C,0xA8,0x00,0x00,0x00,0x00,0x00,0x00,0x00,0x20,0xD8,0x08,
  0xFF,0xFF,0xFF,0xFF,0xFF,0xFF,0xFF,0xFF,0xFF,0xC0,0x00,0x00,0x00,0x20,0xD8,0x00,
  0x00,0x00,0x00,0x00,0x4C,0xA8,0x00,0x00,0x00,0x00,0x00,0x00,0x00,0x65,0xE9,0x1F,
  0x00,0x00,0x00,0x00,0x4C,0xA8,0x00,0x00,0x00,0x00,0x00,0x04,0x99,0xB8,0x69,0xD6,
  0x62,0x07,0x00,0x00,0x59,0xB0,0x00,0x00,0x00,0x00,0x00,0x1A,0xA1,0x06,0x00,0x10,
  0x87,0xBF,0xBF,0xBF,0xC0,0xC3,0xC9,0xD3,0xE1,0xF1,0x21,0x00,0x00,0x00,0x00,0x00,
  0x00,0x00,0x00,0x00,0x00,0x01,0x03,0x04,0x02,0x01,0x00,0x00,0x00,0x00,0x00,0x00,
  0x00,0x00,0x00,0x00,0x00,0x00,0x00,0x00,0x00,0x00,0x00,0x00,0x00,0x33,0x00,0x00,
  0x00,0x00,0x00,0x00,0x3B,0xDC,0x03,0x00,0x00,0x00,0x00,0x00,0x00,0xB3,0x70,0x00,
  0x00,0x1C,0xC4,0x0A,0x2A,0xC8,0x01,0x05,0x0F,0x06,0x00,0x00,0x00,0x14,0xE2,0x3A,
  0x00,0x7C,0xFF,0xFF,0xFF,0xFF,0xFF,0xFF,0xFF,0x3C,0x00,0x00,0x00,0x00,0x38,0x14,
  0x32,0xE2,0x0F,0x00,0x28,0xC8,0x06,0x0D,0x19,0x08,0x00,0x00,0xEC,0xFF,0xFF,0xBD,
  0x0A,0x25,0x00,0x00,0x28,0xC8,0x00,0x00,0x00,0x00,0x00,0x00,0x00,0x00,0xBC,0x33,
  0x10,0x0E,0x05,0x01,0x28,0xC8,0x00,0x03,0x0B,0x15,0x00,0x00,0x00,0x49,0xA5,0x00,
  0x94,0xFF,0xFF,0xFF,0xFF,0xFF,0xFF,0xFF,0xFF,0xC8,0x00,0x00,0x09,0xCD,0x20,0x00,
  0x10,0x0B,0x03,0xBD,0x2B,0x14,0xD8,0x01,0x09,0x17,0x00,0x00,0x77,0xFF,0xFF,0xCF,
  0x00,0x00,0x07,0xE2,0x07,0x14,0xD8,0x00,0x00,0x00,0x00,0x00,0x0C,0x0A,0x48,0x84,
  0x00,0x00,0x75,0x9C,0x00,0x14,0xD8,0x00,0x0A,0x52,0x00,0x00,0x00,0x00,0x9C,0x2A,
  0x02,0x6E,0xDF,0x13,0x00,0x13,0xE7,0x0A,0x57,0xCD,0x00,0x00,0x00,0x23,0xE6,0x23,
  0x4A,0xD3,0x22,0x00,0x00,0x04,0xCB,0xFB,0xE8,0x3D,0x00,0x00,0x10,0xCE,0x84,0xE4,
  0x99,0x4E,0x1F,0x08,0x00,0x00,0x05,0x11,0x22,0x34,0x01,0x01,0xAB,0x65,0x00,0x0B,
  0x64,0xAB,0xDA,0xF0,0xF9,0xFC,0xFF,0xFF,0xFF,0xC2,0x00,0x00,0x00,0x00,0x00,0x00,
  0x00,0x00,0x00,0x00,0x00,0x00,0x00,0x00,0x00,0x00,0x00,0x00,0x00,0x47,0x00,0x00,
  0x00,0x00,0x00,0x00,0x9A,0x9D,0x00,0x00,0x00,0x00,0x00,0x00,0x01,0xB5,0x6E,0x00,
  0x16,0x0D,0x03,0x00,0x8F,0x64,0x01,0x05,0x0E,0x12,0x00,0x00,0x00,0x14,0xE3,0x36,
  0xC4,0xFF,0xFF,0xFF,0xFF,0xFF,0xFF,0xFF,0xFF,0xBC,0x00,0x00,0x00,0x00,0x30,0x08,
  0x16,0x1B,0x09,0x01,0x8C,0x64,0x01,0x08,0x1A,0x15,0x00,0x14,0xFF,0xFF,0xFF,0x95,
  0x15,0xFF,0xFF,0xFF,0xFF,0xFF,0xFF,0xFF,0xFF,0x10,0x00,0x00,0x00,0x05,0xD0,0x17,
  0x09,0xE4,0x00,0x00,0x8C,0x64,0x00,0x00,0xEC,0x05,0x00,0x00,0x00,0x6D,0x7F,0x00,
  0x0A,0xE4,0x00,0x00,0x8C,0x64,0x00,0x00,0xEC,0x05,0x00,0x00,0x16,0xD3,0x0C,0x00,
  0x18,0xFF,0xFF,0xFF,0xFF,0xFF,0xFF,0xFF,0xFF,0x10,0x00,0x00,0x9C,0xFF,0xFF,0xAB,
  0x00,0x00,0x10,0xC8,0xAD,0xD8,0x5F,0x08,0x15,0x03,0x00,0x00,0x10,0x07,0x80,0x5E,
  0x00,0x0E,0xBB,0x3F,0x8C,0x67,0x9D,0xA6,0x0C,0x00,0x00,0x00,0x00,0x02,0xCA,0x0D,
  0x3A,0xCB,0x43,0x00,0x8F,0x65,0x00,0x8B,0xD7,0x1B,0x00,0x00,0x00,0x65,0xCE,0x25,
  0xA5,0x28,0x00,0x00,0x96,0x6A,0x00,0x00,0x52,0x02,0x00,0x00,0x48,0xDD,0x62,0xD5,
  0x93,0x50,0x27,0x11,0x96,0x6E,0x0C,0x17,0x27,0x3A,0x0A,0x09,0xBC,0x32,0x00,0x04,
  0x4D,0x8E,0xB9,0xD0,0xDF,0xE5,0xE7,0xE7,0xE4,0xCA,0x01,0x54,0xFF,0xFF,0xFF,0xFF,
  0xFF,0xFF,0xFC,0x62,0xBA,0xAE,0xAC,0xB1,0xC7,0x01,0x00,0x00,0x00,0x00,0xD0,0x20,
  0xB0,0x00,0x00,0x1E,0x17,0x01,0x00,0x00,0xEC,0x00,0x00,0x00,0x2F,0x0E,0xD0,0x20,
  0xB1,0x1B,0x24,0x00,0x00,0x00,0x00,0x00,0xEC,0x00,0x00,0x00,0xC2,0xFF,0xFF,0xFF,
  0xFF,0xFF,0x72,0x00,0x00,0x00,0x00,0x00,0xEC,0x00,0x00,0x00,0xBC,0x20,0xCF,0x20,
  0xB0,0x7C,0x6C,0x00,0x00,0x00,0x00,0x00,0xEC,0x00,0x00,0x00,0xBC,0x22,0xCF,0x20,
  0xB0,0x7C,0x6C,0x40,0xFA,0xFF,0xFF,0xFF,0xF6,0x00,0x00,0x00,0xBC,0x66,0xA2,0x1F,
  0xB0,0x7C,0x6C,0x3C,0xA8,0x00,0x00,0x00,0xF6,0x01,0x00,0x00,0xBC,0xC4,0x34,0x08,
  0xA8,0xB6,0x6C,0x3C,0xA8,0x00,0x00,0x00,0x32,0x01,0x00,0x00,0xBC,0x20,0x00,0x00,
  0x00,0x7C,0x6C,0x3C,0xA8,0x00,0x00,0x00,0x00,0x00,0x00,0x00,0xBC,0xFF,0xFF,0xFF,
  0xFF,0xFF,0x6C,0x3C,0xA8,0x00,0x00,0x00,0x00,0x01,0x00,0x00,0xBD,0x20,0x00,0x00,
  0x00,0x7C,0x6C,0x3B,0xAB,0x00,0x00,0x00,0x00,0xAD,0x1C,0x00,0xC3,0xFF,0xFF,0xFF,
  0xFF,0xFF,0x6E,0x31,0xE1,0x26,0x04,0x0A,0x6B,0xF6,0x10,0x00,0xD0,0x20,0x00,0x00,
  0x00,0x7C,0x7D,0x02,0x9E,0xF0,0xFE,0xFB,0xD9,0x53,0x00,0x00,0x00,0x00,0xE6,0xFF,
  0xFF,0xFF,0xFF,0xFF,0xFF,0xFF,0xFF,0xFF,0x07,0x00,0x00,0x00,0x00,0x00,0xDC,0xFF,
  0xFF,0xFF,0xFF,0xFF,0xFF,0xFF,0xFF,0xFF,0x04,0x00,0x00,0x00,0x00,0x00,0xDB,0x14,
  0x00,0x00,0x00,0x00,0x00,0x00,0x00,0xEC,0x06,0x00,0x00,0x00,0x00,0x00,0xE6,0xFF,
  0xFF,0xFF,0xFF,0xFF,0xFF,0xFF,0xFF,0xFF,0x0C,0x00,0x00,0x30,0xFF,0xFF,0xFF,0xFF,
  0xFF,0xFF,0xFF,0xFF,0xFF,0xFF,0xFF,0xFF,0xFF,0xFF,0x30,0x05,0x18,0x14,0xD2,0xEE,
  0xF8,0xFE,0xFF,0xFE,0xFA,0xF2,0xE6,0xD5,0x2F,0x1A,0x05,0x00,0x00,0x00,0xF1,0x00,
  0x00,0x00,0x64,0x88,0x00,0x00,0x00,0xD8,0x24,0x00,0x00,0x00,0x00,0x00,0xF9,0xFF,
  0xFF,0xFF,0xFF,0xFF,0xFF,0xFF,0xFF,0xFF,0x20,0x00,0x00,0x00,0x00,0x00,0xEE,0x00,
  0x00,0x00,0x64,0x88,0x00,0x00,0x00,0xD8,0x26,0x00,0x00,0x00,0x00,0x1F,0xFF,0xFF,
  0xFF,0xFF,0xFF,0xFF,0xFD,0xF9,0xEC,0xC8,0x32,0x00,0x00,0x00,0x00,0x9D,0xFF,0xFF,
  0xFF,0xFF,0xFF,0xFF,0xFF,0xFF,0xFF,0xFF,0xA4,0x00,0x00,0x00,0x1D,0x32,0x27,0x12,
  0x07,0x02,0x64,0x88,0x04,0x0A,0x14,0x27,0x31,0x1F,0x00,0x00,0xC4,0xFF,0xFF,0xFF,
  0xFF,0xFF,0xFF,0xFF,0xFF,0xFF,0xFF,0xFF,0xFF,0xD8,0x00,0x00,0x00,0x00,0x00,0x00,
  0x00,0x00,0x00,0x00,0x00,0x00,0x00,0x00,0x00,0x00,0x00,0x00,0x00,0x06,0xC5,0x13,
  0x00,0x00,0x00,0x68,0xB3,0x00,0x03,0xF8,0x17,0x00,0x00,0x00,0x00,0x57,0x68,0x00,
  0x00,0x02,0x0D,0x5E,0x98,0x00,0x00,0xE8,0x00,0x00,0x00,0x00,0x01,0xD1,0xFF,0xFF,
  0xFF,0x30,0xFF,0xFF,0xFF,0xFF,0xFF,0xFF,0xFF,0xE8,0x00,0x00,0x62,0x7E,0x00,0x00,
  0x00,0x00,0x00,0x5C,0x98,0x00,0x00,0xE8,0x00,0x00,0x00,0x21,0xE0,0x12,0x00,0x00,
  0x00,0x12,0x0A,0x5D,0x98,0x00,0x00,0xE8,0x00,0x00,0x00,0x10,0x59,0xF8,0xFF,0xFF,
  0xF8,0xA8,0xFF,0xFF,0xFF,0xFF,0xFF,0xFF,0xFF,0xFF,0x80,0x00,0x00,0x00,0xA4,0x40,
  0x00,0x10,0x0A,0x04,0x02,0x00,0x01,0x02,0x04,0x0A,0x0C,0x00,0x00,0x00,0xA4,0x40,
  0x00,0x00,0x7E,0xF9,0xFD,0xFF,0xFF,0xFC,0xF8,0x4E,0x00,0x00,0xE4,0xFF,0xFF,0xFF,
  0xFF,0x40,0x74,0x80,0x00,0x00,0x00,0x00,0xB4,0x48,0x00,0x00,0x00,0x00,0xA4,0x40,
  0x00,0x00,0x74,0x80,0x00,0x00,0x00,0x00,0xB4,0x48,0x00,0x00,0x00,0x00,0xA4,0x40,
  0x03,0x10,0x74,0xFF,0xFF,0xFF,0xFF,0xFF,0xFF,0x48,0x00,0x00,0x00,0x00,0xA5,0x4F,
  0xB3,0x5D,0x74,0x80,0x00,0x00,0x00,0x00,0xB4,0x48,0x00,0x00,0x00,0x00,0xC3,0xEC,
  0x65,0x00,0x75,0xFF,0xFF,0xFF,0xFF,0xFF,0xFF,0x48,0x00,0x00,0x00,0x0B,0xB9,0x2F,
  0x00,0x00,0x84,0x80,0x00,0x00,0x00,0x00,0xB4,0x57,0x00,0x00,0x00,0x00,0x00,0x00,
  0x00,0x00,0x00,0x00,0x00,0x00,0x00,0x00,0x00,0x00,0x00,0x00,0x00,0x17,0xC0,0x0F,
  0x00,0x00,0x00,0x00,0x00,0x1B,0xE0,0x00,0x00,0x00,0x00,0x00,0x00,0x69,0x5A,0x00,
  0x00,0x00,0x00,0x00,0x10,0x0E,0xD0,0x00,0x07,0x04,0x00,0x00,0x05,0xDA,0xFF,0xFF,
  0xCC,0xFF,0xFF,0x93,0xF0,0xFF,0xFF,0xFF,0xFF,0x38,0x00,0x00,0x78,0x5B,0x00,0x00,
  0x00,0x00,0xA8,0x1F,0x00,0x08,0xD0,0x00,0xB8,0x2B,0x00,0x3B,0xC4,0x01,0x00,0x08,
  0x0A,0x18,0x9D,0x84,0xFF,0xFF,0xFF,0xFF,0xFF,0xFF,0x48,0x03,0xB5,0xFF,0xFF,0xFF,
  0x64,0x7B,0x2E,0x08,0x14,0x0A,0xD0,0x00,0xB8,0x30,0x04,0x00,0x0D,0x38,0xBC,0x0A,
  0x20,0xEC,0xFF,0x69,0xFF,0xFF,0xFF,0xF8,0xC9,0x1E,0x00,0x00,0x0B,0x35,0xBC,0x00,
  0x41,0x0C,0x8D,0x55,0x1F,0x0C,0xD0,0x00,0x00,0x00,0x00,0x08,0xFF,0xFF,0xFF,0xFF,
  0xA0,0x07,0x95,0x5B,0xFF,0xFF,0xFF,0xFF,0xFF,0x5C,0x00,0x01,0x13,0x37,0xBC,0x08,
  0x4D,0x9A,0xB1,0x2F,0x13,0x0D,0xD0,0x04,0x0E,0x0A,0x00,0x00,0x00,0x34,0xBC,0x00,
  0x00,0xC1,0xEB,0x75,0xFF,0xFF,0xFF,0xFF,0xFF,0xE0,0x00,0x00,0x00,0x35,0xBC,0x2F,
  0x65,0x4F,0xE1,0x02,0x00,0x0C,0xD0,0x00,0x00,0x00,0x00,0x00,0x00,0x45,0xE2,0xCD,
  0x28,0xAC,0xBE,0x95,0x01,0x18,0xD8,0x00,0x00,0x00,0x00,0x00,0x00,0x8A,0xCB,0x15,
  0x4D,0xD5,0x05,0x99,0xCD,0x74,0x4B,0x3E,0x47,0x5B,0x32,0x00,0x00,0x0C,0x13,0x01,
  0xAD,0x43,0x00,0x00,0x28,0x6A,0x8B,0x9B,0xA1,0xA1,0x2C,0x00,0x00,0x00,0x00,0x00,
  0x00,0x00,0x00,0x00,0x00,0x00,0x00,0x00,0x00,0x00,0x00,0x00,0x00,0x00,0x00,0xF2,
  0x3C,0x00,0x00,0x00,0x00,0x00,0x42,0xA0,0x06,0x00,0x00,0x00,0x00,0x00,0x00,0xE7,
  0x10,0x00,0x00,0x00,0x00,0x32,0xEE,0x90,0x11,0x00,0x00,0x00,0x00,0x00,0x00,0xE4,
  0x10,0x00,0x00,0x00,0x36,0xEC,0x63,0x00,0x00,0x00,0x00,0x00,0x00,0x00,0x00,0xE4,
  0x10,0x00,0x00,0x51,0xEB,0x50,0x00,0x00,0x00,0x00,0x00,0x00,0x00,0x00,0x00,0xE4,
  0x10,0x04,0x86,0xE3,0x33,0x00,0x00,0x00,0x00,0x00,0x00,0x03,0x16,0x09,0x02,0xE4,
  0x10,0x1A,0x9D,0x19,0x00,0x00,0x00,0x03,0x0D,0x15,0x00,0x1C,0xFF,0xFF,0xFF,0xFF,
  0xFF,0xFF,0xFF,0xFF,0xFF,0xFF,0xFF,0xFF,0xFF,0xC0,0x00,0x03,0x19,0x09,0x02,0xE4,
  0x10,0x00,0x59,0x9E,0x00,0x00,0x03,0x06,0x0D,0x15,0x00,0x00,0x00,0x00,0x00,0xE4,
  0x10,0x00,0x01,0xCC,0x36,0x00,0x00,0x00,0x00,0x00,0x00,0x00,0x00,0x00,0x00,0xE4,
  0x10,0x00,0x00,0x3C,0xDC,0x1C,0x00,0x00,0x00,0x00,0x00,0x00,0x00,0x00,0x00,0xE4,
  0x10,0x00,0x00,0x00,0x7B,0xD7,0x16,0x00,0x00,0x00,0x00,0x00,0x00,0x00,0x00,0xE4,
  0x10,0x00,0x36,0x1F,0x02,0x9E,0xE5,0x45,0x00,0x00,0x00,0x00,0x00,0x00,0x00,0xE4,
  0x24,0x9B,0xF0,0x43,0x00,0x00,0x82,0xFD,0xA3,0x38,0x01,0x00,0x00,0x00,0x1E,0xFC,
  0xEC,0x91,0x14,0x00,0x00,0x00,0x00,0x35,0xBB,0xAC,0x01,0x00,0x00,0x00,0x1F,0xB9,
  0x28,0x00,0x00,0x00,0x00,0x00,0x00,0x00,0x00,0x06,0x00,0x00,0x00,0x15,0xC1,0x11,
  0x00,0x00,0x00,0x00,0x00,0x00,0x00,0x00,0x00,0x00,0x00,0x00,0x00,0x00,0x80,0xB5,
  0x01,0x88,0xFF,0xFF,0xFF,0xFF,0xFF,0xFF,0xFF,0x45,0x00,0x00,0x00,0x00,0x02,0xC0,
  0x4B,0x00,0x00,0x17,0x17,0x00,0x00,0x00,0xC4,0x38,0x00,0x00,0x30,0xB8,0x08,0x0C,
  0x00,0x00,0x00,0x30,0xE8,0x08,0x00,0x00,0xC4,0x38,0x00,0x00,0x30,0xC6,0x00,0x00,
  0x00,0x00,0x00,0x26,0xD4,0x00,0x00,0x00,0xC4,0x38,0x00,0x00,0x2C,0xC4,0x28,0xFF,
  0xFF,0xFF,0xFF,0xFF,0xFF,0xFF,0xFF,0xBC,0xC4,0x38,0x00,0x00,0x2C,0xC4,0x00,0x00,
  0x00,0x00,0x00,0x83,0xD4,0x00,0x00,0x00,0xC4,0x38,0x00,0x00,0x2C,0xC4,0x00,0x00,
  0x00,0x00,0x75,0xAB,0xD4,0x00,0x00,0x00,0xC4,0x38,0x00,0x00,0x2C,0xC4,0x00,0x00,
  0x0C,0x9C,0x94,0x25,0xD4,0x00,0x00,0x00,0xC4,0x38,0x00,0x00,0x2C,0xC4,0x00,0x51,
  0xDD,0x76,0x00,0x24,0xD4,0x00,0x00,0x00,0xC4,0x38,0x00,0x00,0x2C,0xC4,0x9F,0xDE,
  0x3F,0x00,0x00,0x24,0xD4,0x00,0x00,0x00,0xC4,0x38,0x00,0x00,0x2C,0xC4,0x14,0x0B,
  0x00,0x26,0x3A,0x6E,0xCB,0x00,0x00,0x00,0xC4,0x38,0x00,0x00,0x34,0xC4,0x00,0x00,
  0x00,0x2B,0xF0,0xC5,0x45,0x00,0x27,0x29,0xDE,0x34,0x00,0x00,0x4A,0xC4,0x00,0x00,
  0x00,0x00,0x00,0x00,0x00,0x00,0x7F,0xF0,0xAF,0x09,0x00,0x00,0x00,0x4B,0xA4,0x09,
  0x00,0x00,0x00,0x00,0x00,0x00,0x00,0x00,0x00,0x00,0x00,0x00,0x00,0x03,0x92,0xC8,
  0x11,0x00,0xEC,0xFF,0xFF,0xFF,0xFF,0xFF,0xFF,0x10,0x00,0x00,0x01,0x03,0x00,0x89,
  0x2C,0x00,0x00,0x00,0x00,0x00,0x00,0x00,0xEC,0x05,0x00,0x00,0x04,0xF3,0x28,0x00,
  0x00,0x00,0x00,0x00,0x00,0x00,0x00,0x00,0xEC,0x04,0x00,0x00,0x00,0xF3,0x00,0x2A,
  0xFF,0xFF,0xFF,0xFF,0xFF,0xFF,0x06,0x00,0xEC,0x04,0x00,0x00,0x00,0xEC,0x00,0x24,
  0xC4,0x00,0x00,0x00,0x00,0xEC,0x04,0x00,0xEC,0x04,0x00,0x00,0x00,0xEC,0x00,0x24,
  0xC4,0x00,0x00,0x00,0x00,0xEC,0x04,0x00,0xEC,0x04,0x00,0x00,0x00,0xEC,0x00,0x24,
  0xC4,0x00,0x00,0x00,0x00,0xEC,0x04,0x00,0xEC,0x04,0x00,0x00,0x00,0xEC,0x00,0x24,
  0xFF,0xFF,0xFF,0xFF,0xFF,0xFF,0x04,0x00,0xEC,0x04,0x00,0x00,0x00,0xEC,0x00,0x24,
  0xC4,0x00,0x00,0x00,0x00,0xEC,0x04,0x00,0xEC,0x04,0x00,0x00,0x00,0xEC,0x00,0x24,
  0xC4,0x00,0x00,0x00,0x00,0xEC,0x04,0x00,0xEC,0x04,0x00,0x00,0x00,0xEC,0x00,0x29,
  0xFF,0xFF,0xFF,0xFF,0xFF,0xFF,0x07,0x00,0xEC,0x04,0x00,0x00,0x00,0xEC,0x00,0x00,
  0x00,0x00,0x00,0x00,0x00,0x00,0x00,0x00,0xEC,0x04,0x00,0x00,0x02,0xF3,0x00,0x00,
  0x00,0x00,0x00,0x00,0x00,0x00,0x1F,0x26,0xF0,0x00,0x00,0x00,0x15,0xF4,0x00,0x00,
  0x00,0x00,0x00,0x00,0x00,0x00,0x7C,0xF0,0x88,0x00,0x00,0x00,0xCF,0xFF,0xFF,0xFF,
  0xA6,0x69,0xE8,0xDB,0xD5,0xD6,0xDC,0xEA,0x4D,0x00,0x00,0x00,0xC0,0x36,0x08,0x94,
  0x5C,0x5E,0x90,0x00,0x00,0x00,0x00,0xA4,0x48,0x00,0x00,0x00,0xBC,0x30,0x00,0xD8,
  0x11,0x5C,0x90,0x00,0x00,0x00,0x00,0xA4,0x48,0x00,0x00,0x00,0xBC,0x30,0x32,0xB6,
  0x00,0x5C,0xFF,0xFF,0xFF,0xFF,0xFF,0xFF,0x48,0x00,0x00,0x00,0xBC,0x30,0x93,0x5B,
  0x00,0x5C,0x90,0x00,0x00,0x00,0x00,0xA4,0x48,0x00,0x00,0x00,0xBC,0x30,0xB3,0x73,
  0x00,0x5C,0x90,0x00,0x00,0x00,0x00,0xA4,0x4A,0x00,0x00,0x00,0xBC,0x30,0x0E,0xDE,
  0x31,0x5C,0xFF,0xFF,0xFF,0xFF,0xFF,0xFF,0x57,0x00,0x00,0x00,0xBC,0x30,0x00,0x65,
  0x98,0x5C,0x90,0x00,0xB2,0x3E,0x00,0x09,0xB4,0x57,0x00,0x00,0xBC,0x30,0x00,0x2F,
  0xC2,0x5C,0x90,0x00,0x57,0xB1,0x2C,0xCC,0x8D,0x18,0x00,0x00,0xBC,0x35,0x22,0x92,
  0xA3,0x5C,0x90,0x00,0x04,0xD8,0xD8,0x36,0x00,0x00,0x00,0x00,0xBC,0x38,0xE8,0xBC,
  0x1E,0x5C,0x90,0x00,0x00,0x46,0xE4,0x24,0x00,0x00,0x00,0x00,0xC0,0x30,0x06,0x00,
  0x00,0x5C,0x90,0x31,0xB4,0x71,0x5B,0xEA,0x53,0x00,0x00,0x00,0xC7,0x33,0x00,0x00,
  0x00,0x70,0xEB,0xCC,0x4F,0x00,0x00,0x57,0xF4,0x85,0x00,0x00,0xD8,0x41,0x00,0x00,
  0x09,0xB5,0x53,0x00,0x00,0x00,0x00,0x00,0x22,0x0B,0x00,0x00,0x00,0x00,0x00,0x00,
  0x00,0x00,0x00,0x3B,0x9E,0x00,0x00,0x00,0x00,0x00,0x00,0x00,0xDE,0xFF,0xFF,0xFF,
  0x5D,0x00,0x00,0x05,0xC1,0x57,0x00,0x00,0x00,0x00,0x00,0x00,0xD1,0x24,0x00,0xCC,
  0x4D,0xFF,0xFF,0xFF,0xFF,0xFF,0xFF,0xFF,0xFF,0x4C,0x00,0x00,0xCC,0x24,0x3A,0x96,
  0x16,0x0B,0x21,0xCF,0x07,0x20,0xAF,0x1E,0x09,0x12,0x00,0x00,0xCC,0x24,0xA1,0x36,
  0xF0,0xFF,0xFF,0xFF,0xFF,0xFF,0xFF,0xFF,0xFF,0xD8,0x00,0x00,0xCC,0x3F,0xD7,0x00,
  0x19,0x21,0x18,0x0A,0x02,0x03,0x0B,0x1A,0x21,0x17,0x00,0x00,0xCC,0x3C,0xCD,0x61,
  0x00,0x8E,0xFF,0xFF,0xFF,0xFF,0xFF,0xFF,0x7F,0x00,0x00,0x00,0xCC,0x24,0x15,0xDC,
  0x1E,0x7E,0xFF,0xFF,0xFF,0xFF,0xFF,0xFF,0x75,0x00,0x00,0x00,0xCC,0x24,0x00,0x77,
  0x7A,0x7C,0x7C,0x00,0x00,0x00,0x00,0x7C,0x77,0x00,0x00,0x00,0xCC,0x24,0x00,0x61,
  0x91,0x8A,0xFF,0xFF,0xFF,0xFF,0xFF,0xFF,0x82,0x00,0x00,0x00,0xCC,0x51,0x74,0xDF,
  0x51,0x27,0x22,0x0E,0x72,0x89,0x09,0x15,0x13,0x00,0x00,0x00,0xCC,0x46,0xAF,0x52,
  0xA8,0xFF,0xFF,0xFF,0xFF,0xFF,0xFF,0xFF,0xFF,0xF0,0x00,0x00,0xD0,0x25,0x00,0x00,
  0x00,0x00,0x00,0x00,0x70,0x88,0x00,0x00,0x00,0x00,0x00,0x00,0xD8,0x2B,0x00,0x00,
  0x00,0x00,0x00,0x00,0x75,0x8A,0x00,0x00,0x00,0x00,0x00,0x00,0xC5,0x30,0x00,0x00,
  0x00,0x00,0x00,0x00,0x7E,0x95,0x00,0x00,0x00,0x00,0x00,0x00,0x00,0x00,0x00,0x00,
  0x00,0x9D,0xAC,0x3D,0x00,0x00,0x00,0x00,0x00,0x00,0x00,0x00,0x00,0x15,0x0D,0x05,
  0x02,0x02,0x4E,0xA7,0x04,0x02,0x05,0x0D,0x15,0x00,0x00,0x00,0x00,0xDC,0xFF,0xFF,
  0xFF,0xFF,0xFF,0xFF,0xFF,0xFF,0xFF,0xFF,0xDC,0x00,0x00,0x00,0x00,0x19,0x11,0x9E,
  0x7D,0x02,0x01,0x00,0x02,0x9C,0x81,0x11,0x19,0x00,0x00,0x00,0x00,0x00,0x00,0x16,
  0xE0,0x52,0x00,0x00,0x19,0xE6,0x23,0x00,0x00,0x00,0x00,0x03,0x18,0x0B,0x04,0x01,
  0x30,0x2A,0x00,0x00,0xA0,0x60,0x00,0x03,0x0A,0x18,0x03,0x1C,0xFF,0xFF,0xFF,0xFF,
  0xFF,0xFF,0xFF,0xFF,0xFF,0xFF,0xFF,0xFF,0xFF,0xFF,0x1C,0x03,0x19,0x0C,0x4E,0x4B,
  0x23,0x0C,0x03,0x02,0x08,0x1A,0x3F,0x45,0x0D,0x1A,0x03,0x00,0x00,0x00,0x86,0xFF,
  0xFF,0xFF,0xFF,0xFF,0xFF,0xFF,0xFF,0x80,0x00,0x00,0x00,0x00,0x00,0x00,0x84,0x78,
  0x00,0x00,0x00,0x00,0x00,0x00,0x84,0x80,0x00,0x00,0x00,0x00,0x00,0x00,0x84,0xFF,
  0xFF,0xFF,0xFF,0xFF,0xFF,0xFF,0xFF,0x80,0x00,0x00,0x00,0x00,0x00,0x00,0x84,0x78,
  0x00,0x00,0x00,0x00,0x00,0x00,0x84,0x80,0x00,0x00,0x00,0x00,0x00,0x00,0x85,0x78,
  0x00,0x00,0x00,0x00,0x00,0x00,0x84,0x80,0x00,0x00,0x00,0x00,0x00,0x00,0x93,0xFF,
  0xFF,0xFF,0xFF,0xFF,0xFF,0xFF,0xFF,0x81,0x00,0x00,0x00,0x00,0x00,0x00,0x00,0x00,
  0x00,0x00,0x00,0x00,0x00,0x00,0x54,0x5C,0x00,0x00,0x00,0x00,0x0B,0x03,0x00,0x00,
  0x00,0x00,0x00,0x00,0x00,0x00,0x00,0x00,0x00,0x00,0x00,0x00,0xBC,0xFF,0xFF,0xFF,
  0xFF,0xA3,0xF1,0xE3,0xDC,0xDC,0xDC,0xDE,0xE7,0xF2,0x00,0x00,0x00,0x00,0xA4,0x5C,
  0x06,0x07,0x00,0x00,0x00,0xCE,0x31,0x00,0x00,0x00,0x00,0x00,0x00,0x00,0xA4,0x5C,
  0x00,0x00,0x11,0x08,0x19,0xDE,0x00,0x05,0x10,0x0A,0x00,0x00,0x00,0x00,0xA4,0x5C,
  0x00,0x00,0xC5,0xFF,0xFF,0xFF,0xFF,0xFF,0xFF,0x46,0x00,0x00,0x00,0x00,0xA4,0x5C,
  0x00,0x00,0xBC,0x38,0x00,0x00,0x00,0x00,0xC4,0x3A,0x00,0x00,0x00,0x00,0xA4,0x5C,
  0x00,0x00,0xB8,0x38,0x00,0x8A,0x54,0x00,0xC4,0x38,0x00,0x00,0x00,0x00,0xA4,0x5C,
  0x00,0x00,0xB8,0x38,0x00,0xC8,0x51,0x00,0xC4,0x38,0x00,0x00,0x00,0x00,0xA4,0x5C,
  0x08,0x22,0xB8,0x38,0x00,0xC6,0x34,0x00,0xC4,0x38,0x00,0x00,0x09,0x33,0xC3,0xD4,
  0xE9,0x70,0xBA,0x38,0x00,0xE6,0x0F,0x00,0xC4,0x3E,0x00,0x0E,0xF7,0xEC,0x97,0x48,
  0x08,0x00,0xC7,0x38,0x2E,0xD6,0x00,0x00,0xC4,0x51,0x00,0x00,0x3A,0x05,0x00,0x00,
  0x00,0x00,0x51,0x16,0xB1,0x71,0x78,0x10,0x24,0x12,0x00,0x00,0x00,0x00,0x00,0x00,
  0x00,0x00,0x02,0x8E,0xBF,0x09,0x87,0xDD,0x35,0x00,0x00,0x00,0x00,0x00,0x00,0x00,
  0x00,0x2E,0xBE,0xB8,0x0C,0x00,0x00,0x48,0xEB,0x5F,0x00,0x00,0x00,0x00,0x00,0x00,
  0x11,0xC2,0x73,0x02,0x00,0x00,0x00,0x00,0x35,0xBE,0x08,0x00,0xF8,0xFF,0xFF,0xFF,
  0xFF,0x80,0xF0,0xFF,0xFF,0xFF,0xFF,0xFF,0xFF,0xCC,0x00,0x00,0x00,0x00,0x00,0x31,
  0xCF,0x1D,0x14,0x08,0x02,0x8D,0x62,0x06,0x0C,0x13,0x00,0x00,0x00,0x58,0x1E,0xCE,
  0x24,0x00,0x00,0x00,0x0C,0xD7,0x08,0x00,0x00,0x00,0x00,0x00,0x00,0x5B,0xEA,0x8B,
  0x00,0x00,0x25,0xEA,0xFE,0xFF,0xFF,0xFF,0xFF,0x0E,0x00,0x0A,0x0D,0x03,0x20,0xBB,
  0x13,0x14,0x3D,0xC8,0x00,0x00,0x00,0x00,0xE8,0x0C,0x00,0x58,0xFF,0xFF,0xFF,0xFF,
  0xFF,0xFE,0x4D,0xC8,0x00,0x84,0x48,0x00,0xE8,0x0C,0x00,0x09,0x0C,0x03,0x74,0x80,
  0x32,0xB6,0x28,0xC8,0x00,0xBE,0x49,0x00,0xE8,0x0C,0x00,0x00,0x00,0x00,0x74,0x80,
  0x6A,0x47,0x28,0xC8,0x00,0xB8,0x44,0x00,0xE8,0x0C,0x00,0x00,0x00,0x00,0x74,0x80,
  0x00,0x00,0x29,0xC8,0x00,0xBC,0x36,0x00,0xE8,0x0C,0x00,0x00,0x00,0x00,0x74,0x80,
  0x00,0x00,0x2D,0xC8,0x00,0xDB,0x17,0x00,0xE8,0x0E,0x00,0x00,0x00,0x00,0x74,0x80,
  0x00,0x00,0x12,0x47,0x33,0xDC,0x5C,0x87,0x26,0x02,0x00,0x00,0x00,0x00,0x79,0x7E,
  0x00,0x00,0x00,0x1C,0xD8,0x69,0x06,0x8C,0xCA,0x1E,0x00,0x00,0x2B,0x95,0xE2,0x57,
  0x00,0x48,0x95,0xF2,0x7D,0x00,0x00,0x00,0x53,0xE1,0x1A,0x00,0x07,0x7E,0x47,0x01,
  0x00,0x74,0xA8,0x2D,0x00,0x00,0x00,0x00,0x00,0x2D,0x00,0x00,0x00,0x5D,0xFF,0xFF,
  0xFF,0xFF,0xFF,0xFF,0xFF,0xFF,0xFF,0xFB,0x08,0x00,0x00,0x00,0x00,0x3C,0xCF,0x00,
  0x00,0x00,0x00,0x00,0x1D,0x09,0x22,0xDA,0x00,0x00,0x00,0x00,0x00,0x28,0xDF,0x37,
  0x61,0x00,0x00,0x00,0xA5,0xAE,0x36,0xC5,0x00,0x00,0x00,0x00,0x00,0x1A,0xE8,0x18,
  0xDA,0x46,0x00,0x17,0xEB,0x15,0x46,0xB5,0x00,0x00,0x00,0x00,0x00,0x18,0xEE,0x00,
  0x26,0xDF,0x2D,0x96,0x7F,0x00,0x51,0xAA,0x00,0x00,0x00,0x00,0x00,0x1A,0xEA,0x00,
  0x00,0x44,0xE1,0xDE,0x0B,0x00,0x58,0xA4,0x00,0x00,0x00,0x00,0x00,0x24,0xE3,0x00,
  0x00,0x04,0xD5,0xC8,0x04,0x00,0x58,0xA1,0x00,0x00,0x00,0x00,0x00,0x32,0xD4,0x00,
  0x00,0x8A,0xAC,0xB1,0x91,0x00,0x52,0xA4,0x00,0x00,0x00,0x00,0x00,0x52,0xB1,0x00,
  0x4C,0xE2,0x12,0x13,0xE4,0x58,0x42,0xB6,0x00,0x00,0x00,0x00,0x00,0x94,0x76,0x32,
  0xEE,0x3D,0x00,0x00,0x43,0xF0,0x4B,0xD1,0x00,0x00,0x00,0x00,0x10,0xEA,0x3C,0xEB,
  0x68,0x00,0x00,0x00,0x00,0x82,0x48,0xF1,0x10,0x4C,0x18,0x00,0x9B,0xB0,0x00,0x2A,
  0x00,0x00,0x00,0x00,0x00,0x00,0x00,0xAB,0x71,0xD7,0x3E,0x29,0xE1,0x24,0x00,0x00,
  0x00,0x00,0x00,0x00,0x00,0x00,0x00,0x30,0xF8,0xD6,0x01,0x00,0x06,0x00,0x00,0x00,
  0x00,0x00,0x00,0x00,0x00,0x00,0x00,0x00,0x24,0x18,0x00,0x00,0x00,0x00,0x00,0x00,
  0x00,0x2E,0xD4,0x09,0x00,0x00,0x00,0x00,0x00,0x00,0x00,0x00,0x1C,0x14,0x0A,0x05,
  0x01,0x02,0xD5,0x58,0x00,0x00,0x04,0x0A,0x13,0x1B,0x00,0x00,0xD8,0xFF,0xFF,0xFF,
  0xFF,0xFF,0xFF,0xFF,0xFF,0xFF,0xFF,0xFF,0xFF,0xD4,0x00,0x00,0x1C,0x14,0x26,0xFF,
  0xFF,0xFF,0xFF,0xFF,0xFF,0xFF,0xF9,0x10,0x18,0x1C,0x00,0x00,0x00,0x00,0x12,0xD8,
  0x00,0x00,0x00,0x00,0x00,0x08,0xEC,0x00,0x00,0x00,0x00,0x00,0x00,0x00,0x1D,0xFF,
  0xFF,0xFF,0xFF,0xFF,0xFF,0xFF,0xF0,0x00,0x00,0x00,0x00,0x00,0x00,0x19,0x0C,0x04,
  0x00,0x00,0x00,0x00,0x00,0x00,0x00,0x00,0x00,0x00,0x00,0x00,0x00,0xF7,0xFF,0xFF,
  0xFF,0xFF,0xFF,0xFF,0xFC,0xF6,0xEE,0xDC,0xB8,0x10,0x00,0x00,0x00,0xE9,0x20,0x00,
  0x00,0x00,0x00,0x00,0x00,0x00,0x00,0x0C,0xFF,0x07,0x00,0x00,0x00,0xE4,0x20,0x32,
  0xFF,0xFF,0xFF,0xFF,0xFF,0xFF,0x1F,0x0C,0xFE,0x00,0x00,0x00,0x00,0xE4,0x20,0x2A,
  0xC8,0x00,0x00,0x00,0x00,0xD4,0x1C,0x0C,0xFC,0x00,0x00,0x00,0x00,0xE4,0x20,0x34,
  0xFF,0xFF,0xFF,0xFF,0xFF,0xFF,0x22,0x0C,0xFC,0x00,0x00,0x00,0x00,0xEB,0x20,0x00,
  0x00,0x00,0x00,0x00,0x00,0x00,0x00,0x0C,0xFC,0x00,0x00,0x00,0x04,0xFC,0x20,0x00,
  0x00,0x00,0x00,0x00,0x00,0x03,0x30,0x55,0xF5,0x00,0x00,0x00,0x06,0x48,0x09,0x00,
  0x00,0x00,0x00,0x00,0x00,0x00,0xC1,0xE5,0x83,0x00,0x00,0x00,0x00,0x00,0x00,0x00,
  0x00,0x00,0x00,0x05,0xBC,0x38,0x00,0x00,0x00,0x00,0x00,0x00,0x84,0xFF,0xFF,0xFF,
  0x97,0x00,0xE1,0xFF,0xF4,0xDA,0xF2,0xFF,0xC1,0x00,0x00,0x00,0x7C,0x90,0x28,0x86,
  0x83,0x00,0xD3,0x20,0x01,0x00,0x00,0x4A,0xAB,0x00,0x00,0x00,0x7C,0x7C,0x00,0x70,
  0x80,0x00,0xD0,0x20,0xB0,0x51,0x00,0x56,0x92,0x00,0x00,0x00,0x7C,0x7C,0x00,0x70,
  0x80,0x00,0xD0,0x20,0x0C,0xAE,0x5A,0x6D,0x76,0x00,0x00,0x00,0x7C,0x7C,0x00,0x70,
  0x80,0x00,0xD0,0x20,0x00,0x02,0x10,0xB0,0x4A,0x00,0x00,0x00,0x7C,0x7C,0x00,0x70,
  0x80,0x00,0xD0,0x20,0x00,0xA3,0xDD,0x8F,0x03,0x00,0x00,0x00,0x7C,0x7C,0x00,0x70,
  0x80,0x00,0xD0,0x20,0x00,0x00,0x00,0x02,0x0C,0x11,0x00,0x00,0x7C,0x7C,0x00,0x70,
  0x80,0x00,0xD8,0xFF,0xFF,0xFF,0xFF,0xFF,0xFF,0x8E,0x00,0x00,0x7C,0xFF,0xFF,0xFF,
  0x81,0x18,0x2F,0x12,0x04,0x05,0x12,0x14,0x7A,0x80,0x00,0x00,0x83,0x7C,0x00,0x70,
  0x8B,0xBC,0xFF,0xFF,0xFF,0xFF,0xFF,0x8C,0x85,0x6D,0x00,0x00,0x73,0x60,0x00,0x36,
  0x4A,0x17,0x0D,0x02,0x00,0x04,0x11,0x12,0x99,0x59,0x00,0x00,0x00,0x00,0x00,0x00,
  0x00,0x00,0x00,0x00,0x00,0x1C,0x1B,0x31,0xDF,0x33,0x00,0x00,0x00,0x00,0x00,0x00,
  0x00,0x00,0x00,0x00,0x00,0x71,0xFB,0xE9,0x92,0x01,0x00,0x08,0x46,0x6F,0x6E,0x74,
  0x43,0x4E,0x31,0x36,0x08,0x46,0x6F,0x6E,0x74,0x43,0x4E,0x31,0x36,0x01,
};
